ISO-10303-21;
HEADER;
/* Generated by software containing ST-Developer
 * from STEP Tools, Inc. (www.steptools.com) 
 */
/* OPTION: using custom renumber hook */

FILE_DESCRIPTION(
/* description */ ('STEP AP242 Edition 2',
'CAx-IF Rec.Pracs.---Representation and Presentation of Product Manufa
cturing Information (PMI)---4.0---2014-10-13',
'CAx-IF Rec.Pracs.---3D Tessellated Geometry---0.4---2014-09-14','2;1',
'CAx-IF Rec.Pracs.---User Defined Attributes---1.5---2016-08-15'),
/* implementation_level */ '2;1');

FILE_NAME(
/* name */ 'FINGER PAD_t20 - FINGER PAD_t20',
/* time_stamp */ '2026-09-20T15:02:08Z',
/* author */ (''),
/* organization */ (''),
/* preprocessor_version */ 'ST-DEVELOPER v20',
/* originating_system */ 'ONSHAPE BY PTC INC, 1.221',
/* authorisation */ '  ');

FILE_SCHEMA (('AP242_MANAGED_MODEL_BASED_3D_ENGINEERING_MIM_LF { 1 0 10303 442 3 1 4 }'));
ENDSEC;

DATA;
#10=SHAPE_REPRESENTATION_RELATIONSHIP('','',#1342,#11);
#11=ADVANCED_BREP_SHAPE_REPRESENTATION('',(#1340),#2658);
#12=SPHERICAL_SURFACE('',#1368,0.0387776500628973);
#13=B_SPLINE_SURFACE_WITH_KNOTS('',3,3,((#1958,#1959,#1960,#1961,#1962,
#1963,#1964,#1965,#1966,#1967),(#1968,#1969,#1970,#1971,#1972,#1973,#1974,
#1975,#1976,#1977),(#1978,#1979,#1980,#1981,#1982,#1983,#1984,#1985,#1986,
#1987),(#1988,#1989,#1990,#1991,#1992,#1993,#1994,#1995,#1996,#1997),(#1998,
#1999,#2000,#2001,#2002,#2003,#2004,#2005,#2006,#2007),(#2008,#2009,#2010,
#2011,#2012,#2013,#2014,#2015,#2016,#2017),(#2018,#2019,#2020,#2021,#2022,
#2023,#2024,#2025,#2026,#2027),(#2028,#2029,#2030,#2031,#2032,#2033,#2034,
#2035,#2036,#2037),(#2038,#2039,#2040,#2041,#2042,#2043,#2044,#2045,#2046,
#2047),(#2048,#2049,#2050,#2051,#2052,#2053,#2054,#2055,#2056,#2057),(#2058,
#2059,#2060,#2061,#2062,#2063,#2064,#2065,#2066,#2067),(#2068,#2069,#2070,
#2071,#2072,#2073,#2074,#2075,#2076,#2077),(#2078,#2079,#2080,#2081,#2082,
#2083,#2084,#2085,#2086,#2087),(#2088,#2089,#2090,#2091,#2092,#2093,#2094,
#2095,#2096,#2097)),.UNSPECIFIED.,.F.,.F.,.F.,(4,2,2,2,2,2,4),(4,2,2,2,
4),(-0.504210169465638,-0.205191010588328,-0.0556814311496726,0.0938281482889824,
0.243337727727638,0.392847307166292,0.691866466043603),(-0.404879114483737,
-0.177366507944171,0.0501460985953956,0.277658705134962,0.505171311674529),
 .UNSPECIFIED.);
#14=B_SPLINE_SURFACE_WITH_KNOTS('',3,3,((#2252,#2253,#2254,#2255,#2256,
#2257,#2258,#2259,#2260,#2261),(#2262,#2263,#2264,#2265,#2266,#2267,#2268,
#2269,#2270,#2271),(#2272,#2273,#2274,#2275,#2276,#2277,#2278,#2279,#2280,
#2281),(#2282,#2283,#2284,#2285,#2286,#2287,#2288,#2289,#2290,#2291),(#2292,
#2293,#2294,#2295,#2296,#2297,#2298,#2299,#2300,#2301),(#2302,#2303,#2304,
#2305,#2306,#2307,#2308,#2309,#2310,#2311),(#2312,#2313,#2314,#2315,#2316,
#2317,#2318,#2319,#2320,#2321),(#2322,#2323,#2324,#2325,#2326,#2327,#2328,
#2329,#2330,#2331),(#2332,#2333,#2334,#2335,#2336,#2337,#2338,#2339,#2340,
#2341),(#2342,#2343,#2344,#2345,#2346,#2347,#2348,#2349,#2350,#2351),(#2352,
#2353,#2354,#2355,#2356,#2357,#2358,#2359,#2360,#2361),(#2362,#2363,#2364,
#2365,#2366,#2367,#2368,#2369,#2370,#2371),(#2372,#2373,#2374,#2375,#2376,
#2377,#2378,#2379,#2380,#2381),(#2382,#2383,#2384,#2385,#2386,#2387,#2388,
#2389,#2390,#2391),(#2392,#2393,#2394,#2395,#2396,#2397,#2398,#2399,#2400,
#2401),(#2402,#2403,#2404,#2405,#2406,#2407,#2408,#2409,#2410,#2411)),
 .UNSPECIFIED.,.F.,.F.,.F.,(4,2,2,2,2,2,2,4),(4,2,2,2,4),(-0.50421620965624,
-0.20221280032441,-0.0512110956584955,0.0997906090074194,0.250792313673334,
0.401794018339249,0.552795723005164,0.703797427671079),(-0.404836468534878,
-0.177334341808035,0.0501677849188075,0.27766991164565,0.505172038372493),
 .UNSPECIFIED.);
#15=CONICAL_SURFACE('',#1359,0.000454751630234848,0.868987947391381);
#16=CONICAL_SURFACE('',#1377,0.,0.785398163397);
#17=CONICAL_SURFACE('',#1381,0.,0.785398163397);
#18=CONICAL_SURFACE('',#1396,0.,0.785398163397);
#19=CONICAL_SURFACE('',#1402,0.000454757281044645,0.868950737381191);
#20=CONICAL_SURFACE('',#1403,0.,0.785398163397);
#21=CONICAL_SURFACE('',#1405,0.,0.785398163397);
#22=CONICAL_SURFACE('',#1409,0.,0.785398163397);
#23=CONICAL_SURFACE('',#1412,0.,0.785398163397);
#24=CONICAL_SURFACE('',#1414,0.,0.785398163397);
#25=CONICAL_SURFACE('',#1422,0.,0.785398163397);
#26=CONICAL_SURFACE('',#1446,0.,0.785398163397);
#27=CONICAL_SURFACE('',#1459,0.0023,0.523598775598299);
#28=CONICAL_SURFACE('',#1462,0.0023,0.523598775598299);
#29=ELLIPSE('',#1355,0.000511798556970669,0.000506723262323231);
#30=ELLIPSE('',#1356,0.000511823862736921,0.000506743730145269);
#31=ELLIPSE('',#1362,0.00769959244127928,0.00449401296390115);
#32=ELLIPSE('',#1363,0.0313575317488925,0.0241013507528429);
#33=ELLIPSE('',#1370,0.0313575317400699,0.0241013507383717);
#34=ELLIPSE('',#1371,0.00769994726363004,0.00449425105569388);
#35=ELLIPSE('',#1425,0.00282842712474615,0.002);
#36=ELLIPSE('',#1429,0.00282842712474615,0.002);
#37=ELLIPSE('',#1442,0.00282842712474623,0.002);
#38=ELLIPSE('',#1450,0.00282842712474623,0.002);
#39=B_SPLINE_CURVE_WITH_KNOTS('',3,(#1844,#1845,#1846,#1847),
 .UNSPECIFIED.,.F.,.F.,(4,4),(4.84139741472852E-5,0.707091825481769),
 .UNSPECIFIED.);
#40=B_SPLINE_CURVE_WITH_KNOTS('',3,(#1869,#1870,#1871,#1872),
 .UNSPECIFIED.,.F.,.F.,(4,4),(7.05625174515057E-6,0.000682846677778543),
 .UNSPECIFIED.);
#41=B_SPLINE_CURVE_WITH_KNOTS('',3,(#1876,#1877,#1878,#1879),
 .UNSPECIFIED.,.F.,.F.,(4,4),(1.25261068740932E-14,0.000675790530811372),
 .UNSPECIFIED.);
#42=B_SPLINE_CURVE_WITH_KNOTS('',3,(#1883,#1884,#1885,#1886),
 .UNSPECIFIED.,.F.,.F.,(4,4),(-0.514665584102877,0.514671031466),
 .UNSPECIFIED.);
#43=B_SPLINE_CURVE_WITH_KNOTS('',3,(#1890,#1891,#1892,#1893),
 .UNSPECIFIED.,.F.,.F.,(4,4),(0.,0.754672136723652),.UNSPECIFIED.);
#44=B_SPLINE_CURVE_WITH_KNOTS('',3,(#1895,#1896,#1897,#1898),
 .UNSPECIFIED.,.F.,.F.,(4,4),(0.,0.000306839454429534),.UNSPECIFIED.);
#45=B_SPLINE_CURVE_WITH_KNOTS('',3,(#1900,#1901,#1902,#1903),
 .UNSPECIFIED.,.F.,.F.,(4,4),(0.,1.),.UNSPECIFIED.);
#46=B_SPLINE_CURVE_WITH_KNOTS('',3,(#1921,#1922,#1923,#1924),
 .UNSPECIFIED.,.F.,.F.,(4,4),(0.,1.),.UNSPECIFIED.);
#47=B_SPLINE_CURVE_WITH_KNOTS('',3,(#1928,#1929,#1930,#1931),
 .UNSPECIFIED.,.F.,.F.,(4,4),(3.85499874347,4.28400232991),
 .UNSPECIFIED.);
#48=B_SPLINE_CURVE_WITH_KNOTS('',3,(#1933,#1934,#1935,#1936),
 .UNSPECIFIED.,.F.,.F.,(4,4),(-4.36072003377183,4.04240034388),
 .UNSPECIFIED.);
#49=B_SPLINE_CURVE_WITH_KNOTS('',3,(#1954,#1955,#1956,#1957),
 .UNSPECIFIED.,.F.,.F.,(4,4),(-0.364079955633,0.364079955633),
 .UNSPECIFIED.);
#50=B_SPLINE_CURVE_WITH_KNOTS('',3,(#2098,#2099,#2100,#2101),
 .UNSPECIFIED.,.F.,.F.,(4,4),(0.,1.),.UNSPECIFIED.);
#51=B_SPLINE_CURVE_WITH_KNOTS('',3,(#2103,#2104,#2105,#2106,#2107,#2108,
#2109,#2110,#2111,#2112,#2113),.UNSPECIFIED.,.F.,.F.,(4,1,1,1,1,1,1,1,4),
(0.,0.0625,0.125,0.25,0.375,0.5,0.625,0.75,1.),.UNSPECIFIED.);
#52=B_SPLINE_CURVE_WITH_KNOTS('',3,(#2115,#2116,#2117,#2118),
 .UNSPECIFIED.,.F.,.F.,(4,4),(2.73498287893503E-16,0.00336625414020654),
 .UNSPECIFIED.);
#53=B_SPLINE_CURVE_WITH_KNOTS('',3,(#2120,#2121,#2122,#2123),
 .UNSPECIFIED.,.F.,.F.,(4,4),(0.,1.),.UNSPECIFIED.);
#54=B_SPLINE_CURVE_WITH_KNOTS('',3,(#2125,#2126,#2127,#2128),
 .UNSPECIFIED.,.F.,.F.,(4,4),(3.85499874347,4.28400211201592),
 .UNSPECIFIED.);
#55=B_SPLINE_CURVE_WITH_KNOTS('',3,(#2130,#2131,#2132,#2133),
 .UNSPECIFIED.,.F.,.F.,(4,4),(0.,1.),.UNSPECIFIED.);
#56=B_SPLINE_CURVE_WITH_KNOTS('',3,(#2138,#2139,#2140,#2141),
 .UNSPECIFIED.,.F.,.F.,(4,4),(0.,1.),.UNSPECIFIED.);
#57=B_SPLINE_CURVE_WITH_KNOTS('',3,(#2160,#2161,#2162,#2163,#2164,#2165,
#2166,#2167,#2168),.UNSPECIFIED.,.F.,.F.,(4,1,1,1,1,1,4),(0.,0.25,0.375,
0.5,0.75,0.875,1.),.UNSPECIFIED.);
#58=B_SPLINE_CURVE_WITH_KNOTS('',3,(#2170,#2171,#2172,#2173),
 .UNSPECIFIED.,.F.,.F.,(4,4),(8.0533523084146E-5,17.40357459998),
 .UNSPECIFIED.);
#59=B_SPLINE_CURVE_WITH_KNOTS('',3,(#2175,#2176,#2177,#2178),
 .UNSPECIFIED.,.F.,.F.,(4,4),(2.73279518397442E-16,0.00336626771443612),
 .UNSPECIFIED.);
#60=B_SPLINE_CURVE_WITH_KNOTS('',3,(#2180,#2181,#2182,#2183),
 .UNSPECIFIED.,.F.,.F.,(4,4),(0.,0.000234110811575748),.UNSPECIFIED.);
#61=B_SPLINE_CURVE_WITH_KNOTS('',3,(#2193,#2194,#2195,#2196),
 .UNSPECIFIED.,.F.,.F.,(4,4),(0.,0.707106781148715),.UNSPECIFIED.);
#62=B_SPLINE_CURVE_WITH_KNOTS('',3,(#2198,#2199,#2200,#2201),
 .UNSPECIFIED.,.F.,.F.,(4,4),(0.,1.),.UNSPECIFIED.);
#63=B_SPLINE_CURVE_WITH_KNOTS('',3,(#2202,#2203,#2204,#2205),
 .UNSPECIFIED.,.F.,.F.,(4,4),(0.,0.000307168838085112),.UNSPECIFIED.);
#64=B_SPLINE_CURVE_WITH_KNOTS('',3,(#2206,#2207,#2208,#2209),
 .UNSPECIFIED.,.F.,.F.,(4,4),(0.,0.999994916914982),.UNSPECIFIED.);
#65=B_SPLINE_CURVE_WITH_KNOTS('',3,(#2211,#2212,#2213,#2214),
 .UNSPECIFIED.,.F.,.F.,(4,4),(0.,1.),.UNSPECIFIED.);
#66=B_SPLINE_CURVE_WITH_KNOTS('',3,(#2215,#2216,#2217,#2218),
 .UNSPECIFIED.,.F.,.F.,(4,4),(1.03628414906002E-9,0.000358608327166923),
 .UNSPECIFIED.);
#67=B_SPLINE_CURVE_WITH_KNOTS('',3,(#2220,#2221,#2222,#2223),
 .UNSPECIFIED.,.F.,.F.,(4,4),(0.,1.),.UNSPECIFIED.);
#68=B_SPLINE_CURVE_WITH_KNOTS('',3,(#2248,#2249,#2250,#2251),
 .UNSPECIFIED.,.F.,.F.,(4,4),(0.,1.),.UNSPECIFIED.);
#69=B_SPLINE_CURVE_WITH_KNOTS('',3,(#2412,#2413,#2414,#2415),
 .UNSPECIFIED.,.F.,.F.,(4,4),(6.48599711398962E-7,1.),.UNSPECIFIED.);
#70=B_SPLINE_CURVE_WITH_KNOTS('',3,(#2421,#2422,#2423,#2424),
 .UNSPECIFIED.,.F.,.F.,(4,4),(-0.421212430615,0.421212430615),
 .UNSPECIFIED.);
#71=B_SPLINE_CURVE_WITH_KNOTS('',3,(#2432,#2433,#2434,#2435),
 .UNSPECIFIED.,.F.,.F.,(4,4),(0.,2.2988304784),.UNSPECIFIED.);
#72=B_SPLINE_CURVE_WITH_KNOTS('',3,(#2437,#2438,#2439,#2440),
 .UNSPECIFIED.,.F.,.F.,(4,4),(0.,2.85037020021899E-6),.UNSPECIFIED.);
#73=B_SPLINE_CURVE_WITH_KNOTS('',3,(#2442,#2443,#2444,#2445),
 .UNSPECIFIED.,.F.,.F.,(4,4),(0.,8.74136980452528E-6),.UNSPECIFIED.);
#74=B_SPLINE_CURVE_WITH_KNOTS('',3,(#2447,#2448,#2449,#2450),
 .UNSPECIFIED.,.F.,.F.,(4,4),(0.,0.000307170572930635),.UNSPECIFIED.);
#75=B_SPLINE_CURVE_WITH_KNOTS('',3,(#2453,#2454,#2455,#2456),
 .UNSPECIFIED.,.F.,.F.,(4,4),(0.,0.754672136723652),.UNSPECIFIED.);
#76=B_SPLINE_CURVE_WITH_KNOTS('',3,(#2458,#2459,#2460,#2461),
 .UNSPECIFIED.,.F.,.F.,(4,4),(0.,0.000306835719979717),.UNSPECIFIED.);
#77=B_SPLINE_CURVE_WITH_KNOTS('',3,(#2473,#2474,#2475,#2476),
 .UNSPECIFIED.,.F.,.F.,(4,4),(0.,8.7414581046582E-6),.UNSPECIFIED.);
#78=B_SPLINE_CURVE_WITH_KNOTS('',3,(#2478,#2479,#2480,#2481),
 .UNSPECIFIED.,.F.,.F.,(4,4),(0.,2.85043515013239E-6),.UNSPECIFIED.);
#79=B_SPLINE_CURVE_WITH_KNOTS('',3,(#2483,#2484,#2485,#2486),
 .UNSPECIFIED.,.F.,.F.,(4,4),(0.,2.29883047842),.UNSPECIFIED.);
#80=B_SPLINE_CURVE_WITH_KNOTS('',3,(#2500,#2501,#2502,#2503),
 .UNSPECIFIED.,.F.,.F.,(4,4),(0.,0.707106781148715),.UNSPECIFIED.);
#81=B_SPLINE_CURVE_WITH_KNOTS('',3,(#2540,#2541,#2542,#2543),
 .UNSPECIFIED.,.F.,.F.,(4,4),(-0.608617376482,0.608617376482),
 .UNSPECIFIED.);
#82=B_SPLINE_CURVE_WITH_KNOTS('',3,(#2545,#2546,#2547,#2548),
 .UNSPECIFIED.,.F.,.F.,(4,4),(0.,0.776268517411782),.UNSPECIFIED.);
#83=B_SPLINE_CURVE_WITH_KNOTS('',3,(#2550,#2551,#2552,#2553),
 .UNSPECIFIED.,.F.,.F.,(4,4),(0.,0.465513279971163),.UNSPECIFIED.);
#84=B_SPLINE_CURVE_WITH_KNOTS('',3,(#2614,#2615,#2616,#2617),
 .UNSPECIFIED.,.F.,.F.,(4,4),(-0.608617376482,0.608617376482),
 .UNSPECIFIED.);
#85=B_SPLINE_CURVE_WITH_KNOTS('',3,(#2621,#2622,#2623,#2624),
 .UNSPECIFIED.,.F.,.F.,(4,4),(0.,0.465513279971163),.UNSPECIFIED.);
#86=B_SPLINE_CURVE_WITH_KNOTS('',3,(#2632,#2633,#2634,#2635),
 .UNSPECIFIED.,.F.,.F.,(4,4),(0.,0.776268517411782),.UNSPECIFIED.);
#87=PLANE('',#1353);
#88=PLANE('',#1354);
#89=PLANE('',#1357);
#90=PLANE('',#1358);
#91=PLANE('',#1360);
#92=PLANE('',#1361);
#93=PLANE('',#1365);
#94=PLANE('',#1366);
#95=PLANE('',#1369);
#96=PLANE('',#1372);
#97=PLANE('',#1384);
#98=PLANE('',#1385);
#99=PLANE('',#1392);
#100=PLANE('',#1393);
#101=PLANE('',#1394);
#102=PLANE('',#1395);
#103=PLANE('',#1401);
#104=PLANE('',#1411);
#105=PLANE('',#1417);
#106=PLANE('',#1418);
#107=PLANE('',#1419);
#108=PLANE('',#1423);
#109=PLANE('',#1424);
#110=PLANE('',#1426);
#111=PLANE('',#1430);
#112=PLANE('',#1433);
#113=PLANE('',#1434);
#114=PLANE('',#1435);
#115=PLANE('',#1436);
#116=PLANE('',#1438);
#117=PLANE('',#1439);
#118=PLANE('',#1440);
#119=PLANE('',#1441);
#120=PLANE('',#1443);
#121=PLANE('',#1447);
#122=PLANE('',#1448);
#123=PLANE('',#1451);
#124=PLANE('',#1452);
#125=PLANE('',#1453);
#126=PLANE('',#1454);
#127=PLANE('',#1455);
#128=PLANE('',#1456);
#129=PLANE('',#1457);
#130=PLANE('',#1458);
#131=PLANE('',#1465);
#132=PLANE('',#1466);
#133=LINE('',#1829,#232);
#134=LINE('',#1833,#233);
#135=LINE('',#1835,#234);
#136=LINE('',#1838,#235);
#137=LINE('',#1840,#236);
#138=LINE('',#1842,#237);
#139=LINE('',#1849,#238);
#140=LINE('',#1852,#239);
#141=LINE('',#1854,#240);
#142=LINE('',#1856,#241);
#143=LINE('',#1859,#242);
#144=LINE('',#1861,#243);
#145=LINE('',#1863,#244);
#146=LINE('',#1867,#245);
#147=LINE('',#1874,#246);
#148=LINE('',#1881,#247);
#149=LINE('',#1888,#248);
#150=LINE('',#1905,#249);
#151=LINE('',#1908,#250);
#152=LINE('',#1909,#251);
#153=LINE('',#1911,#252);
#154=LINE('',#1915,#253);
#155=LINE('',#1917,#254);
#156=LINE('',#1919,#255);
#157=LINE('',#1938,#256);
#158=LINE('',#1940,#257);
#159=LINE('',#1942,#258);
#160=LINE('',#1944,#259);
#161=LINE('',#1946,#260);
#162=LINE('',#1948,#261);
#163=LINE('',#1950,#262);
#164=LINE('',#1952,#263);
#165=LINE('',#2143,#264);
#166=LINE('',#2144,#265);
#167=LINE('',#2148,#266);
#168=LINE('',#2150,#267);
#169=LINE('',#2152,#268);
#170=LINE('',#2154,#269);
#171=LINE('',#2156,#270);
#172=LINE('',#2158,#271);
#173=LINE('',#2187,#272);
#174=LINE('',#2229,#273);
#175=LINE('',#2231,#274);
#176=LINE('',#2233,#275);
#177=LINE('',#2235,#276);
#178=LINE('',#2237,#277);
#179=LINE('',#2239,#278);
#180=LINE('',#2241,#279);
#181=LINE('',#2418,#280);
#182=LINE('',#2428,#281);
#183=LINE('',#2465,#282);
#184=LINE('',#2470,#283);
#185=LINE('',#2488,#284);
#186=LINE('',#2490,#285);
#187=LINE('',#2494,#286);
#188=LINE('',#2496,#287);
#189=LINE('',#2498,#288);
#190=LINE('',#2509,#289);
#191=LINE('',#2511,#290);
#192=LINE('',#2514,#291);
#193=LINE('',#2516,#292);
#194=LINE('',#2518,#293);
#195=LINE('',#2520,#294);
#196=LINE('',#2522,#295);
#197=LINE('',#2525,#296);
#198=LINE('',#2527,#297);
#199=LINE('',#2529,#298);
#200=LINE('',#2531,#299);
#201=LINE('',#2533,#300);
#202=LINE('',#2536,#301);
#203=LINE('',#2557,#302);
#204=LINE('',#2559,#303);
#205=LINE('',#2563,#304);
#206=LINE('',#2564,#305);
#207=LINE('',#2568,#306);
#208=LINE('',#2574,#307);
#209=LINE('',#2577,#308);
#210=LINE('',#2578,#309);
#211=LINE('',#2580,#310);
#212=LINE('',#2582,#311);
#213=LINE('',#2584,#312);
#214=LINE('',#2586,#313);
#215=LINE('',#2588,#314);
#216=LINE('',#2591,#315);
#217=LINE('',#2592,#316);
#218=LINE('',#2595,#317);
#219=LINE('',#2597,#318);
#220=LINE('',#2599,#319);
#221=LINE('',#2601,#320);
#222=LINE('',#2605,#321);
#223=LINE('',#2607,#322);
#224=LINE('',#2610,#323);
#225=LINE('',#2619,#324);
#226=LINE('',#2626,#325);
#227=LINE('',#2628,#326);
#228=LINE('',#2638,#327);
#229=LINE('',#2640,#328);
#230=LINE('',#2642,#329);
#231=LINE('',#2644,#330);
#232=VECTOR('',#1485,1.);
#233=VECTOR('',#1488,1.);
#234=VECTOR('',#1491,1.);
#235=VECTOR('',#1492,1.);
#236=VECTOR('',#1493,1.);
#237=VECTOR('',#1494,1.);
#238=VECTOR('',#1497,1.);
#239=VECTOR('',#1498,1.);
#240=VECTOR('',#1499,1.);
#241=VECTOR('',#1500,1.);
#242=VECTOR('',#1503,1.);
#243=VECTOR('',#1504,1.);
#244=VECTOR('',#1505,1.);
#245=VECTOR('',#1510,1.);
#246=VECTOR('',#1511,1.);
#247=VECTOR('',#1512,1.);
#248=VECTOR('',#1515,1.);
#249=VECTOR('',#1520,1.);
#250=VECTOR('',#1521,1.);
#251=VECTOR('',#1522,1.);
#252=VECTOR('',#1525,1.);
#253=VECTOR('',#1528,1.);
#254=VECTOR('',#1529,1.);
#255=VECTOR('',#1530,1.);
#256=VECTOR('',#1537,1.);
#257=VECTOR('',#1538,1.);
#258=VECTOR('',#1539,1.);
#259=VECTOR('',#1540,1.);
#260=VECTOR('',#1541,1.);
#261=VECTOR('',#1542,1.);
#262=VECTOR('',#1543,1.);
#263=VECTOR('',#1546,1.);
#264=VECTOR('',#1555,1.);
#265=VECTOR('',#1556,1.);
#266=VECTOR('',#1559,1.);
#267=VECTOR('',#1560,1.);
#268=VECTOR('',#1563,1.);
#269=VECTOR('',#1564,1.);
#270=VECTOR('',#1565,1.);
#271=VECTOR('',#1568,1.);
#272=VECTOR('',#1573,1.);
#273=VECTOR('',#1590,1.);
#274=VECTOR('',#1593,1.);
#275=VECTOR('',#1594,1.);
#276=VECTOR('',#1595,1.);
#277=VECTOR('',#1598,1.);
#278=VECTOR('',#1599,1.);
#279=VECTOR('',#1600,1.);
#280=VECTOR('',#1617,1.);
#281=VECTOR('',#1626,1.);
#282=VECTOR('',#1641,1.);
#283=VECTOR('',#1646,1.);
#284=VECTOR('',#1651,1.);
#285=VECTOR('',#1654,1.);
#286=VECTOR('',#1657,1.);
#287=VECTOR('',#1660,1.);
#288=VECTOR('',#1661,1.);
#289=VECTOR('',#1672,1.);
#290=VECTOR('',#1675,1.);
#291=VECTOR('',#1676,1.);
#292=VECTOR('',#1677,1.);
#293=VECTOR('',#1678,1.);
#294=VECTOR('',#1679,1.);
#295=VECTOR('',#1682,1.);
#296=VECTOR('',#1683,1.);
#297=VECTOR('',#1684,1.);
#298=VECTOR('',#1685,1.);
#299=VECTOR('',#1686,1.);
#300=VECTOR('',#1689,1.);
#301=VECTOR('',#1692,1.);
#302=VECTOR('',#1703,1.);
#303=VECTOR('',#1706,1.);
#304=VECTOR('',#1709,1.);
#305=VECTOR('',#1710,1.);
#306=VECTOR('',#1715,1.);
#307=VECTOR('',#1722,1.);
#308=VECTOR('',#1723,1.);
#309=VECTOR('',#1724,1.);
#310=VECTOR('',#1727,1.);
#311=VECTOR('',#1730,1.);
#312=VECTOR('',#1731,1.);
#313=VECTOR('',#1734,1.);
#314=VECTOR('',#1737,1.);
#315=VECTOR('',#1738,1.);
#316=VECTOR('',#1739,1.);
#317=VECTOR('',#1744,1.);
#318=VECTOR('',#1747,1.);
#319=VECTOR('',#1748,1.);
#320=VECTOR('',#1751,1.);
#321=VECTOR('',#1756,1.);
#322=VECTOR('',#1759,1.);
#323=VECTOR('',#1762,1.);
#324=VECTOR('',#1769,1.);
#325=VECTOR('',#1772,1.);
#326=VECTOR('',#1773,1.);
#327=VECTOR('',#1784,1.);
#328=VECTOR('',#1787,1.);
#329=VECTOR('',#1790,1.);
#330=VECTOR('',#1793,1.);
#331=ORIENTED_EDGE('',*,*,#709,.F.);
#332=ORIENTED_EDGE('',*,*,#710,.T.);
#333=ORIENTED_EDGE('',*,*,#711,.F.);
#334=ORIENTED_EDGE('',*,*,#712,.T.);
#335=ORIENTED_EDGE('',*,*,#713,.T.);
#336=ORIENTED_EDGE('',*,*,#714,.F.);
#337=ORIENTED_EDGE('',*,*,#715,.F.);
#338=ORIENTED_EDGE('',*,*,#716,.F.);
#339=ORIENTED_EDGE('',*,*,#717,.F.);
#340=ORIENTED_EDGE('',*,*,#718,.T.);
#341=ORIENTED_EDGE('',*,*,#719,.F.);
#342=ORIENTED_EDGE('',*,*,#720,.T.);
#343=ORIENTED_EDGE('',*,*,#721,.T.);
#344=ORIENTED_EDGE('',*,*,#722,.F.);
#345=ORIENTED_EDGE('',*,*,#723,.T.);
#346=ORIENTED_EDGE('',*,*,#724,.F.);
#347=ORIENTED_EDGE('',*,*,#725,.T.);
#348=ORIENTED_EDGE('',*,*,#717,.T.);
#349=ORIENTED_EDGE('',*,*,#726,.T.);
#350=ORIENTED_EDGE('',*,*,#727,.T.);
#351=ORIENTED_EDGE('',*,*,#728,.T.);
#352=ORIENTED_EDGE('',*,*,#729,.F.);
#353=ORIENTED_EDGE('',*,*,#730,.F.);
#354=ORIENTED_EDGE('',*,*,#724,.T.);
#355=ORIENTED_EDGE('',*,*,#731,.T.);
#356=ORIENTED_EDGE('',*,*,#732,.T.);
#357=ORIENTED_EDGE('',*,*,#733,.F.);
#358=ORIENTED_EDGE('',*,*,#734,.T.);
#359=ORIENTED_EDGE('',*,*,#735,.T.);
#360=ORIENTED_EDGE('',*,*,#736,.T.);
#361=ORIENTED_EDGE('',*,*,#737,.F.);
#362=ORIENTED_EDGE('',*,*,#738,.F.);
#363=ORIENTED_EDGE('',*,*,#729,.T.);
#364=ORIENTED_EDGE('',*,*,#730,.T.);
#365=ORIENTED_EDGE('',*,*,#738,.T.);
#366=ORIENTED_EDGE('',*,*,#739,.F.);
#367=ORIENTED_EDGE('',*,*,#740,.F.);
#368=ORIENTED_EDGE('',*,*,#741,.F.);
#369=ORIENTED_EDGE('',*,*,#742,.T.);
#370=ORIENTED_EDGE('',*,*,#722,.T.);
#371=ORIENTED_EDGE('',*,*,#740,.T.);
#372=ORIENTED_EDGE('',*,*,#743,.T.);
#373=ORIENTED_EDGE('',*,*,#744,.T.);
#374=ORIENTED_EDGE('',*,*,#737,.T.);
#375=ORIENTED_EDGE('',*,*,#745,.T.);
#376=ORIENTED_EDGE('',*,*,#746,.T.);
#377=ORIENTED_EDGE('',*,*,#747,.F.);
#378=ORIENTED_EDGE('',*,*,#748,.F.);
#379=ORIENTED_EDGE('',*,*,#749,.F.);
#380=ORIENTED_EDGE('',*,*,#750,.F.);
#381=ORIENTED_EDGE('',*,*,#751,.F.);
#382=ORIENTED_EDGE('',*,*,#752,.T.);
#383=ORIENTED_EDGE('',*,*,#739,.T.);
#384=ORIENTED_EDGE('',*,*,#744,.F.);
#385=ORIENTED_EDGE('',*,*,#753,.T.);
#386=ORIENTED_EDGE('',*,*,#747,.T.);
#387=ORIENTED_EDGE('',*,*,#754,.T.);
#388=ORIENTED_EDGE('',*,*,#755,.F.);
#389=ORIENTED_EDGE('',*,*,#756,.T.);
#390=ORIENTED_EDGE('',*,*,#757,.F.);
#391=ORIENTED_EDGE('',*,*,#758,.T.);
#392=ORIENTED_EDGE('',*,*,#759,.T.);
#393=ORIENTED_EDGE('',*,*,#748,.T.);
#394=ORIENTED_EDGE('',*,*,#753,.F.);
#395=ORIENTED_EDGE('',*,*,#760,.F.);
#396=ORIENTED_EDGE('',*,*,#761,.T.);
#397=ORIENTED_EDGE('',*,*,#762,.F.);
#398=ORIENTED_EDGE('',*,*,#749,.T.);
#399=ORIENTED_EDGE('',*,*,#761,.F.);
#400=ORIENTED_EDGE('',*,*,#763,.F.);
#401=ORIENTED_EDGE('',*,*,#762,.T.);
#402=ORIENTED_EDGE('',*,*,#764,.F.);
#403=ORIENTED_EDGE('',*,*,#765,.F.);
#404=ORIENTED_EDGE('',*,*,#750,.T.);
#405=ORIENTED_EDGE('',*,*,#751,.T.);
#406=ORIENTED_EDGE('',*,*,#765,.T.);
#407=ORIENTED_EDGE('',*,*,#766,.F.);
#408=ORIENTED_EDGE('',*,*,#767,.F.);
#409=ORIENTED_EDGE('',*,*,#768,.T.);
#410=ORIENTED_EDGE('',*,*,#769,.T.);
#411=ORIENTED_EDGE('',*,*,#770,.T.);
#412=ORIENTED_EDGE('',*,*,#757,.T.);
#413=ORIENTED_EDGE('',*,*,#771,.F.);
#414=ORIENTED_EDGE('',*,*,#772,.F.);
#415=ORIENTED_EDGE('',*,*,#773,.F.);
#416=ORIENTED_EDGE('',*,*,#774,.F.);
#417=ORIENTED_EDGE('',*,*,#775,.F.);
#418=ORIENTED_EDGE('',*,*,#776,.F.);
#419=ORIENTED_EDGE('',*,*,#777,.T.);
#420=ORIENTED_EDGE('',*,*,#755,.T.);
#421=ORIENTED_EDGE('',*,*,#763,.T.);
#422=ORIENTED_EDGE('',*,*,#778,.F.);
#423=ORIENTED_EDGE('',*,*,#779,.F.);
#424=ORIENTED_EDGE('',*,*,#780,.T.);
#425=ORIENTED_EDGE('',*,*,#780,.F.);
#426=ORIENTED_EDGE('',*,*,#781,.F.);
#427=ORIENTED_EDGE('',*,*,#782,.F.);
#428=ORIENTED_EDGE('',*,*,#783,.F.);
#429=ORIENTED_EDGE('',*,*,#784,.T.);
#430=ORIENTED_EDGE('',*,*,#785,.T.);
#431=ORIENTED_EDGE('',*,*,#766,.T.);
#432=ORIENTED_EDGE('',*,*,#764,.T.);
#433=ORIENTED_EDGE('',*,*,#786,.T.);
#434=ORIENTED_EDGE('',*,*,#767,.T.);
#435=ORIENTED_EDGE('',*,*,#785,.F.);
#436=ORIENTED_EDGE('',*,*,#787,.F.);
#437=ORIENTED_EDGE('',*,*,#772,.T.);
#438=ORIENTED_EDGE('',*,*,#788,.F.);
#439=ORIENTED_EDGE('',*,*,#789,.F.);
#440=ORIENTED_EDGE('',*,*,#790,.F.);
#441=ORIENTED_EDGE('',*,*,#782,.T.);
#442=ORIENTED_EDGE('',*,*,#791,.T.);
#443=ORIENTED_EDGE('',*,*,#792,.F.);
#444=ORIENTED_EDGE('',*,*,#793,.F.);
#445=ORIENTED_EDGE('',*,*,#794,.T.);
#446=ORIENTED_EDGE('',*,*,#787,.T.);
#447=ORIENTED_EDGE('',*,*,#795,.F.);
#448=ORIENTED_EDGE('',*,*,#796,.F.);
#449=ORIENTED_EDGE('',*,*,#797,.T.);
#450=ORIENTED_EDGE('',*,*,#796,.T.);
#451=ORIENTED_EDGE('',*,*,#798,.F.);
#452=ORIENTED_EDGE('',*,*,#799,.F.);
#453=ORIENTED_EDGE('',*,*,#798,.T.);
#454=ORIENTED_EDGE('',*,*,#800,.F.);
#455=ORIENTED_EDGE('',*,*,#801,.F.);
#456=ORIENTED_EDGE('',*,*,#802,.T.);
#457=ORIENTED_EDGE('',*,*,#803,.T.);
#458=ORIENTED_EDGE('',*,*,#802,.F.);
#459=ORIENTED_EDGE('',*,*,#804,.F.);
#460=ORIENTED_EDGE('',*,*,#714,.T.);
#461=ORIENTED_EDGE('',*,*,#795,.T.);
#462=ORIENTED_EDGE('',*,*,#784,.F.);
#463=ORIENTED_EDGE('',*,*,#805,.F.);
#464=ORIENTED_EDGE('',*,*,#800,.T.);
#465=ORIENTED_EDGE('',*,*,#806,.T.);
#466=ORIENTED_EDGE('',*,*,#768,.F.);
#467=ORIENTED_EDGE('',*,*,#791,.F.);
#468=ORIENTED_EDGE('',*,*,#781,.T.);
#469=ORIENTED_EDGE('',*,*,#779,.T.);
#470=ORIENTED_EDGE('',*,*,#807,.F.);
#471=ORIENTED_EDGE('',*,*,#769,.F.);
#472=ORIENTED_EDGE('',*,*,#806,.F.);
#473=ORIENTED_EDGE('',*,*,#771,.T.);
#474=ORIENTED_EDGE('',*,*,#756,.F.);
#475=ORIENTED_EDGE('',*,*,#777,.F.);
#476=ORIENTED_EDGE('',*,*,#788,.T.);
#477=ORIENTED_EDGE('',*,*,#758,.F.);
#478=ORIENTED_EDGE('',*,*,#770,.F.);
#479=ORIENTED_EDGE('',*,*,#807,.T.);
#480=ORIENTED_EDGE('',*,*,#808,.T.);
#481=ORIENTED_EDGE('',*,*,#760,.T.);
#482=ORIENTED_EDGE('',*,*,#759,.F.);
#483=ORIENTED_EDGE('',*,*,#808,.F.);
#484=ORIENTED_EDGE('',*,*,#778,.T.);
#485=ORIENTED_EDGE('',*,*,#754,.F.);
#486=ORIENTED_EDGE('',*,*,#746,.F.);
#487=ORIENTED_EDGE('',*,*,#809,.T.);
#488=ORIENTED_EDGE('',*,*,#775,.T.);
#489=ORIENTED_EDGE('',*,*,#810,.F.);
#490=ORIENTED_EDGE('',*,*,#811,.F.);
#491=ORIENTED_EDGE('',*,*,#812,.T.);
#492=ORIENTED_EDGE('',*,*,#813,.F.);
#493=ORIENTED_EDGE('',*,*,#814,.F.);
#494=ORIENTED_EDGE('',*,*,#815,.T.);
#495=ORIENTED_EDGE('',*,*,#734,.F.);
#496=ORIENTED_EDGE('',*,*,#736,.F.);
#497=ORIENTED_EDGE('',*,*,#816,.T.);
#498=ORIENTED_EDGE('',*,*,#809,.F.);
#499=ORIENTED_EDGE('',*,*,#745,.F.);
#500=ORIENTED_EDGE('',*,*,#816,.F.);
#501=ORIENTED_EDGE('',*,*,#728,.F.);
#502=ORIENTED_EDGE('',*,*,#789,.T.);
#503=ORIENTED_EDGE('',*,*,#776,.T.);
#504=ORIENTED_EDGE('',*,*,#790,.T.);
#505=ORIENTED_EDGE('',*,*,#727,.F.);
#506=ORIENTED_EDGE('',*,*,#817,.F.);
#507=ORIENTED_EDGE('',*,*,#773,.T.);
#508=ORIENTED_EDGE('',*,*,#818,.T.);
#509=ORIENTED_EDGE('',*,*,#817,.T.);
#510=ORIENTED_EDGE('',*,*,#726,.F.);
#511=ORIENTED_EDGE('',*,*,#721,.F.);
#512=ORIENTED_EDGE('',*,*,#819,.T.);
#513=ORIENTED_EDGE('',*,*,#799,.T.);
#514=ORIENTED_EDGE('',*,*,#803,.F.);
#515=ORIENTED_EDGE('',*,*,#820,.F.);
#516=ORIENTED_EDGE('',*,*,#821,.F.);
#517=ORIENTED_EDGE('',*,*,#822,.F.);
#518=ORIENTED_EDGE('',*,*,#823,.T.);
#519=ORIENTED_EDGE('',*,*,#732,.F.);
#520=ORIENTED_EDGE('',*,*,#824,.T.);
#521=ORIENTED_EDGE('',*,*,#825,.F.);
#522=ORIENTED_EDGE('',*,*,#826,.F.);
#523=ORIENTED_EDGE('',*,*,#823,.F.);
#524=ORIENTED_EDGE('',*,*,#827,.F.);
#525=ORIENTED_EDGE('',*,*,#810,.T.);
#526=ORIENTED_EDGE('',*,*,#733,.T.);
#527=ORIENTED_EDGE('',*,*,#804,.T.);
#528=ORIENTED_EDGE('',*,*,#828,.T.);
#529=ORIENTED_EDGE('',*,*,#829,.F.);
#530=ORIENTED_EDGE('',*,*,#830,.F.);
#531=ORIENTED_EDGE('',*,*,#801,.T.);
#532=ORIENTED_EDGE('',*,*,#831,.T.);
#533=ORIENTED_EDGE('',*,*,#832,.F.);
#534=ORIENTED_EDGE('',*,*,#828,.F.);
#535=ORIENTED_EDGE('',*,*,#805,.T.);
#536=ORIENTED_EDGE('',*,*,#833,.T.);
#537=ORIENTED_EDGE('',*,*,#834,.F.);
#538=ORIENTED_EDGE('',*,*,#831,.F.);
#539=ORIENTED_EDGE('',*,*,#783,.T.);
#540=ORIENTED_EDGE('',*,*,#793,.T.);
#541=ORIENTED_EDGE('',*,*,#835,.F.);
#542=ORIENTED_EDGE('',*,*,#833,.F.);
#543=ORIENTED_EDGE('',*,*,#792,.T.);
#544=ORIENTED_EDGE('',*,*,#774,.T.);
#545=ORIENTED_EDGE('',*,*,#818,.F.);
#546=ORIENTED_EDGE('',*,*,#836,.F.);
#547=ORIENTED_EDGE('',*,*,#837,.T.);
#548=ORIENTED_EDGE('',*,*,#838,.F.);
#549=ORIENTED_EDGE('',*,*,#839,.F.);
#550=ORIENTED_EDGE('',*,*,#840,.T.);
#551=ORIENTED_EDGE('',*,*,#841,.F.);
#552=ORIENTED_EDGE('',*,*,#842,.F.);
#553=ORIENTED_EDGE('',*,*,#843,.F.);
#554=ORIENTED_EDGE('',*,*,#844,.F.);
#555=ORIENTED_EDGE('',*,*,#845,.F.);
#556=ORIENTED_EDGE('',*,*,#846,.F.);
#557=ORIENTED_EDGE('',*,*,#847,.T.);
#558=ORIENTED_EDGE('',*,*,#843,.T.);
#559=ORIENTED_EDGE('',*,*,#848,.T.);
#560=ORIENTED_EDGE('',*,*,#849,.T.);
#561=ORIENTED_EDGE('',*,*,#850,.T.);
#562=ORIENTED_EDGE('',*,*,#829,.T.);
#563=ORIENTED_EDGE('',*,*,#832,.T.);
#564=ORIENTED_EDGE('',*,*,#834,.T.);
#565=ORIENTED_EDGE('',*,*,#835,.T.);
#566=ORIENTED_EDGE('',*,*,#836,.T.);
#567=ORIENTED_EDGE('',*,*,#720,.F.);
#568=ORIENTED_EDGE('',*,*,#715,.T.);
#569=ORIENTED_EDGE('',*,*,#830,.T.);
#570=ORIENTED_EDGE('',*,*,#850,.F.);
#571=ORIENTED_EDGE('',*,*,#851,.T.);
#572=ORIENTED_EDGE('',*,*,#852,.T.);
#573=ORIENTED_EDGE('',*,*,#853,.T.);
#574=ORIENTED_EDGE('',*,*,#851,.F.);
#575=ORIENTED_EDGE('',*,*,#852,.F.);
#576=ORIENTED_EDGE('',*,*,#849,.F.);
#577=ORIENTED_EDGE('',*,*,#854,.F.);
#578=ORIENTED_EDGE('',*,*,#855,.T.);
#579=ORIENTED_EDGE('',*,*,#856,.F.);
#580=ORIENTED_EDGE('',*,*,#857,.T.);
#581=ORIENTED_EDGE('',*,*,#846,.T.);
#582=ORIENTED_EDGE('',*,*,#858,.T.);
#583=ORIENTED_EDGE('',*,*,#812,.F.);
#584=ORIENTED_EDGE('',*,*,#859,.F.);
#585=ORIENTED_EDGE('',*,*,#854,.T.);
#586=ORIENTED_EDGE('',*,*,#848,.F.);
#587=ORIENTED_EDGE('',*,*,#842,.T.);
#588=ORIENTED_EDGE('',*,*,#857,.F.);
#589=ORIENTED_EDGE('',*,*,#860,.T.);
#590=ORIENTED_EDGE('',*,*,#861,.T.);
#591=ORIENTED_EDGE('',*,*,#862,.T.);
#592=ORIENTED_EDGE('',*,*,#863,.T.);
#593=ORIENTED_EDGE('',*,*,#864,.T.);
#594=ORIENTED_EDGE('',*,*,#865,.T.);
#595=ORIENTED_EDGE('',*,*,#827,.T.);
#596=ORIENTED_EDGE('',*,*,#866,.F.);
#597=ORIENTED_EDGE('',*,*,#867,.T.);
#598=ORIENTED_EDGE('',*,*,#859,.T.);
#599=ORIENTED_EDGE('',*,*,#811,.T.);
#600=ORIENTED_EDGE('',*,*,#865,.F.);
#601=ORIENTED_EDGE('',*,*,#868,.F.);
#602=ORIENTED_EDGE('',*,*,#869,.F.);
#603=ORIENTED_EDGE('',*,*,#860,.F.);
#604=ORIENTED_EDGE('',*,*,#856,.T.);
#605=ORIENTED_EDGE('',*,*,#868,.T.);
#606=ORIENTED_EDGE('',*,*,#867,.F.);
#607=ORIENTED_EDGE('',*,*,#870,.F.);
#608=ORIENTED_EDGE('',*,*,#871,.F.);
#609=ORIENTED_EDGE('',*,*,#872,.T.);
#610=ORIENTED_EDGE('',*,*,#821,.T.);
#611=ORIENTED_EDGE('',*,*,#873,.T.);
#612=ORIENTED_EDGE('',*,*,#840,.F.);
#613=ORIENTED_EDGE('',*,*,#874,.T.);
#614=ORIENTED_EDGE('',*,*,#866,.T.);
#615=ORIENTED_EDGE('',*,*,#822,.T.);
#616=ORIENTED_EDGE('',*,*,#872,.F.);
#617=ORIENTED_EDGE('',*,*,#875,.T.);
#618=ORIENTED_EDGE('',*,*,#876,.T.);
#619=ORIENTED_EDGE('',*,*,#870,.T.);
#620=ORIENTED_EDGE('',*,*,#864,.F.);
#621=ORIENTED_EDGE('',*,*,#877,.F.);
#622=ORIENTED_EDGE('',*,*,#877,.T.);
#623=ORIENTED_EDGE('',*,*,#875,.F.);
#624=ORIENTED_EDGE('',*,*,#878,.T.);
#625=ORIENTED_EDGE('',*,*,#879,.F.);
#626=ORIENTED_EDGE('',*,*,#880,.F.);
#627=ORIENTED_EDGE('',*,*,#878,.F.);
#628=ORIENTED_EDGE('',*,*,#871,.T.);
#629=ORIENTED_EDGE('',*,*,#838,.T.);
#630=ORIENTED_EDGE('',*,*,#881,.T.);
#631=ORIENTED_EDGE('',*,*,#743,.F.);
#632=ORIENTED_EDGE('',*,*,#752,.F.);
#633=ORIENTED_EDGE('',*,*,#786,.F.);
#634=ORIENTED_EDGE('',*,*,#794,.F.);
#635=ORIENTED_EDGE('',*,*,#797,.F.);
#636=ORIENTED_EDGE('',*,*,#819,.F.);
#637=ORIENTED_EDGE('',*,*,#882,.F.);
#638=ORIENTED_EDGE('',*,*,#883,.F.);
#639=ORIENTED_EDGE('',*,*,#884,.T.);
#640=ORIENTED_EDGE('',*,*,#885,.F.);
#641=ORIENTED_EDGE('',*,*,#882,.T.);
#642=ORIENTED_EDGE('',*,*,#820,.T.);
#643=ORIENTED_EDGE('',*,*,#713,.F.);
#644=ORIENTED_EDGE('',*,*,#716,.T.);
#645=ORIENTED_EDGE('',*,*,#853,.F.);
#646=ORIENTED_EDGE('',*,*,#886,.F.);
#647=ORIENTED_EDGE('',*,*,#887,.T.);
#648=ORIENTED_EDGE('',*,*,#886,.T.);
#649=ORIENTED_EDGE('',*,*,#855,.F.);
#650=ORIENTED_EDGE('',*,*,#861,.F.);
#651=ORIENTED_EDGE('',*,*,#869,.T.);
#652=ORIENTED_EDGE('',*,*,#876,.F.);
#653=ORIENTED_EDGE('',*,*,#880,.T.);
#654=ORIENTED_EDGE('',*,*,#888,.F.);
#655=ORIENTED_EDGE('',*,*,#889,.T.);
#656=ORIENTED_EDGE('',*,*,#890,.T.);
#657=ORIENTED_EDGE('',*,*,#888,.T.);
#658=ORIENTED_EDGE('',*,*,#879,.T.);
#659=ORIENTED_EDGE('',*,*,#874,.F.);
#660=ORIENTED_EDGE('',*,*,#839,.T.);
#661=ORIENTED_EDGE('',*,*,#884,.F.);
#662=ORIENTED_EDGE('',*,*,#891,.F.);
#663=ORIENTED_EDGE('',*,*,#885,.T.);
#664=ORIENTED_EDGE('',*,*,#887,.F.);
#665=ORIENTED_EDGE('',*,*,#889,.F.);
#666=ORIENTED_EDGE('',*,*,#890,.F.);
#667=ORIENTED_EDGE('',*,*,#883,.T.);
#668=ORIENTED_EDGE('',*,*,#891,.T.);
#669=ORIENTED_EDGE('',*,*,#826,.T.);
#670=ORIENTED_EDGE('',*,*,#892,.F.);
#671=ORIENTED_EDGE('',*,*,#841,.T.);
#672=ORIENTED_EDGE('',*,*,#873,.F.);
#673=ORIENTED_EDGE('',*,*,#825,.T.);
#674=ORIENTED_EDGE('',*,*,#893,.T.);
#675=ORIENTED_EDGE('',*,*,#741,.T.);
#676=ORIENTED_EDGE('',*,*,#881,.F.);
#677=ORIENTED_EDGE('',*,*,#837,.F.);
#678=ORIENTED_EDGE('',*,*,#892,.T.);
#679=ORIENTED_EDGE('',*,*,#845,.T.);
#680=ORIENTED_EDGE('',*,*,#894,.T.);
#681=ORIENTED_EDGE('',*,*,#813,.T.);
#682=ORIENTED_EDGE('',*,*,#858,.F.);
#683=ORIENTED_EDGE('',*,*,#719,.T.);
#684=ORIENTED_EDGE('',*,*,#895,.T.);
#685=ORIENTED_EDGE('',*,*,#814,.T.);
#686=ORIENTED_EDGE('',*,*,#894,.F.);
#687=ORIENTED_EDGE('',*,*,#844,.T.);
#688=ORIENTED_EDGE('',*,*,#847,.F.);
#689=ORIENTED_EDGE('',*,*,#731,.F.);
#690=ORIENTED_EDGE('',*,*,#723,.F.);
#691=ORIENTED_EDGE('',*,*,#742,.F.);
#692=ORIENTED_EDGE('',*,*,#893,.F.);
#693=ORIENTED_EDGE('',*,*,#824,.F.);
#694=ORIENTED_EDGE('',*,*,#815,.F.);
#695=ORIENTED_EDGE('',*,*,#895,.F.);
#696=ORIENTED_EDGE('',*,*,#718,.F.);
#697=ORIENTED_EDGE('',*,*,#725,.F.);
#698=ORIENTED_EDGE('',*,*,#735,.F.);
#699=ORIENTED_EDGE('',*,*,#712,.F.);
#700=ORIENTED_EDGE('',*,*,#896,.F.);
#701=ORIENTED_EDGE('',*,*,#896,.T.);
#702=ORIENTED_EDGE('',*,*,#862,.F.);
#703=ORIENTED_EDGE('',*,*,#710,.F.);
#704=ORIENTED_EDGE('',*,*,#897,.F.);
#705=ORIENTED_EDGE('',*,*,#897,.T.);
#706=ORIENTED_EDGE('',*,*,#863,.F.);
#707=ORIENTED_EDGE('',*,*,#711,.T.);
#708=ORIENTED_EDGE('',*,*,#709,.T.);
#709=EDGE_CURVE('',#898,#898,#1014,.T.);
#710=EDGE_CURVE('',#899,#899,#1015,.T.);
#711=EDGE_CURVE('',#900,#900,#1016,.T.);
#712=EDGE_CURVE('',#901,#901,#1017,.T.);
#713=EDGE_CURVE('',#902,#903,#1018,.T.);
#714=EDGE_CURVE('',#904,#903,#133,.F.);
#715=EDGE_CURVE('',#905,#904,#1019,.F.);
#716=EDGE_CURVE('',#902,#905,#134,.F.);
#717=EDGE_CURVE('',#906,#907,#135,.T.);
#718=EDGE_CURVE('',#906,#908,#136,.F.);
#719=EDGE_CURVE('',#909,#908,#137,.T.);
#720=EDGE_CURVE('',#909,#910,#138,.T.);
#721=EDGE_CURVE('',#910,#907,#39,.T.);
#722=EDGE_CURVE('',#911,#912,#139,.T.);
#723=EDGE_CURVE('',#911,#913,#140,.T.);
#724=EDGE_CURVE('',#914,#913,#141,.F.);
#725=EDGE_CURVE('',#914,#906,#142,.T.);
#726=EDGE_CURVE('',#907,#915,#29,.T.);
#727=EDGE_CURVE('',#915,#916,#143,.T.);
#728=EDGE_CURVE('',#916,#917,#144,.T.);
#729=EDGE_CURVE('',#918,#917,#145,.T.);
#730=EDGE_CURVE('',#912,#918,#30,.F.);
#731=EDGE_CURVE('',#913,#919,#146,.T.);
#732=EDGE_CURVE('',#919,#920,#40,.T.);
#733=EDGE_CURVE('',#921,#920,#147,.F.);
#734=EDGE_CURVE('',#921,#922,#41,.T.);
#735=EDGE_CURVE('',#922,#914,#148,.F.);
#736=EDGE_CURVE('',#917,#923,#42,.T.);
#737=EDGE_CURVE('',#924,#923,#149,.T.);
#738=EDGE_CURVE('',#918,#924,#43,.F.);
#739=EDGE_CURVE('',#925,#924,#44,.T.);
#740=EDGE_CURVE('',#912,#925,#45,.T.);
#741=EDGE_CURVE('',#926,#927,#150,.T.);
#742=EDGE_CURVE('',#926,#911,#151,.T.);
#743=EDGE_CURVE('',#925,#927,#152,.T.);
#744=EDGE_CURVE('',#928,#924,#153,.T.);
#745=EDGE_CURVE('',#923,#929,#31,.T.);
#746=EDGE_CURVE('',#929,#930,#154,.T.);
#747=EDGE_CURVE('',#931,#930,#155,.T.);
#748=EDGE_CURVE('',#932,#931,#156,.F.);
#749=EDGE_CURVE('',#933,#932,#46,.F.);
#750=EDGE_CURVE('',#928,#933,#32,.T.);
#751=EDGE_CURVE('',#934,#928,#47,.F.);
#752=EDGE_CURVE('',#934,#925,#48,.T.);
#753=EDGE_CURVE('',#935,#931,#157,.T.);
#754=EDGE_CURVE('',#930,#936,#158,.T.);
#755=EDGE_CURVE('',#937,#936,#159,.T.);
#756=EDGE_CURVE('',#937,#938,#160,.T.);
#757=EDGE_CURVE('',#939,#938,#161,.T.);
#758=EDGE_CURVE('',#939,#940,#162,.T.);
#759=EDGE_CURVE('',#940,#935,#163,.T.);
#760=EDGE_CURVE('',#941,#935,#164,.T.);
#761=EDGE_CURVE('',#941,#932,#49,.T.);
#762=EDGE_CURVE('',#933,#942,#50,.T.);
#763=EDGE_CURVE('',#942,#941,#51,.T.);
#764=EDGE_CURVE('',#943,#942,#52,.T.);
#765=EDGE_CURVE('',#928,#943,#53,.F.);
#766=EDGE_CURVE('',#944,#943,#54,.T.);
#767=EDGE_CURVE('',#934,#944,#55,.F.);
#768=EDGE_CURVE('',#945,#946,#33,.T.);
#769=EDGE_CURVE('',#946,#947,#56,.T.);
#770=EDGE_CURVE('',#947,#939,#165,.F.);
#771=EDGE_CURVE('',#948,#938,#166,.F.);
#772=EDGE_CURVE('',#949,#948,#34,.T.);
#773=EDGE_CURVE('',#950,#949,#167,.T.);
#774=EDGE_CURVE('',#945,#950,#168,.F.);
#775=EDGE_CURVE('',#951,#936,#169,.F.);
#776=EDGE_CURVE('',#952,#951,#170,.F.);
#777=EDGE_CURVE('',#952,#937,#171,.T.);
#778=EDGE_CURVE('',#953,#941,#172,.T.);
#779=EDGE_CURVE('',#954,#953,#57,.F.);
#780=EDGE_CURVE('',#954,#942,#58,.T.);
#781=EDGE_CURVE('',#955,#954,#59,.T.);
#782=EDGE_CURVE('',#956,#955,#60,.T.);
#783=EDGE_CURVE('',#957,#956,#1020,.F.);
#784=EDGE_CURVE('',#957,#958,#173,.T.);
#785=EDGE_CURVE('',#958,#944,#1021,.T.);
#786=EDGE_CURVE('',#959,#934,#1022,.T.);
#787=EDGE_CURVE('',#959,#958,#61,.T.);
#788=EDGE_CURVE('',#952,#948,#62,.T.);
#789=EDGE_CURVE('',#916,#952,#63,.T.);
#790=EDGE_CURVE('',#949,#916,#64,.T.);
#791=EDGE_CURVE('',#955,#945,#65,.T.);
#792=EDGE_CURVE('',#960,#945,#66,.T.);
#793=EDGE_CURVE('',#956,#960,#67,.F.);
#794=EDGE_CURVE('',#961,#959,#1023,.T.);
#795=EDGE_CURVE('',#962,#958,#1024,.T.);
#796=EDGE_CURVE('',#961,#962,#174,.F.);
#797=EDGE_CURVE('',#963,#961,#175,.F.);
#798=EDGE_CURVE('',#964,#962,#176,.F.);
#799=EDGE_CURVE('',#963,#964,#177,.T.);
#800=EDGE_CURVE('',#965,#962,#178,.F.);
#801=EDGE_CURVE('',#966,#965,#179,.F.);
#802=EDGE_CURVE('',#966,#964,#180,.F.);
#803=EDGE_CURVE('',#903,#964,#1025,.T.);
#804=EDGE_CURVE('',#904,#966,#1026,.F.);
#805=EDGE_CURVE('',#965,#957,#1027,.F.);
#806=EDGE_CURVE('',#954,#946,#68,.T.);
#807=EDGE_CURVE('',#947,#953,#69,.T.);
#808=EDGE_CURVE('',#953,#940,#181,.F.);
#809=EDGE_CURVE('',#929,#951,#70,.T.);
#810=EDGE_CURVE('',#967,#921,#1028,.F.);
#811=EDGE_CURVE('',#968,#967,#182,.F.);
#812=EDGE_CURVE('',#968,#969,#1029,.T.);
#813=EDGE_CURVE('',#970,#969,#71,.T.);
#814=EDGE_CURVE('',#971,#970,#72,.T.);
#815=EDGE_CURVE('',#971,#922,#73,.T.);
#816=EDGE_CURVE('',#917,#951,#74,.T.);
#817=EDGE_CURVE('',#950,#915,#75,.F.);
#818=EDGE_CURVE('',#910,#950,#76,.T.);
#819=EDGE_CURVE('',#972,#963,#1030,.T.);
#820=EDGE_CURVE('',#972,#903,#183,.F.);
#821=EDGE_CURVE('',#973,#974,#1031,.F.);
#822=EDGE_CURVE('',#975,#973,#184,.T.);
#823=EDGE_CURVE('',#975,#920,#1032,.F.);
#824=EDGE_CURVE('',#919,#976,#77,.T.);
#825=EDGE_CURVE('',#977,#976,#78,.T.);
#826=EDGE_CURVE('',#974,#977,#79,.T.);
#827=EDGE_CURVE('',#967,#975,#185,.T.);
#828=EDGE_CURVE('',#966,#978,#186,.F.);
#829=EDGE_CURVE('',#979,#978,#1033,.F.);
#830=EDGE_CURVE('',#904,#979,#187,.T.);
#831=EDGE_CURVE('',#965,#980,#188,.T.);
#832=EDGE_CURVE('',#978,#980,#189,.F.);
#833=EDGE_CURVE('',#957,#981,#80,.T.);
#834=EDGE_CURVE('',#980,#981,#1034,.F.);
#835=EDGE_CURVE('',#981,#960,#1035,.F.);
#836=EDGE_CURVE('',#960,#910,#190,.T.);
#837=EDGE_CURVE('',#982,#983,#191,.T.);
#838=EDGE_CURVE('',#984,#983,#192,.F.);
#839=EDGE_CURVE('',#985,#984,#193,.F.);
#840=EDGE_CURVE('',#985,#986,#194,.T.);
#841=EDGE_CURVE('',#982,#986,#195,.T.);
#842=EDGE_CURVE('',#987,#988,#196,.F.);
#843=EDGE_CURVE('',#989,#987,#197,.T.);
#844=EDGE_CURVE('',#990,#989,#198,.T.);
#845=EDGE_CURVE('',#991,#990,#199,.T.);
#846=EDGE_CURVE('',#988,#991,#200,.T.);
#847=EDGE_CURVE('',#909,#989,#201,.T.);
#848=EDGE_CURVE('',#987,#992,#1036,.T.);
#849=EDGE_CURVE('',#992,#993,#202,.F.);
#850=EDGE_CURVE('',#993,#979,#1037,.F.);
#851=EDGE_CURVE('',#993,#905,#81,.F.);
#852=EDGE_CURVE('',#993,#994,#82,.T.);
#853=EDGE_CURVE('',#994,#905,#83,.T.);
#854=EDGE_CURVE('',#995,#992,#35,.F.);
#855=EDGE_CURVE('',#995,#994,#203,.T.);
#856=EDGE_CURVE('',#996,#997,#204,.F.);
#857=EDGE_CURVE('',#996,#988,#1038,.F.);
#858=EDGE_CURVE('',#991,#969,#205,.F.);
#859=EDGE_CURVE('',#997,#968,#206,.T.);
#860=EDGE_CURVE('',#996,#998,#36,.T.);
#861=EDGE_CURVE('',#998,#995,#207,.T.);
#862=EDGE_CURVE('',#999,#999,#1039,.T.);
#863=EDGE_CURVE('',#1000,#1000,#1040,.T.);
#864=EDGE_CURVE('',#1001,#1002,#208,.F.);
#865=EDGE_CURVE('',#1002,#967,#209,.F.);
#866=EDGE_CURVE('',#1001,#975,#210,.T.);
#867=EDGE_CURVE('',#1002,#997,#211,.T.);
#868=EDGE_CURVE('',#1003,#997,#212,.T.);
#869=EDGE_CURVE('',#998,#1003,#213,.F.);
#870=EDGE_CURVE('',#1003,#1002,#214,.T.);
#871=EDGE_CURVE('',#1004,#1005,#215,.F.);
#872=EDGE_CURVE('',#1004,#973,#216,.T.);
#873=EDGE_CURVE('',#974,#986,#217,.F.);
#874=EDGE_CURVE('',#985,#1005,#1041,.T.);
#875=EDGE_CURVE('',#1004,#1001,#218,.F.);
#876=EDGE_CURVE('',#1006,#1003,#219,.T.);
#877=EDGE_CURVE('',#1006,#1001,#220,.T.);
#878=EDGE_CURVE('',#1004,#1006,#221,.T.);
#879=EDGE_CURVE('',#1007,#1005,#37,.T.);
#880=EDGE_CURVE('',#1006,#1007,#222,.T.);
#881=EDGE_CURVE('',#983,#927,#223,.T.);
#882=EDGE_CURVE('',#1008,#972,#1042,.T.);
#883=EDGE_CURVE('',#1009,#1008,#224,.F.);
#884=EDGE_CURVE('',#1009,#984,#1043,.F.);
#885=EDGE_CURVE('',#1008,#902,#84,.T.);
#886=EDGE_CURVE('',#1010,#994,#225,.F.);
#887=EDGE_CURVE('',#1010,#902,#85,.T.);
#888=EDGE_CURVE('',#1011,#1007,#226,.T.);
#889=EDGE_CURVE('',#1011,#1010,#227,.T.);
#890=EDGE_CURVE('',#1009,#1011,#38,.F.);
#891=EDGE_CURVE('',#1008,#1010,#86,.F.);
#892=EDGE_CURVE('',#982,#977,#228,.T.);
#893=EDGE_CURVE('',#976,#926,#229,.T.);
#894=EDGE_CURVE('',#990,#970,#230,.T.);
#895=EDGE_CURVE('',#908,#971,#231,.T.);
#896=EDGE_CURVE('',#1012,#1012,#1044,.T.);
#897=EDGE_CURVE('',#1013,#1013,#1045,.T.);
#898=VERTEX_POINT('',#1817);
#899=VERTEX_POINT('',#1819);
#900=VERTEX_POINT('',#1822);
#901=VERTEX_POINT('',#1824);
#902=VERTEX_POINT('',#1827);
#903=VERTEX_POINT('',#1828);
#904=VERTEX_POINT('',#1830);
#905=VERTEX_POINT('',#1832);
#906=VERTEX_POINT('',#1836);
#907=VERTEX_POINT('',#1837);
#908=VERTEX_POINT('',#1839);
#909=VERTEX_POINT('',#1841);
#910=VERTEX_POINT('',#1843);
#911=VERTEX_POINT('',#1850);
#912=VERTEX_POINT('',#1851);
#913=VERTEX_POINT('',#1853);
#914=VERTEX_POINT('',#1855);
#915=VERTEX_POINT('',#1858);
#916=VERTEX_POINT('',#1860);
#917=VERTEX_POINT('',#1862);
#918=VERTEX_POINT('',#1864);
#919=VERTEX_POINT('',#1868);
#920=VERTEX_POINT('',#1873);
#921=VERTEX_POINT('',#1875);
#922=VERTEX_POINT('',#1880);
#923=VERTEX_POINT('',#1887);
#924=VERTEX_POINT('',#1889);
#925=VERTEX_POINT('',#1899);
#926=VERTEX_POINT('',#1906);
#927=VERTEX_POINT('',#1907);
#928=VERTEX_POINT('',#1912);
#929=VERTEX_POINT('',#1914);
#930=VERTEX_POINT('',#1916);
#931=VERTEX_POINT('',#1918);
#932=VERTEX_POINT('',#1920);
#933=VERTEX_POINT('',#1925);
#934=VERTEX_POINT('',#1932);
#935=VERTEX_POINT('',#1939);
#936=VERTEX_POINT('',#1941);
#937=VERTEX_POINT('',#1943);
#938=VERTEX_POINT('',#1945);
#939=VERTEX_POINT('',#1947);
#940=VERTEX_POINT('',#1949);
#941=VERTEX_POINT('',#1953);
#942=VERTEX_POINT('',#2102);
#943=VERTEX_POINT('',#2119);
#944=VERTEX_POINT('',#2129);
#945=VERTEX_POINT('',#2136);
#946=VERTEX_POINT('',#2137);
#947=VERTEX_POINT('',#2142);
#948=VERTEX_POINT('',#2145);
#949=VERTEX_POINT('',#2147);
#950=VERTEX_POINT('',#2149);
#951=VERTEX_POINT('',#2153);
#952=VERTEX_POINT('',#2155);
#953=VERTEX_POINT('',#2159);
#954=VERTEX_POINT('',#2169);
#955=VERTEX_POINT('',#2179);
#956=VERTEX_POINT('',#2184);
#957=VERTEX_POINT('',#2186);
#958=VERTEX_POINT('',#2188);
#959=VERTEX_POINT('',#2192);
#960=VERTEX_POINT('',#2219);
#961=VERTEX_POINT('',#2226);
#962=VERTEX_POINT('',#2228);
#963=VERTEX_POINT('',#2232);
#964=VERTEX_POINT('',#2234);
#965=VERTEX_POINT('',#2238);
#966=VERTEX_POINT('',#2240);
#967=VERTEX_POINT('',#2427);
#968=VERTEX_POINT('',#2429);
#969=VERTEX_POINT('',#2431);
#970=VERTEX_POINT('',#2436);
#971=VERTEX_POINT('',#2441);
#972=VERTEX_POINT('',#2464);
#973=VERTEX_POINT('',#2468);
#974=VERTEX_POINT('',#2469);
#975=VERTEX_POINT('',#2471);
#976=VERTEX_POINT('',#2477);
#977=VERTEX_POINT('',#2482);
#978=VERTEX_POINT('',#2491);
#979=VERTEX_POINT('',#2493);
#980=VERTEX_POINT('',#2497);
#981=VERTEX_POINT('',#2504);
#982=VERTEX_POINT('',#2512);
#983=VERTEX_POINT('',#2513);
#984=VERTEX_POINT('',#2515);
#985=VERTEX_POINT('',#2517);
#986=VERTEX_POINT('',#2519);
#987=VERTEX_POINT('',#2523);
#988=VERTEX_POINT('',#2524);
#989=VERTEX_POINT('',#2526);
#990=VERTEX_POINT('',#2528);
#991=VERTEX_POINT('',#2530);
#992=VERTEX_POINT('',#2535);
#993=VERTEX_POINT('',#2537);
#994=VERTEX_POINT('',#2549);
#995=VERTEX_POINT('',#2556);
#996=VERTEX_POINT('',#2560);
#997=VERTEX_POINT('',#2561);
#998=VERTEX_POINT('',#2567);
#999=VERTEX_POINT('',#2571);
#1000=VERTEX_POINT('',#2573);
#1001=VERTEX_POINT('',#2575);
#1002=VERTEX_POINT('',#2576);
#1003=VERTEX_POINT('',#2583);
#1004=VERTEX_POINT('',#2589);
#1005=VERTEX_POINT('',#2590);
#1006=VERTEX_POINT('',#2598);
#1007=VERTEX_POINT('',#2604);
#1008=VERTEX_POINT('',#2609);
#1009=VERTEX_POINT('',#2611);
#1010=VERTEX_POINT('',#2620);
#1011=VERTEX_POINT('',#2627);
#1012=VERTEX_POINT('',#2649);
#1013=VERTEX_POINT('',#2653);
#1014=CIRCLE('',#1345,0.0021);
#1015=CIRCLE('',#1346,0.0021);
#1016=CIRCLE('',#1348,0.0021);
#1017=CIRCLE('',#1349,0.0021);
#1018=CIRCLE('',#1351,0.045);
#1019=CIRCLE('',#1352,0.0449999999999832);
#1020=CIRCLE('',#1375,0.0199999999999908);
#1021=CIRCLE('',#1376,0.02);
#1022=CIRCLE('',#1378,0.0204999999999728);
#1023=CIRCLE('',#1382,0.000499999999999774);
#1024=CIRCLE('',#1383,0.001);
#1025=CIRCLE('',#1387,0.001);
#1026=CIRCLE('',#1388,0.000999999999998988);
#1027=CIRCLE('',#1390,0.000999999999999098);
#1028=CIRCLE('',#1397,0.001);
#1029=CIRCLE('',#1398,0.000499999999999773);
#1030=CIRCLE('',#1404,0.000499999999999541);
#1031=CIRCLE('',#1406,0.000499999999999538);
#1032=CIRCLE('',#1407,0.000999999999999103);
#1033=CIRCLE('',#1410,0.000499999999999555);
#1034=CIRCLE('',#1413,0.000500000000007238);
#1035=CIRCLE('',#1415,0.0204999999999818);
#1036=CIRCLE('',#1420,0.002);
#1037=CIRCLE('',#1421,0.0454999999999597);
#1038=CIRCLE('',#1427,0.002);
#1039=CIRCLE('',#1431,0.0023);
#1040=CIRCLE('',#1432,0.0023);
#1041=CIRCLE('',#1437,0.002);
#1042=CIRCLE('',#1444,0.0454999999999589);
#1043=CIRCLE('',#1445,0.002);
#1044=CIRCLE('',#1460,0.0023);
#1045=CIRCLE('',#1463,0.0023);
#1046=EDGE_LOOP('',(#331));
#1047=EDGE_LOOP('',(#332));
#1048=EDGE_LOOP('',(#333));
#1049=EDGE_LOOP('',(#334));
#1050=EDGE_LOOP('',(#335,#336,#337,#338));
#1051=EDGE_LOOP('',(#339,#340,#341,#342,#343));
#1052=EDGE_LOOP('',(#344,#345,#346,#347,#348,#349,#350,#351,#352,#353));
#1053=EDGE_LOOP('',(#354,#355,#356,#357,#358,#359));
#1054=EDGE_LOOP('',(#360,#361,#362,#363));
#1055=EDGE_LOOP('',(#364,#365,#366,#367));
#1056=EDGE_LOOP('',(#368,#369,#370,#371,#372));
#1057=EDGE_LOOP('',(#373,#374,#375,#376,#377,#378,#379,#380));
#1058=EDGE_LOOP('',(#381,#382,#383,#384));
#1059=EDGE_LOOP('',(#385,#386,#387,#388,#389,#390,#391,#392));
#1060=EDGE_LOOP('',(#393,#394,#395,#396));
#1061=EDGE_LOOP('',(#397,#398,#399,#400));
#1062=EDGE_LOOP('',(#401,#402,#403,#404));
#1063=EDGE_LOOP('',(#405,#406,#407,#408));
#1064=EDGE_LOOP('',(#409,#410,#411,#412,#413,#414,#415,#416));
#1065=EDGE_LOOP('',(#417,#418,#419,#420));
#1066=EDGE_LOOP('',(#421,#422,#423,#424));
#1067=EDGE_LOOP('',(#425,#426,#427,#428,#429,#430,#431,#432));
#1068=EDGE_LOOP('',(#433,#434,#435,#436));
#1069=EDGE_LOOP('',(#437,#438,#439,#440));
#1070=EDGE_LOOP('',(#441,#442,#443,#444));
#1071=EDGE_LOOP('',(#445,#446,#447,#448));
#1072=EDGE_LOOP('',(#449,#450,#451,#452));
#1073=EDGE_LOOP('',(#453,#454,#455,#456));
#1074=EDGE_LOOP('',(#457,#458,#459,#460));
#1075=EDGE_LOOP('',(#461,#462,#463,#464));
#1076=EDGE_LOOP('',(#465,#466,#467,#468));
#1077=EDGE_LOOP('',(#469,#470,#471,#472));
#1078=EDGE_LOOP('',(#473,#474,#475,#476));
#1079=EDGE_LOOP('',(#477,#478,#479,#480));
#1080=EDGE_LOOP('',(#481,#482,#483,#484));
#1081=EDGE_LOOP('',(#485,#486,#487,#488));
#1082=EDGE_LOOP('',(#489,#490,#491,#492,#493,#494,#495));
#1083=EDGE_LOOP('',(#496,#497,#498,#499));
#1084=EDGE_LOOP('',(#500,#501,#502,#503));
#1085=EDGE_LOOP('',(#504,#505,#506,#507));
#1086=EDGE_LOOP('',(#508,#509,#510,#511));
#1087=EDGE_LOOP('',(#512,#513,#514,#515));
#1088=EDGE_LOOP('',(#516,#517,#518,#519,#520,#521,#522));
#1089=EDGE_LOOP('',(#523,#524,#525,#526));
#1090=EDGE_LOOP('',(#527,#528,#529,#530));
#1091=EDGE_LOOP('',(#531,#532,#533,#534));
#1092=EDGE_LOOP('',(#535,#536,#537,#538));
#1093=EDGE_LOOP('',(#539,#540,#541,#542));
#1094=EDGE_LOOP('',(#543,#544,#545,#546));
#1095=EDGE_LOOP('',(#547,#548,#549,#550,#551));
#1096=EDGE_LOOP('',(#552,#553,#554,#555,#556));
#1097=EDGE_LOOP('',(#557,#558,#559,#560,#561,#562,#563,#564,#565,#566,#567));
#1098=EDGE_LOOP('',(#568,#569,#570,#571));
#1099=EDGE_LOOP('',(#572,#573,#574));
#1100=EDGE_LOOP('',(#575,#576,#577,#578));
#1101=EDGE_LOOP('',(#579,#580,#581,#582,#583,#584));
#1102=EDGE_LOOP('',(#585,#586,#587,#588,#589,#590));
#1103=EDGE_LOOP('',(#591));
#1104=EDGE_LOOP('',(#592));
#1105=EDGE_LOOP('',(#593,#594,#595,#596));
#1106=EDGE_LOOP('',(#597,#598,#599,#600));
#1107=EDGE_LOOP('',(#601,#602,#603,#604));
#1108=EDGE_LOOP('',(#605,#606,#607));
#1109=EDGE_LOOP('',(#608,#609,#610,#611,#612,#613));
#1110=EDGE_LOOP('',(#614,#615,#616,#617));
#1111=EDGE_LOOP('',(#618,#619,#620,#621));
#1112=EDGE_LOOP('',(#622,#623,#624));
#1113=EDGE_LOOP('',(#625,#626,#627,#628));
#1114=EDGE_LOOP('',(#629,#630,#631,#632,#633,#634,#635,#636,#637,#638,#639));
#1115=EDGE_LOOP('',(#640,#641,#642,#643));
#1116=EDGE_LOOP('',(#644,#645,#646,#647));
#1117=EDGE_LOOP('',(#648,#649,#650,#651,#652,#653,#654,#655));
#1118=EDGE_LOOP('',(#656,#657,#658,#659,#660,#661));
#1119=EDGE_LOOP('',(#662,#663,#664));
#1120=EDGE_LOOP('',(#665,#666,#667,#668));
#1121=EDGE_LOOP('',(#669,#670,#671,#672));
#1122=EDGE_LOOP('',(#673,#674,#675,#676,#677,#678));
#1123=EDGE_LOOP('',(#679,#680,#681,#682));
#1124=EDGE_LOOP('',(#683,#684,#685,#686,#687,#688));
#1125=EDGE_LOOP('',(#689,#690,#691,#692,#693));
#1126=EDGE_LOOP('',(#694,#695,#696,#697,#698));
#1127=EDGE_LOOP('',(#699));
#1128=EDGE_LOOP('',(#700));
#1129=EDGE_LOOP('',(#701));
#1130=EDGE_LOOP('',(#702));
#1131=EDGE_LOOP('',(#703));
#1132=EDGE_LOOP('',(#704));
#1133=EDGE_LOOP('',(#705));
#1134=EDGE_LOOP('',(#706));
#1135=EDGE_LOOP('',(#707));
#1136=EDGE_LOOP('',(#708));
#1137=FACE_BOUND('',#1046,.T.);
#1138=FACE_BOUND('',#1047,.T.);
#1139=FACE_BOUND('',#1048,.T.);
#1140=FACE_BOUND('',#1049,.T.);
#1141=FACE_BOUND('',#1050,.T.);
#1142=FACE_BOUND('',#1051,.T.);
#1143=FACE_BOUND('',#1052,.T.);
#1144=FACE_BOUND('',#1053,.T.);
#1145=FACE_BOUND('',#1054,.T.);
#1146=FACE_BOUND('',#1055,.T.);
#1147=FACE_BOUND('',#1056,.T.);
#1148=FACE_BOUND('',#1057,.T.);
#1149=FACE_BOUND('',#1058,.T.);
#1150=FACE_BOUND('',#1059,.T.);
#1151=FACE_BOUND('',#1060,.T.);
#1152=FACE_BOUND('',#1061,.T.);
#1153=FACE_BOUND('',#1062,.T.);
#1154=FACE_BOUND('',#1063,.T.);
#1155=FACE_BOUND('',#1064,.T.);
#1156=FACE_BOUND('',#1065,.T.);
#1157=FACE_BOUND('',#1066,.T.);
#1158=FACE_BOUND('',#1067,.T.);
#1159=FACE_BOUND('',#1068,.T.);
#1160=FACE_BOUND('',#1069,.T.);
#1161=FACE_BOUND('',#1070,.T.);
#1162=FACE_BOUND('',#1071,.T.);
#1163=FACE_BOUND('',#1072,.T.);
#1164=FACE_BOUND('',#1073,.T.);
#1165=FACE_BOUND('',#1074,.T.);
#1166=FACE_BOUND('',#1075,.T.);
#1167=FACE_BOUND('',#1076,.T.);
#1168=FACE_BOUND('',#1077,.T.);
#1169=FACE_BOUND('',#1078,.T.);
#1170=FACE_BOUND('',#1079,.T.);
#1171=FACE_BOUND('',#1080,.T.);
#1172=FACE_BOUND('',#1081,.T.);
#1173=FACE_BOUND('',#1082,.T.);
#1174=FACE_BOUND('',#1083,.T.);
#1175=FACE_BOUND('',#1084,.T.);
#1176=FACE_BOUND('',#1085,.T.);
#1177=FACE_BOUND('',#1086,.T.);
#1178=FACE_BOUND('',#1087,.T.);
#1179=FACE_BOUND('',#1088,.T.);
#1180=FACE_BOUND('',#1089,.T.);
#1181=FACE_BOUND('',#1090,.T.);
#1182=FACE_BOUND('',#1091,.T.);
#1183=FACE_BOUND('',#1092,.T.);
#1184=FACE_BOUND('',#1093,.T.);
#1185=FACE_BOUND('',#1094,.T.);
#1186=FACE_BOUND('',#1095,.T.);
#1187=FACE_BOUND('',#1096,.T.);
#1188=FACE_BOUND('',#1097,.T.);
#1189=FACE_BOUND('',#1098,.T.);
#1190=FACE_BOUND('',#1099,.T.);
#1191=FACE_BOUND('',#1100,.T.);
#1192=FACE_BOUND('',#1101,.T.);
#1193=FACE_BOUND('',#1102,.T.);
#1194=FACE_BOUND('',#1103,.T.);
#1195=FACE_BOUND('',#1104,.T.);
#1196=FACE_BOUND('',#1105,.T.);
#1197=FACE_BOUND('',#1106,.T.);
#1198=FACE_BOUND('',#1107,.T.);
#1199=FACE_BOUND('',#1108,.T.);
#1200=FACE_BOUND('',#1109,.T.);
#1201=FACE_BOUND('',#1110,.T.);
#1202=FACE_BOUND('',#1111,.T.);
#1203=FACE_BOUND('',#1112,.T.);
#1204=FACE_BOUND('',#1113,.T.);
#1205=FACE_BOUND('',#1114,.T.);
#1206=FACE_BOUND('',#1115,.T.);
#1207=FACE_BOUND('',#1116,.T.);
#1208=FACE_BOUND('',#1117,.T.);
#1209=FACE_BOUND('',#1118,.T.);
#1210=FACE_BOUND('',#1119,.T.);
#1211=FACE_BOUND('',#1120,.T.);
#1212=FACE_BOUND('',#1121,.T.);
#1213=FACE_BOUND('',#1122,.T.);
#1214=FACE_BOUND('',#1123,.T.);
#1215=FACE_BOUND('',#1124,.T.);
#1216=FACE_BOUND('',#1125,.T.);
#1217=FACE_BOUND('',#1126,.T.);
#1218=FACE_BOUND('',#1127,.T.);
#1219=FACE_BOUND('',#1128,.T.);
#1220=FACE_BOUND('',#1129,.T.);
#1221=FACE_BOUND('',#1130,.T.);
#1222=FACE_BOUND('',#1131,.T.);
#1223=FACE_BOUND('',#1132,.T.);
#1224=FACE_BOUND('',#1133,.T.);
#1225=FACE_BOUND('',#1134,.T.);
#1226=FACE_BOUND('',#1135,.T.);
#1227=FACE_BOUND('',#1136,.T.);
#1228=CYLINDRICAL_SURFACE('',#1344,0.0021);
#1229=CYLINDRICAL_SURFACE('',#1347,0.0021);
#1230=CYLINDRICAL_SURFACE('',#1350,0.045);
#1231=CYLINDRICAL_SURFACE('',#1364,0.001);
#1232=CYLINDRICAL_SURFACE('',#1367,0.0241013507528429);
#1233=CYLINDRICAL_SURFACE('',#1373,0.001);
#1234=CYLINDRICAL_SURFACE('',#1374,0.02);
#1235=CYLINDRICAL_SURFACE('',#1379,0.00449425105569388);
#1236=CYLINDRICAL_SURFACE('',#1380,0.00157714806545181);
#1237=CYLINDRICAL_SURFACE('',#1386,0.001);
#1238=CYLINDRICAL_SURFACE('',#1389,0.001);
#1239=CYLINDRICAL_SURFACE('',#1391,0.0241013507383717);
#1240=CYLINDRICAL_SURFACE('',#1399,0.00449401296390115);
#1241=CYLINDRICAL_SURFACE('',#1400,0.001);
#1242=CYLINDRICAL_SURFACE('',#1408,0.001);
#1243=CYLINDRICAL_SURFACE('',#1416,0.001);
#1244=CYLINDRICAL_SURFACE('',#1428,0.002);
#1245=CYLINDRICAL_SURFACE('',#1449,0.002);
#1246=CYLINDRICAL_SURFACE('',#1461,0.0023);
#1247=CYLINDRICAL_SURFACE('',#1464,0.0023);
#1248=ADVANCED_FACE('',(#1137,#1138),#1228,.F.);
#1249=ADVANCED_FACE('',(#1139,#1140),#1229,.F.);
#1250=ADVANCED_FACE('FINGER PAD_t20',(#1141),#1230,.F.);
#1251=ADVANCED_FACE('FINGER PAD_t20',(#1142),#87,.F.);
#1252=ADVANCED_FACE('FINGER PAD_t20',(#1143),#88,.T.);
#1253=ADVANCED_FACE('FINGER PAD_t20',(#1144),#89,.T.);
#1254=ADVANCED_FACE('FINGER PAD_t20',(#1145),#90,.T.);
#1255=ADVANCED_FACE('FINGER PAD_t20',(#1146),#15,.T.);
#1256=ADVANCED_FACE('FINGER PAD_t20',(#1147),#91,.T.);
#1257=ADVANCED_FACE('FINGER PAD_t20',(#1148),#92,.T.);
#1258=ADVANCED_FACE('FINGER PAD_t20',(#1149),#1231,.T.);
#1259=ADVANCED_FACE('FINGER PAD_t20',(#1150),#93,.F.);
#1260=ADVANCED_FACE('FINGER PAD_t20',(#1151),#94,.T.);
#1261=ADVANCED_FACE('FINGER PAD_t20',(#1152),#13,.T.);
#1262=ADVANCED_FACE('FINGER PAD_t20',(#1153),#1232,.F.);
#1263=ADVANCED_FACE('FINGER PAD_t20',(#1154),#12,.T.);
#1264=ADVANCED_FACE('FINGER PAD_t20',(#1155),#95,.F.);
#1265=ADVANCED_FACE('FINGER PAD_t20',(#1156),#96,.F.);
#1266=ADVANCED_FACE('FINGER PAD_t20',(#1157),#1233,.T.);
#1267=ADVANCED_FACE('FINGER PAD_t20',(#1158),#1234,.F.);
#1268=ADVANCED_FACE('FINGER PAD_t20',(#1159),#16,.F.);
#1269=ADVANCED_FACE('FINGER PAD_t20',(#1160),#1235,.T.);
#1270=ADVANCED_FACE('FINGER PAD_t20',(#1161),#1236,.T.);
#1271=ADVANCED_FACE('FINGER PAD_t20',(#1162),#17,.T.);
#1272=ADVANCED_FACE('FINGER PAD_t20',(#1163),#97,.T.);
#1273=ADVANCED_FACE('FINGER PAD_t20',(#1164),#98,.F.);
#1274=ADVANCED_FACE('FINGER PAD_t20',(#1165),#1237,.T.);
#1275=ADVANCED_FACE('FINGER PAD_t20',(#1166),#1238,.T.);
#1276=ADVANCED_FACE('FINGER PAD_t20',(#1167),#1239,.F.);
#1277=ADVANCED_FACE('FINGER PAD_t20',(#1168),#14,.F.);
#1278=ADVANCED_FACE('FINGER PAD_t20',(#1169),#99,.T.);
#1279=ADVANCED_FACE('FINGER PAD_t20',(#1170),#100,.F.);
#1280=ADVANCED_FACE('FINGER PAD_t20',(#1171),#101,.F.);
#1281=ADVANCED_FACE('FINGER PAD_t20',(#1172),#102,.F.);
#1282=ADVANCED_FACE('FINGER PAD_t20',(#1173),#18,.T.);
#1283=ADVANCED_FACE('FINGER PAD_t20',(#1174),#1240,.T.);
#1284=ADVANCED_FACE('FINGER PAD_t20',(#1175),#1241,.T.);
#1285=ADVANCED_FACE('FINGER PAD_t20',(#1176),#103,.F.);
#1286=ADVANCED_FACE('FINGER PAD_t20',(#1177),#19,.T.);
#1287=ADVANCED_FACE('FINGER PAD_t20',(#1178),#20,.T.);
#1288=ADVANCED_FACE('FINGER PAD_t20',(#1179),#21,.T.);
#1289=ADVANCED_FACE('FINGER PAD_t20',(#1180),#1242,.T.);
#1290=ADVANCED_FACE('FINGER PAD_t20',(#1181),#22,.T.);
#1291=ADVANCED_FACE('FINGER PAD_t20',(#1182),#104,.F.);
#1292=ADVANCED_FACE('FINGER PAD_t20',(#1183),#23,.T.);
#1293=ADVANCED_FACE('FINGER PAD_t20',(#1184),#24,.F.);
#1294=ADVANCED_FACE('FINGER PAD_t20',(#1185),#1243,.T.);
#1295=ADVANCED_FACE('FINGER PAD_t20',(#1186),#105,.F.);
#1296=ADVANCED_FACE('FINGER PAD_t20',(#1187),#106,.F.);
#1297=ADVANCED_FACE('FINGER PAD_t20',(#1188),#107,.T.);
#1298=ADVANCED_FACE('FINGER PAD_t20',(#1189),#25,.F.);
#1299=ADVANCED_FACE('FINGER PAD_t20',(#1190),#108,.F.);
#1300=ADVANCED_FACE('FINGER PAD_t20',(#1191),#109,.T.);
#1301=ADVANCED_FACE('FINGER PAD_t20',(#1192),#110,.T.);
#1302=ADVANCED_FACE('FINGER PAD_t20',(#1193),#1244,.T.);
#1303=ADVANCED_FACE('FINGER PAD_t20',(#1194,#1195,#1196),#111,.F.);
#1304=ADVANCED_FACE('FINGER PAD_t20',(#1197),#112,.F.);
#1305=ADVANCED_FACE('FINGER PAD_t20',(#1198),#113,.T.);
#1306=ADVANCED_FACE('FINGER PAD_t20',(#1199),#114,.F.);
#1307=ADVANCED_FACE('FINGER PAD_t20',(#1200),#115,.T.);
#1308=ADVANCED_FACE('FINGER PAD_t20',(#1201),#116,.T.);
#1309=ADVANCED_FACE('FINGER PAD_t20',(#1202),#117,.T.);
#1310=ADVANCED_FACE('FINGER PAD_t20',(#1203),#118,.T.);
#1311=ADVANCED_FACE('FINGER PAD_t20',(#1204),#119,.T.);
#1312=ADVANCED_FACE('FINGER PAD_t20',(#1205),#120,.F.);
#1313=ADVANCED_FACE('FINGER PAD_t20',(#1206),#26,.F.);
#1314=ADVANCED_FACE('FINGER PAD_t20',(#1207),#121,.T.);
#1315=ADVANCED_FACE('FINGER PAD_t20',(#1208),#122,.F.);
#1316=ADVANCED_FACE('FINGER PAD_t20',(#1209),#1245,.T.);
#1317=ADVANCED_FACE('FINGER PAD_t20',(#1210),#123,.F.);
#1318=ADVANCED_FACE('FINGER PAD_t20',(#1211),#124,.T.);
#1319=ADVANCED_FACE('',(#1212),#125,.T.);
#1320=ADVANCED_FACE('',(#1213),#126,.F.);
#1321=ADVANCED_FACE('',(#1214),#127,.T.);
#1322=ADVANCED_FACE('',(#1215),#128,.T.);
#1323=ADVANCED_FACE('',(#1216),#129,.T.);
#1324=ADVANCED_FACE('',(#1217),#130,.F.);
#1325=ADVANCED_FACE('',(#1218,#1219),#27,.F.);
#1326=ADVANCED_FACE('',(#1220,#1221),#1246,.F.);
#1327=ADVANCED_FACE('',(#1222,#1223),#28,.F.);
#1328=ADVANCED_FACE('',(#1224,#1225),#1247,.F.);
#1329=ADVANCED_FACE('',(#1226),#131,.T.);
#1330=ADVANCED_FACE('',(#1227),#132,.T.);
#1331=CLOSED_SHELL('',(#1248,#1249,#1250,#1251,#1252,#1253,#1254,#1255,
#1256,#1257,#1258,#1259,#1260,#1261,#1262,#1263,#1264,#1265,#1266,#1267,
#1268,#1269,#1270,#1271,#1272,#1273,#1274,#1275,#1276,#1277,#1278,#1279,
#1280,#1281,#1282,#1283,#1284,#1285,#1286,#1287,#1288,#1289,#1290,#1291,
#1292,#1293,#1294,#1295,#1296,#1297,#1298,#1299,#1300,#1301,#1302,#1303,
#1304,#1305,#1306,#1307,#1308,#1309,#1310,#1311,#1312,#1313,#1314,#1315,
#1316,#1317,#1318,#1319,#1320,#1321,#1322,#1323,#1324,#1325,#1326,#1327,
#1328,#1329,#1330));
#1332=STYLED_ITEM('',(#1333),#1340);
#1333=PRESENTATION_STYLE_ASSIGNMENT((#1334));
#1334=SURFACE_STYLE_USAGE(.BOTH.,#1335);
#1335=SURFACE_SIDE_STYLE('',(#1336));
#1336=SURFACE_STYLE_FILL_AREA(#1337);
#1337=FILL_AREA_STYLE('',(#1338));
#1338=FILL_AREA_STYLE_COLOUR('',#1339);
#1339=COLOUR_RGB('',1.,0.501960784313726,0.501960784313726);
#1340=MANIFOLD_SOLID_BREP('FINGER PAD_t20',#1331);
#1341=SHAPE_DEFINITION_REPRESENTATION(#2663,#1342);
#1342=SHAPE_REPRESENTATION('FINGER PAD_t20',(#1343),#2658);
#1343=AXIS2_PLACEMENT_3D('',#1814,#1467,#1468);
#1344=AXIS2_PLACEMENT_3D('',#1815,#1469,#1470);
#1345=AXIS2_PLACEMENT_3D('',#1816,#1471,#1472);
#1346=AXIS2_PLACEMENT_3D('',#1818,#1473,#1474);
#1347=AXIS2_PLACEMENT_3D('',#1820,#1475,#1476);
#1348=AXIS2_PLACEMENT_3D('',#1821,#1477,#1478);
#1349=AXIS2_PLACEMENT_3D('',#1823,#1479,#1480);
#1350=AXIS2_PLACEMENT_3D('',#1825,#1481,#1482);
#1351=AXIS2_PLACEMENT_3D('',#1826,#1483,#1484);
#1352=AXIS2_PLACEMENT_3D('',#1831,#1486,#1487);
#1353=AXIS2_PLACEMENT_3D('',#1834,#1489,#1490);
#1354=AXIS2_PLACEMENT_3D('',#1848,#1495,#1496);
#1355=AXIS2_PLACEMENT_3D('',#1857,#1501,#1502);
#1356=AXIS2_PLACEMENT_3D('',#1865,#1506,#1507);
#1357=AXIS2_PLACEMENT_3D('',#1866,#1508,#1509);
#1358=AXIS2_PLACEMENT_3D('',#1882,#1513,#1514);
#1359=AXIS2_PLACEMENT_3D('',#1894,#1516,#1517);
#1360=AXIS2_PLACEMENT_3D('',#1904,#1518,#1519);
#1361=AXIS2_PLACEMENT_3D('',#1910,#1523,#1524);
#1362=AXIS2_PLACEMENT_3D('',#1913,#1526,#1527);
#1363=AXIS2_PLACEMENT_3D('',#1926,#1531,#1532);
#1364=AXIS2_PLACEMENT_3D('',#1927,#1533,#1534);
#1365=AXIS2_PLACEMENT_3D('',#1937,#1535,#1536);
#1366=AXIS2_PLACEMENT_3D('',#1951,#1544,#1545);
#1367=AXIS2_PLACEMENT_3D('',#2114,#1547,#1548);
#1368=AXIS2_PLACEMENT_3D('',#2124,#1549,#1550);
#1369=AXIS2_PLACEMENT_3D('',#2134,#1551,#1552);
#1370=AXIS2_PLACEMENT_3D('',#2135,#1553,#1554);
#1371=AXIS2_PLACEMENT_3D('',#2146,#1557,#1558);
#1372=AXIS2_PLACEMENT_3D('',#2151,#1561,#1562);
#1373=AXIS2_PLACEMENT_3D('',#2157,#1566,#1567);
#1374=AXIS2_PLACEMENT_3D('',#2174,#1569,#1570);
#1375=AXIS2_PLACEMENT_3D('',#2185,#1571,#1572);
#1376=AXIS2_PLACEMENT_3D('',#2189,#1574,#1575);
#1377=AXIS2_PLACEMENT_3D('',#2190,#1576,#1577);
#1378=AXIS2_PLACEMENT_3D('',#2191,#1578,#1579);
#1379=AXIS2_PLACEMENT_3D('',#2197,#1580,#1581);
#1380=AXIS2_PLACEMENT_3D('',#2210,#1582,#1583);
#1381=AXIS2_PLACEMENT_3D('',#2224,#1584,#1585);
#1382=AXIS2_PLACEMENT_3D('',#2225,#1586,#1587);
#1383=AXIS2_PLACEMENT_3D('',#2227,#1588,#1589);
#1384=AXIS2_PLACEMENT_3D('',#2230,#1591,#1592);
#1385=AXIS2_PLACEMENT_3D('',#2236,#1596,#1597);
#1386=AXIS2_PLACEMENT_3D('',#2242,#1601,#1602);
#1387=AXIS2_PLACEMENT_3D('',#2243,#1603,#1604);
#1388=AXIS2_PLACEMENT_3D('',#2244,#1605,#1606);
#1389=AXIS2_PLACEMENT_3D('',#2245,#1607,#1608);
#1390=AXIS2_PLACEMENT_3D('',#2246,#1609,#1610);
#1391=AXIS2_PLACEMENT_3D('',#2247,#1611,#1612);
#1392=AXIS2_PLACEMENT_3D('',#2416,#1613,#1614);
#1393=AXIS2_PLACEMENT_3D('',#2417,#1615,#1616);
#1394=AXIS2_PLACEMENT_3D('',#2419,#1618,#1619);
#1395=AXIS2_PLACEMENT_3D('',#2420,#1620,#1621);
#1396=AXIS2_PLACEMENT_3D('',#2425,#1622,#1623);
#1397=AXIS2_PLACEMENT_3D('',#2426,#1624,#1625);
#1398=AXIS2_PLACEMENT_3D('',#2430,#1627,#1628);
#1399=AXIS2_PLACEMENT_3D('',#2446,#1629,#1630);
#1400=AXIS2_PLACEMENT_3D('',#2451,#1631,#1632);
#1401=AXIS2_PLACEMENT_3D('',#2452,#1633,#1634);
#1402=AXIS2_PLACEMENT_3D('',#2457,#1635,#1636);
#1403=AXIS2_PLACEMENT_3D('',#2462,#1637,#1638);
#1404=AXIS2_PLACEMENT_3D('',#2463,#1639,#1640);
#1405=AXIS2_PLACEMENT_3D('',#2466,#1642,#1643);
#1406=AXIS2_PLACEMENT_3D('',#2467,#1644,#1645);
#1407=AXIS2_PLACEMENT_3D('',#2472,#1647,#1648);
#1408=AXIS2_PLACEMENT_3D('',#2487,#1649,#1650);
#1409=AXIS2_PLACEMENT_3D('',#2489,#1652,#1653);
#1410=AXIS2_PLACEMENT_3D('',#2492,#1655,#1656);
#1411=AXIS2_PLACEMENT_3D('',#2495,#1658,#1659);
#1412=AXIS2_PLACEMENT_3D('',#2499,#1662,#1663);
#1413=AXIS2_PLACEMENT_3D('',#2505,#1664,#1665);
#1414=AXIS2_PLACEMENT_3D('',#2506,#1666,#1667);
#1415=AXIS2_PLACEMENT_3D('',#2507,#1668,#1669);
#1416=AXIS2_PLACEMENT_3D('',#2508,#1670,#1671);
#1417=AXIS2_PLACEMENT_3D('',#2510,#1673,#1674);
#1418=AXIS2_PLACEMENT_3D('',#2521,#1680,#1681);
#1419=AXIS2_PLACEMENT_3D('',#2532,#1687,#1688);
#1420=AXIS2_PLACEMENT_3D('',#2534,#1690,#1691);
#1421=AXIS2_PLACEMENT_3D('',#2538,#1693,#1694);
#1422=AXIS2_PLACEMENT_3D('',#2539,#1695,#1696);
#1423=AXIS2_PLACEMENT_3D('',#2544,#1697,#1698);
#1424=AXIS2_PLACEMENT_3D('',#2554,#1699,#1700);
#1425=AXIS2_PLACEMENT_3D('',#2555,#1701,#1702);
#1426=AXIS2_PLACEMENT_3D('',#2558,#1704,#1705);
#1427=AXIS2_PLACEMENT_3D('',#2562,#1707,#1708);
#1428=AXIS2_PLACEMENT_3D('',#2565,#1711,#1712);
#1429=AXIS2_PLACEMENT_3D('',#2566,#1713,#1714);
#1430=AXIS2_PLACEMENT_3D('',#2569,#1716,#1717);
#1431=AXIS2_PLACEMENT_3D('',#2570,#1718,#1719);
#1432=AXIS2_PLACEMENT_3D('',#2572,#1720,#1721);
#1433=AXIS2_PLACEMENT_3D('',#2579,#1725,#1726);
#1434=AXIS2_PLACEMENT_3D('',#2581,#1728,#1729);
#1435=AXIS2_PLACEMENT_3D('',#2585,#1732,#1733);
#1436=AXIS2_PLACEMENT_3D('',#2587,#1735,#1736);
#1437=AXIS2_PLACEMENT_3D('',#2593,#1740,#1741);
#1438=AXIS2_PLACEMENT_3D('',#2594,#1742,#1743);
#1439=AXIS2_PLACEMENT_3D('',#2596,#1745,#1746);
#1440=AXIS2_PLACEMENT_3D('',#2600,#1749,#1750);
#1441=AXIS2_PLACEMENT_3D('',#2602,#1752,#1753);
#1442=AXIS2_PLACEMENT_3D('',#2603,#1754,#1755);
#1443=AXIS2_PLACEMENT_3D('',#2606,#1757,#1758);
#1444=AXIS2_PLACEMENT_3D('',#2608,#1760,#1761);
#1445=AXIS2_PLACEMENT_3D('',#2612,#1763,#1764);
#1446=AXIS2_PLACEMENT_3D('',#2613,#1765,#1766);
#1447=AXIS2_PLACEMENT_3D('',#2618,#1767,#1768);
#1448=AXIS2_PLACEMENT_3D('',#2625,#1770,#1771);
#1449=AXIS2_PLACEMENT_3D('',#2629,#1774,#1775);
#1450=AXIS2_PLACEMENT_3D('',#2630,#1776,#1777);
#1451=AXIS2_PLACEMENT_3D('',#2631,#1778,#1779);
#1452=AXIS2_PLACEMENT_3D('',#2636,#1780,#1781);
#1453=AXIS2_PLACEMENT_3D('',#2637,#1782,#1783);
#1454=AXIS2_PLACEMENT_3D('',#2639,#1785,#1786);
#1455=AXIS2_PLACEMENT_3D('',#2641,#1788,#1789);
#1456=AXIS2_PLACEMENT_3D('',#2643,#1791,#1792);
#1457=AXIS2_PLACEMENT_3D('',#2645,#1794,#1795);
#1458=AXIS2_PLACEMENT_3D('',#2646,#1796,#1797);
#1459=AXIS2_PLACEMENT_3D('',#2647,#1798,#1799);
#1460=AXIS2_PLACEMENT_3D('',#2648,#1800,#1801);
#1461=AXIS2_PLACEMENT_3D('',#2650,#1802,#1803);
#1462=AXIS2_PLACEMENT_3D('',#2651,#1804,#1805);
#1463=AXIS2_PLACEMENT_3D('',#2652,#1806,#1807);
#1464=AXIS2_PLACEMENT_3D('',#2654,#1808,#1809);
#1465=AXIS2_PLACEMENT_3D('',#2655,#1810,#1811);
#1466=AXIS2_PLACEMENT_3D('',#2656,#1812,#1813);
#1467=DIRECTION('',(0.,0.,1.));
#1468=DIRECTION('',(1.,0.,0.));
#1469=DIRECTION('',(-1.,4.00593428396381E-32,-1.54813374287157E-44));
#1470=DIRECTION('',(0.,-1.1990408666E-14,1.));
#1471=DIRECTION('',(1.,-4.00593428396381E-32,1.54813374287157E-44));
#1472=DIRECTION('',(0.,1.1990408666E-14,-1.));
#1473=DIRECTION('',(1.,-4.00593428396381E-32,1.54813374287157E-44));
#1474=DIRECTION('',(0.,1.1990408666E-14,-1.));
#1475=DIRECTION('',(-1.,4.00593428396381E-32,-1.54813374287157E-44));
#1476=DIRECTION('',(0.,-1.1990408666E-14,1.));
#1477=DIRECTION('',(1.,-4.00593428396381E-32,1.54813374287157E-44));
#1478=DIRECTION('',(0.,1.1990408666E-14,-1.));
#1479=DIRECTION('',(1.,-4.00593428396381E-32,1.54813374287157E-44));
#1480=DIRECTION('',(0.,1.1990408666E-14,-1.));
#1481=DIRECTION('',(0.,-1.,0.));
#1482=DIRECTION('',(0.877777777777643,-1.57772181044203E-30,-0.479068025273805));
#1483=DIRECTION('',(0.,-1.,0.));
#1484=DIRECTION('',(-1.11022302462E-16,0.,-1.));
#1485=DIRECTION('',(1.57772181044203E-30,1.,0.));
#1486=DIRECTION('',(-7.88860905221012E-31,1.,0.));
#1487=DIRECTION('',(1.11022302462E-16,0.,1.));
#1488=DIRECTION('',(-2.96777361153197E-26,-1.,-2.96801026980354E-26));
#1489=DIRECTION('',(-0.701707562861758,-0.707106781186755,-0.0872152293026783));
#1490=DIRECTION('',(-0.123340960125194,-1.70404007575632E-13,0.992364352219181));
#1491=DIRECTION('',(-0.123340960125025,-3.40831702486068E-13,0.992364352219202));
#1492=DIRECTION('',(0.662073051513809,-0.692391636339267,0.286798006245904));
#1493=DIRECTION('',(0.624901551014227,-0.552040782705415,-0.552040782705415));
#1494=DIRECTION('',(-0.123340960125194,-1.70404007575632E-13,0.992364352219181));
#1495=DIRECTION('',(0.992364352219202,-5.55811672296094E-27,0.123340960125025));
#1496=DIRECTION('',(-0.123340960125025,-7.61771421735722E-26,0.992364352219202));
#1497=DIRECTION('',(-0.123340960125025,3.17067498172251E-13,0.992364352219202));
#1498=DIRECTION('',(0.0875488348465374,0.704391652959166,-0.70439165295911));
#1499=DIRECTION('',(-2.96777361153197E-26,1.,2.96801026980354E-26));
#1500=DIRECTION('',(-0.0875488348465409,0.704391652959138,0.704391652959138));
#1501=DIRECTION('',(0.992364352219202,-5.55811672296094E-27,0.123340960125025));
#1502=DIRECTION('',(0.0537799682046882,-0.899933664794179,-0.432697485536976));
#1503=DIRECTION('',(-0.118373635602699,-0.280934696841511,0.952398749739188));
#1504=DIRECTION('',(3.87784299484018E-27,-1.,-7.6279694091251E-26));
#1505=DIRECTION('',(-0.118373635602876,0.280934696841866,0.952398749739061));
#1506=DIRECTION('',(0.992364352219202,-5.55811672296094E-27,0.123340960125025));
#1507=DIRECTION('',(0.0537707956269094,0.899969692869785,-0.432623685728733));
#1508=DIRECTION('',(0.707106781186548,4.19721333231892E-26,-0.707106781186548));
#1509=DIRECTION('',(-2.96777361153197E-26,1.,2.96801026980354E-26));
#1510=DIRECTION('',(-0.654573417540023,-0.378242358944565,-0.654573417540023));
#1511=DIRECTION('',(-3.94430452610506E-31,1.,0.));
#1512=DIRECTION('',(-0.654573417540016,0.37824235894459,-0.654573417540016));
#1513=DIRECTION('',(0.677205778857762,-0.678629389324766,0.284349230746892));
#1514=DIRECTION('',(-0.118373635602876,0.280934696841866,0.952398749739061));
#1515=DIRECTION('',(-0.118373635612873,0.280934696841773,0.952398749737846));
#1516=DIRECTION('',(-0.983392014806265,0.0816588320972558,-0.162086336116856));
#1517=DIRECTION('',(-0.16262946308173,-1.18307829181364E-14,0.986687213729735));
#1518=DIRECTION('',(0.701707562861758,-0.707106781186757,0.0872152293026614));
#1519=DIRECTION('',(-0.123340960125182,1.58485685681764E-13,0.992364352219183));
#1520=DIRECTION('',(-0.624901551014231,-0.552040782705434,0.55204078270539));
#1521=DIRECTION('',(0.662073051513811,0.692391636339261,0.286798006245915));
#1522=DIRECTION('',(0.12334096012534,-4.14390521334998E-18,-0.992364352219163));
#1523=DIRECTION('',(0.0278405838435003,-0.957826285221013,0.285995995130991));
#1524=DIRECTION('',(-0.0928019461451276,-0.287347885566804,-0.953319983768285));
#1525=DIRECTION('',(0.995295283161198,-8.31388944096146E-14,-0.0968880762378433));
#1526=DIRECTION('',(0.0278405838435003,-0.957826285221013,0.285995995130991));
#1527=DIRECTION('',(-0.795140443051886,-0.194606752910544,-0.574351710665917));
#1528=DIRECTION('',(-0.396454084687475,0.25206251925825,0.882773269373174));
#1529=DIRECTION('',(0.995295283161201,3.78889892777652E-27,-0.0968880762378197));
#1530=DIRECTION('',(-0.0928019461452493,-0.287347885566236,-0.953319983768445));
#1531=DIRECTION('',(0.0278405838435003,-0.957826285221013,0.285995995130991));
#1532=DIRECTION('',(-0.998857539209195,-0.0155400389121799,0.0451898612031376));
#1533=DIRECTION('',(-0.995295283161201,6.94426490346354E-16,0.0968880762378197));
#1534=DIRECTION('',(-7.13927765019994E-16,-1.,-1.66609218829381E-16));
#1535=DIRECTION('',(-0.0968880762378197,4.25906002728825E-26,-0.995295283161201));
#1536=DIRECTION('',(0.995295283161201,3.78889892777652E-27,-0.0968880762378197));
#1537=DIRECTION('',(0.688460143145716,-0.72217110197412,-0.0670188837065061));
#1538=DIRECTION('',(0.789370851043452,0.609088617912814,-0.0768421437233144));
#1539=DIRECTION('',(1.81848215871548E-26,-1.,-9.46001997541037E-26));
#1540=DIRECTION('',(-0.789370851043452,0.609088617912814,0.0768421437233126));
#1541=DIRECTION('',(0.995295283161198,8.54623496675232E-14,-0.0968880762378433));
#1542=DIRECTION('',(-0.688460143145716,-0.72217110197412,0.0670188837065079));
#1543=DIRECTION('',(-3.56367913933596E-28,-1.,-4.27609942284101E-26));
#1544=DIRECTION('',(-0.684093778377938,-0.677285461478942,0.270739923272967));
#1545=DIRECTION('',(-0.0928019461452493,-0.287347885566236,-0.953319983768445));
#1546=DIRECTION('',(0.0928019461452052,0.287347885562534,0.953319983769565));
#1547=DIRECTION('',(-0.660398868293434,0.726242359578922,-0.190906704727707));
#1548=DIRECTION('',(0.739849534888512,0.672772372890901,7.98467589131768E-15));
#1549=DIRECTION('',(1.,0.,-1.11022302462E-16));
#1550=DIRECTION('',(-1.33120277755964E-30,-1.,-1.1990408666E-14));
#1551=DIRECTION('',(-0.0278405838435003,-0.957826285221007,-0.285995995131014));
#1552=DIRECTION('',(-0.0928019461451276,0.287347885566827,-0.953319983768279));
#1553=DIRECTION('',(-0.0278405838435003,-0.957826285221007,-0.285995995131014));
#1554=DIRECTION('',(0.998857539148161,-0.01554003846129,-0.0451898627072637));
#1555=DIRECTION('',(-0.0928019461451276,0.287347885566827,-0.953319983768279));
#1556=DIRECTION('',(0.396454084685385,0.252062519258402,-0.882773269374069));
#1557=DIRECTION('',(-0.0278405838435003,-0.957826285221007,-0.285995995131014));
#1558=DIRECTION('',(0.795160802640362,-0.194599647234579,0.574325931192832));
#1559=DIRECTION('',(-0.118373635602285,-0.28093469684244,0.952398749738965));
#1560=DIRECTION('',(-0.995295283161201,-6.40179395346709E-18,0.0968880762378197));
#1561=DIRECTION('',(-0.912228251277685,2.21764577675731E-26,-0.409682337391858));
#1562=DIRECTION('',(0.409682337391858,9.37608517509486E-26,-0.912228251277685));
#1563=DIRECTION('',(0.396454084685385,-0.25206251925838,-0.882773269374075));
#1564=DIRECTION('',(0.,1.,0.));
#1565=DIRECTION('',(-0.396454084685805,-0.252062519252563,0.882773269375547));
#1566=DIRECTION('',(0.,1.,0.));
#1567=DIRECTION('',(-0.858480246136952,3.15544362088404E-30,-0.512846631062971));
#1568=DIRECTION('',(-3.56367913933596E-28,-1.,-4.27609942284101E-26));
#1569=DIRECTION('',(0.,-1.,0.));
#1570=DIRECTION('',(0.824999999992254,-1.57772181044203E-30,-0.565132727784174));
#1571=DIRECTION('',(-1.57772181044602E-30,1.,2.84217094305E-14));
#1572=DIRECTION('',(1.11022302462E-16,-2.84217094305E-14,1.));
#1573=DIRECTION('',(0.,-1.,0.));
#1574=DIRECTION('',(0.,-1.,0.));
#1575=DIRECTION('',(-1.11022302462E-16,0.,-1.));
#1576=DIRECTION('',(-1.50984654661758E-41,-1.,2.84217094304E-14));
#1577=DIRECTION('',(0.50000000000019,-2.46139223857031E-14,-0.866025403784329));
#1578=DIRECTION('',(-1.50984654661758E-41,-1.,2.84217094304E-14));
#1579=DIRECTION('',(-1.11022302462E-16,-2.84217094304E-14,-1.));
#1580=DIRECTION('',(0.629411898051706,-0.717070049546624,0.299418113403569));
#1581=DIRECTION('',(-0.751549643095078,-0.659676537375448,-7.82635249871254E-15));
#1582=DIRECTION('',(-0.684500538436459,-0.698373081590822,-0.209126879643763));
#1583=DIRECTION('',(-0.714164314967525,0.699978093390761,8.47231156358663E-15));
#1584=DIRECTION('',(6.2172489379E-15,1.,-2.84217094304E-14));
#1585=DIRECTION('',(-0.228713553878066,2.90903260178357E-14,0.973493764886281));
#1586=DIRECTION('',(6.2172489379E-15,1.,-2.84217094304E-14));
#1587=DIRECTION('',(1.11022302462E-16,2.84217094304E-14,1.));
#1588=DIRECTION('',(7.88860905221E-31,1.,0.));
#1589=DIRECTION('',(1.11022302462E-16,0.,1.));
#1590=DIRECTION('',(0.707106781186548,-0.707106781186548,-7.88860905221012E-30));
#1591=DIRECTION('',(-0.707106781186548,-0.707106781186548,-3.81082926094167E-26));
#1592=DIRECTION('',(2.69384042959881E-26,2.69395999132976E-26,-1.));
#1593=DIRECTION('',(2.69384042959881E-26,2.69395999132976E-26,-1.));
#1594=DIRECTION('',(-1.59616653202544E-44,0.,-1.));
#1595=DIRECTION('',(-0.707106781186229,0.707106781186866,8.0977518556665E-14));
#1596=DIRECTION('',(1.,-4.00593428396381E-32,1.54813374287157E-44));
#1597=DIRECTION('',(-1.59616653202544E-44,0.,-1.));
#1598=DIRECTION('',(7.88860905221E-31,1.,0.));
#1599=DIRECTION('',(-2.53456078466854E-26,2.53603003810451E-26,-1.));
#1600=DIRECTION('',(4.00593428396381E-32,1.,0.));
#1601=DIRECTION('',(1.57772181044203E-30,1.,0.));
#1602=DIRECTION('',(-0.88043478260863,3.15544362088404E-30,-0.474167263286801));
#1603=DIRECTION('',(1.57772181044203E-30,1.,0.));
#1604=DIRECTION('',(1.11022302462E-16,0.,1.));
#1605=DIRECTION('',(1.7763568394E-15,-1.,2.84217094304E-14));
#1606=DIRECTION('',(-1.11022302462E-16,-2.84217094304E-14,-1.));
#1607=DIRECTION('',(7.88860905221E-31,1.,0.));
#1608=DIRECTION('',(-1.,7.88860905221E-31,1.11022302462E-16));
#1609=DIRECTION('',(6.2172489379E-15,-1.,-2.84217094305E-14));
#1610=DIRECTION('',(-1.11022302462E-16,2.84217094305E-14,-1.));
#1611=DIRECTION('',(0.660398868541868,0.726242359627887,0.190906703682034));
#1612=DIRECTION('',(0.739849534785117,-0.672772373004605,-8.14895549034709E-15));
#1613=DIRECTION('',(0.572023003273626,0.684274976301548,0.452280267680713));
#1614=DIRECTION('',(0.396454084685385,0.252062519258402,-0.882773269374069));
#1615=DIRECTION('',(0.684093778377938,-0.677285461478936,-0.270739923272984));
#1616=DIRECTION('',(-0.0928019461452493,0.287347885566259,-0.953319983768439));
#1617=DIRECTION('',(-0.0928019461452493,0.287347885566259,-0.953319983768439));
#1618=DIRECTION('',(0.995295283161201,3.78889892777652E-27,-0.0968880762378197));
#1619=DIRECTION('',(0.0968880762378197,-4.25906002728825E-26,0.995295283161201));
#1620=DIRECTION('',(-0.572023003273626,0.684274976301558,-0.452280267680697));
#1621=DIRECTION('',(0.396454084685385,-0.25206251925838,-0.882773269374075));
#1622=DIRECTION('',(-1.7763568394E-15,-1.,-1.421085471525E-14));
#1623=DIRECTION('',(0.552555078108231,1.08628768348019E-14,-0.833476385782349));
#1624=DIRECTION('',(-3.94430452610506E-31,1.,0.));
#1625=DIRECTION('',(1.11022302462E-16,0.,1.));
#1626=DIRECTION('',(-0.707106781186548,0.707106781186548,7.88860905221012E-30));
#1627=DIRECTION('',(-1.7763568394E-15,-1.,-1.421085471525E-14));
#1628=DIRECTION('',(-1.11022302462E-16,1.421085471525E-14,-1.));
#1629=DIRECTION('',(-0.629397778932625,-0.717072526991286,-0.299441858979353));
#1630=DIRECTION('',(-0.751558109615638,0.659666891598304,7.9931153254571E-15));
#1631=DIRECTION('',(0.,1.,0.));
#1632=DIRECTION('',(0.912228251277685,3.15544362088404E-30,0.409682337391858));
#1633=DIRECTION('',(-0.677205778857762,-0.678629389324759,-0.284349230746908));
#1634=DIRECTION('',(-0.118373635602876,-0.280934696841888,0.952398749739055));
#1635=DIRECTION('',(-0.983396484890214,-0.0816224664045625,-0.162077532322053));
#1636=DIRECTION('',(-0.162620143740419,-1.18308013354443E-14,0.986688749733088));
#1637=DIRECTION('',(1.7763568394E-15,1.,2.84217094305E-14));
#1638=DIRECTION('',(-0.696571426468997,-1.9154860543441E-14,0.717487454821997));
#1639=DIRECTION('',(1.7763568394E-15,1.,2.84217094305E-14));
#1640=DIRECTION('',(1.11022302462E-16,-2.84217094305E-14,1.));
#1641=DIRECTION('',(0.622561405174401,-0.707106781186877,0.335286887287304));
#1642=DIRECTION('',(-1.97215226305253E-31,1.,0.));
#1643=DIRECTION('',(-0.998089262596078,-3.94430452610506E-31,-0.0617885417405047));
#1644=DIRECTION('',(-1.97215226305253E-31,1.,0.));
#1645=DIRECTION('',(1.11022302462E-16,0.,1.));
#1646=DIRECTION('',(-0.707106781186548,-0.707106781186548,-7.88860905221012E-30));
#1647=DIRECTION('',(-1.97215226305253E-31,1.,0.));
#1648=DIRECTION('',(1.11022302462E-16,0.,1.));
#1649=DIRECTION('',(-3.94430452610506E-31,1.,0.));
#1650=DIRECTION('',(0.992364352219202,1.77493703674728E-30,0.123340960125025));
#1651=DIRECTION('',(-4.00593428396381E-32,-1.,0.));
#1652=DIRECTION('',(1.7763568394E-15,-1.,2.84217094304E-14));
#1653=DIRECTION('',(-0.696571426468997,1.91548605433693E-14,0.717487454821997));
#1654=DIRECTION('',(-0.707106781186229,-0.707106781186866,1.44762524690594E-13));
#1655=DIRECTION('',(1.7763568394E-15,-1.,2.84217094304E-14));
#1656=DIRECTION('',(-1.11022302462E-16,-2.84217094304E-14,-1.));
#1657=DIRECTION('',(0.622561405174791,0.707106781186865,0.335286887286607));
#1658=DIRECTION('',(0.707106781186548,-0.707106781186548,-3.58584613077263E-26));
#1659=DIRECTION('',(-2.53456078466854E-26,2.53603003810451E-26,-1.));
#1660=DIRECTION('',(0.707106781186548,0.707106781186548,7.88860905221012E-30));
#1661=DIRECTION('',(-1.59616653202544E-44,0.,-1.));
#1662=DIRECTION('',(6.2172489379E-15,-1.,-2.84217094305E-14));
#1663=DIRECTION('',(-0.228713553878066,-2.90903260179331E-14,0.973493764886281));
#1664=DIRECTION('',(6.2172489379E-15,-1.,-2.84217094305E-14));
#1665=DIRECTION('',(-1.11022302462E-16,2.84217094305E-14,-1.));
#1666=DIRECTION('',(-1.57772181044602E-30,1.,2.84217094305E-14));
#1667=DIRECTION('',(0.50000000000019,2.46139223857896E-14,-0.866025403784329));
#1668=DIRECTION('',(-1.57772181044602E-30,1.,2.84217094305E-14));
#1669=DIRECTION('',(1.11022302462E-16,-2.84217094305E-14,1.));
#1670=DIRECTION('',(-0.995295283161201,-6.40179395346709E-18,0.0968880762378197));
#1671=DIRECTION('',(0.027840583843575,0.957826285221007,0.285995995131007));
#1672=DIRECTION('',(0.995295283160249,2.63185702422742E-17,-0.0968880762475936));
#1673=DIRECTION('',(-1.,4.00593428396381E-32,-1.54813374287157E-44));
#1674=DIRECTION('',(-4.00593428396379E-32,-1.,0.));
#1675=DIRECTION('',(-2.91820894850189E-32,-0.707106781186576,0.707106781186519));
#1676=DIRECTION('',(-1.59616653202544E-44,0.,-1.));
#1677=DIRECTION('',(4.00593428431998E-32,1.,0.));
#1678=DIRECTION('',(1.59616653202544E-44,0.,1.));
#1679=DIRECTION('',(-4.00593428396381E-32,-1.,-6.64487059235702E-16));
#1680=DIRECTION('',(-1.,4.00593428396381E-32,-1.54813374287157E-44));
#1681=DIRECTION('',(-4.00593428396379E-32,-1.,0.));
#1682=DIRECTION('',(4.00593428431998E-32,1.,0.));
#1683=DIRECTION('',(-1.59616653202544E-44,0.,-1.));
#1684=DIRECTION('',(2.91820894850034E-32,0.707106781186547,0.707106781186548));
#1685=DIRECTION('',(-4.00593428396381E-32,-1.,-6.64486935289237E-16));
#1686=DIRECTION('',(1.59616653202544E-44,0.,1.));
#1687=DIRECTION('',(4.00593428431998E-32,1.,0.));
#1688=DIRECTION('',(1.,-4.00593428432E-32,1.5481337428673E-44));
#1689=DIRECTION('',(-1.,4.46815747093393E-32,-1.23259516440937E-32));
#1690=DIRECTION('',(4.00593428431998E-32,1.,0.));
#1691=DIRECTION('',(1.11022302462E-16,0.,1.));
#1692=DIRECTION('',(1.,-4.00593428432E-32,1.5481337428673E-44));
#1693=DIRECTION('',(-7.88860905221012E-31,1.,0.));
#1694=DIRECTION('',(1.11022302462E-16,0.,1.));
#1695=DIRECTION('',(-7.88860905221012E-31,1.,0.));
#1696=DIRECTION('',(0.50000000000019,9.46633086265214E-30,-0.866025403784329));
#1697=DIRECTION('',(0.461386170748041,-0.757252419701074,0.462267859903032));
#1698=DIRECTION('',(-0.647498917549826,-0.643612629251818,-0.408053838652898));
#1699=DIRECTION('',(2.26555521404356E-28,0.707106781186557,-0.70710678118654));
#1700=DIRECTION('',(-1.,1.60237371373019E-28,-1.59990852340135E-28));
#1701=DIRECTION('',(2.26555521404356E-28,0.707106781186557,-0.70710678118654));
#1702=DIRECTION('',(-2.26472505322098E-28,0.70710678118654,0.707106781186557));
#1703=DIRECTION('',(-1.,1.60237371373019E-28,-1.59990852340135E-28));
#1704=DIRECTION('',(4.00593428431998E-32,1.,0.));
#1705=DIRECTION('',(-1.,4.00593428432E-32,-1.5481337428673E-44));
#1706=DIRECTION('',(-1.,1.60237371373019E-28,-1.59990852340135E-28));
#1707=DIRECTION('',(4.00593428431998E-32,1.,0.));
#1708=DIRECTION('',(1.11022302462E-16,0.,1.));
#1709=DIRECTION('',(-1.,4.00593428432E-32,-1.5481337428673E-44));
#1710=DIRECTION('',(-2.69384042959881E-26,-2.69395999132976E-26,1.));
#1711=DIRECTION('',(4.00593428431998E-32,1.,0.));
#1712=DIRECTION('',(1.,-4.00593428432012E-32,1.83697019872E-16));
#1713=DIRECTION('',(2.26555521404356E-28,0.707106781186557,-0.70710678118654));
#1714=DIRECTION('',(-2.26472505322098E-28,0.70710678118654,0.707106781186557));
#1715=DIRECTION('',(4.00593428431998E-32,1.,0.));
#1716=DIRECTION('',(-1.,4.00593428396381E-32,-1.54813374287157E-44));
#1717=DIRECTION('',(-1.59616653202544E-44,0.,-1.));
#1718=DIRECTION('',(-1.,4.00593428396381E-32,-1.54813374287157E-44));
#1719=DIRECTION('',(0.,-1.1990408666E-14,1.));
#1720=DIRECTION('',(-1.,4.00593428396381E-32,-1.54813374287157E-44));
#1721=DIRECTION('',(0.,-1.1990408666E-14,1.));
#1722=DIRECTION('',(-4.00593428396381E-32,-1.,0.));
#1723=DIRECTION('',(-1.59616653202544E-44,0.,-1.));
#1724=DIRECTION('',(2.53456078466854E-26,-2.53603003810451E-26,1.));
#1725=DIRECTION('',(-0.707106781186548,-0.707106781186548,-3.81082926094167E-26));
#1726=DIRECTION('',(-2.69384042959881E-26,-2.69395999132976E-26,1.));
#1727=DIRECTION('',(-0.707106781186548,0.707106781186548,7.88860905221012E-30));
#1728=DIRECTION('',(2.26555521404356E-28,0.707106781186557,-0.70710678118654));
#1729=DIRECTION('',(-1.,1.60237371373019E-28,-1.59990852340135E-28));
#1730=DIRECTION('',(7.85046229338251E-17,0.707106781186539,0.707106781186557));
#1731=DIRECTION('',(-1.,4.00593428396381E-32,-1.54813374287157E-44));
#1732=DIRECTION('',(-0.577350269189626,-0.577350269189633,0.577350269189619));
#1733=DIRECTION('',(-0.408248290463863,-0.408248290463854,-0.816496580927731));
#1734=DIRECTION('',(0.707106781186548,-1.57772181044203E-30,0.707106781186548));
#1735=DIRECTION('',(-4.00593428431998E-32,-1.,0.));
#1736=DIRECTION('',(1.,-4.00593428432E-32,1.5481337428673E-44));
#1737=DIRECTION('',(1.,1.58869190740524E-28,1.58992450256968E-28));
#1738=DIRECTION('',(1.59616653202544E-44,0.,1.));
#1739=DIRECTION('',(1.,-4.00593428432E-32,1.5481337428673E-44));
#1740=DIRECTION('',(4.00593428431998E-32,1.,0.));
#1741=DIRECTION('',(1.11022302462E-16,0.,1.));
#1742=DIRECTION('',(0.707106781186548,-0.707106781186548,-3.58584613077263E-26));
#1743=DIRECTION('',(2.53456078466854E-26,-2.53603003810451E-26,1.));
#1744=DIRECTION('',(-0.707106781186548,-0.707106781186548,-7.88860905221012E-30));
#1745=DIRECTION('',(0.707106781186548,4.19721333231892E-26,-0.707106781186548));
#1746=DIRECTION('',(-2.96777361153197E-26,1.,2.96801026980354E-26));
#1747=DIRECTION('',(-2.96777361153197E-26,1.,2.96801026980354E-26));
#1748=DIRECTION('',(0.707106781186548,-8.47849927692655E-15,0.707106781186548));
#1749=DIRECTION('',(0.577350269189626,-0.577350269189619,-0.577350269189633));
#1750=DIRECTION('',(-0.408248290463863,0.408248290463873,-0.816496580927721));
#1751=DIRECTION('',(-7.85046229338233E-17,0.707106781186557,-0.70710678118654));
#1752=DIRECTION('',(2.24672916382062E-28,-0.70710678118654,-0.707106781186557));
#1753=DIRECTION('',(1.,1.58869190740524E-28,1.58992450256968E-28));
#1754=DIRECTION('',(2.24672916382062E-28,-0.70710678118654,-0.707106781186557));
#1755=DIRECTION('',(2.24755932464321E-28,0.707106781186557,-0.70710678118654));
#1756=DIRECTION('',(-1.,4.00593428396381E-32,-1.54813374287157E-44));
#1757=DIRECTION('',(4.00593428431998E-32,1.,0.));
#1758=DIRECTION('',(1.,-4.00593428432E-32,1.5481337428673E-44));
#1759=DIRECTION('',(1.,-3.85185988873155E-32,1.54998115783537E-44));
#1760=DIRECTION('',(-2.84217094304E-14,-1.,1.42108547152E-14));
#1761=DIRECTION('',(-1.,2.84217094304E-14,1.11022302462341E-16));
#1762=DIRECTION('',(1.,1.58869190740524E-28,1.58992450256968E-28));
#1763=DIRECTION('',(4.00593428431998E-32,1.,0.));
#1764=DIRECTION('',(1.11022302462E-16,0.,1.));
#1765=DIRECTION('',(-2.84217094304E-14,-1.,1.42108547152E-14));
#1766=DIRECTION('',(-1.,2.84217094304E-14,-3.12326877075658E-16));
#1767=DIRECTION('',(-0.707106781186548,4.19721333231892E-26,-0.707106781186548));
#1768=DIRECTION('',(-2.96777361153197E-26,-1.,-2.96801026980354E-26));
#1769=DIRECTION('',(-4.00593428396381E-32,-1.,0.));
#1770=DIRECTION('',(1.59616653202544E-44,0.,1.));
#1771=DIRECTION('',(-1.,4.00593428396381E-32,-1.54813374287157E-44));
#1772=DIRECTION('',(4.00593428431998E-32,1.,0.));
#1773=DIRECTION('',(-1.,4.00593428396381E-32,-1.54813374287157E-44));
#1774=DIRECTION('',(4.00593428431998E-32,1.,0.));
#1775=DIRECTION('',(1.,-4.00593428432012E-32,1.83697019872E-16));
#1776=DIRECTION('',(2.24672916382062E-28,-0.70710678118654,-0.707106781186557));
#1777=DIRECTION('',(2.24755932464321E-28,0.707106781186557,-0.70710678118654));
#1778=DIRECTION('',(0.461386170747828,0.757252419700711,0.462267859903837));
#1779=DIRECTION('',(-0.64749891754927,0.643612629252204,-0.408053838653172));
#1780=DIRECTION('',(2.24672916382062E-28,-0.70710678118654,-0.707106781186557));
#1781=DIRECTION('',(1.,1.58869190740524E-28,1.58992450256968E-28));
#1782=DIRECTION('',(1.50770983013474E-44,-6.64487059235702E-16,1.));
#1783=DIRECTION('',(-7.3772883272551E-32,-1.,-6.64487059235702E-16));
#1784=DIRECTION('',(1.,-4.00593428396381E-32,1.54813374287157E-44));
#1785=DIRECTION('',(2.91820894849661E-32,0.707106781186519,0.707106781186576));
#1786=DIRECTION('',(7.8504622933821E-17,-0.707106781186576,0.707106781186519));
#1787=DIRECTION('',(-0.0875488348465374,-0.704391652959166,0.70439165295911));
#1788=DIRECTION('',(1.50770984663453E-44,-6.64486935289237E-16,1.));
#1789=DIRECTION('',(-7.37728695117291E-32,-1.,-6.64486935289237E-16));
#1790=DIRECTION('',(1.,-4.00593428396381E-32,1.54813374287157E-44));
#1791=DIRECTION('',(4.15080411290598E-32,0.707106781186548,-0.707106781186547));
#1792=DIRECTION('',(7.85046229338242E-17,0.707106781186547,0.707106781186548));
#1793=DIRECTION('',(0.0875488348465409,-0.704391652959138,-0.704391652959138));
#1794=DIRECTION('',(0.734466453850078,-0.523342267293268,-0.432055435601999));
#1795=DIRECTION('',(0.0875488348465374,0.704391652959166,-0.70439165295911));
#1796=DIRECTION('',(-0.734466453850082,-0.523342267293284,0.432055435601972));
#1797=DIRECTION('',(-0.0875488348465408,0.704391652959138,0.704391652959138));
#1798=DIRECTION('',(1.,-4.00593428396381E-32,1.54813374287157E-44));
#1799=DIRECTION('',(0.,1.1990408666E-14,-1.));
#1800=DIRECTION('',(-1.,4.00593428396381E-32,-1.54813374287157E-44));
#1801=DIRECTION('',(0.,-1.1990408666E-14,1.));
#1802=DIRECTION('',(-1.,4.00593428396381E-32,-1.54813374287157E-44));
#1803=DIRECTION('',(0.,-1.1990408666E-14,1.));
#1804=DIRECTION('',(1.,-4.00593428396381E-32,1.54813374287157E-44));
#1805=DIRECTION('',(0.,1.1990408666E-14,-1.));
#1806=DIRECTION('',(-1.,4.00593428396381E-32,-1.54813374287157E-44));
#1807=DIRECTION('',(0.,-1.1990408666E-14,1.));
#1808=DIRECTION('',(-1.,4.00593428396381E-32,-1.54813374287157E-44));
#1809=DIRECTION('',(0.,-1.1990408666E-14,1.));
#1810=DIRECTION('',(1.,-4.00593428396381E-32,1.54813374287157E-44));
#1811=DIRECTION('',(1.90822216530237E-76,1.1990408666E-14,-1.));
#1812=DIRECTION('',(1.,-4.00593428396381E-32,1.54813374287157E-44));
#1813=DIRECTION('',(1.90822216530237E-76,1.1990408666E-14,-1.));
#1814=CARTESIAN_POINT('',(0.,0.,0.));
#1815=CARTESIAN_POINT('',(0.00773563516340873,4.38885039422132E-15,0.00549999999999988));
#1816=CARTESIAN_POINT('',(0.00123563516340873,4.38885039422132E-15,0.00549999999999988));
#1817=CARTESIAN_POINT('',(0.00123563516340873,4.41403025241992E-15,0.00339999999999988));
#1818=CARTESIAN_POINT('',(0.00638922500189496,4.38885039422132E-15,0.00549999999999989));
#1819=CARTESIAN_POINT('',(0.00638922500189496,4.41403025241992E-15,0.00339999999999989));
#1820=CARTESIAN_POINT('',(0.00773563516340873,4.00547650603045E-15,0.0375));
#1821=CARTESIAN_POINT('',(0.00123563516340873,4.00547650603045E-15,0.0375));
#1822=CARTESIAN_POINT('',(0.00123563516340873,4.03065636422905E-15,0.0354));
#1823=CARTESIAN_POINT('',(0.00638922500189496,4.00547650603045E-15,0.0375));
#1824=CARTESIAN_POINT('',(0.00638922500189496,4.03065636422905E-15,0.0354));
#1825=CARTESIAN_POINT('',(-0.0457643648365913,-0.000660000000095798,0.0210580611372999));
#1826=CARTESIAN_POINT('',(-0.0457643648365913,-0.0094999999999958,0.0210580611372999));
#1827=CARTESIAN_POINT('',(-0.00582306308416073,-0.00950011067864165,0.000329100032771569));
#1828=CARTESIAN_POINT('',(-0.00614479961922816,-0.00949999999999565,0.042395587985215));
#1829=CARTESIAN_POINT('',(-0.0061447996191925,3.94649590784724E-15,0.0423955879851993));
#1830=CARTESIAN_POINT('',(-0.0061447996192166,0.00950000000002743,0.0423955879851948));
#1831=CARTESIAN_POINT('',(-0.0457643648365913,0.00950000000002774,0.0210580611372994));
#1832=CARTESIAN_POINT('',(-0.00582306308416077,0.0095001106786505,0.000329100032771347));
#1833=CARTESIAN_POINT('',(-0.00582299564879123,4.45130043935649E-15,0.00032916759699983));
#1834=CARTESIAN_POINT('',(0.00973065194920874,0.00950000000000414,0.0264486936187));
#1835=CARTESIAN_POINT('',(0.00973065194923219,0.00949999999998051,0.0264486936187029));
#1836=CARTESIAN_POINT('',(0.0071725581913951,0.00949999999997344,0.0470303483450709));
#1837=CARTESIAN_POINT('',(0.00525519406741129,0.00950000840918604,0.062456828741898));
#1838=CARTESIAN_POINT('',(0.00782971478030333,0.0088127499678434,0.047315016629121));
#1839=CARTESIAN_POINT('',(0.00669627411878779,0.00999809474592463,0.0468240307459508));
#1840=CARTESIAN_POINT('',(0.0150819361908123,0.00259016393469495,0.0394160999347211));
#1841=CARTESIAN_POINT('',(0.00669411740093764,0.00999999999998707,0.0468259360000309));
#1842=CARTESIAN_POINT('',(0.00923446977312984,0.00999999999997293,0.0263870231386413));
#1843=CARTESIAN_POINT('',(0.00475908842918514,0.010000003535846,0.06239518220748));
#1844=CARTESIAN_POINT('',(0.0047590511309191,0.00999996576614837,0.0623951760758121));
#1845=CARTESIAN_POINT('',(0.00492443116774934,0.00983331403592163,0.0624157246195013));
#1846=CARTESIAN_POINT('',(0.00508981120457959,0.00966666230569489,0.0624362731631906));
#1847=CARTESIAN_POINT('',(0.00525519124140983,0.00950001057546815,0.0624568217068798));
#1848=CARTESIAN_POINT('',(0.00773563516340874,0.0100000000000039,0.0425));
#1849=CARTESIAN_POINT('',(0.00729702343165039,-0.00949999999995414,0.046028938372305));
#1850=CARTESIAN_POINT('',(0.00717255818639917,-0.00949999999995382,0.0470303483852668));
#1851=CARTESIAN_POINT('',(0.00525519478741399,-0.0095000043089312,0.0624568385173353));
#1852=CARTESIAN_POINT('',(0.00761827661028885,-0.00591388331538167,0.043444231700695));
#1853=CARTESIAN_POINT('',(0.00766171678170879,-0.00556437673218293,0.0430947251175));
#1854=CARTESIAN_POINT('',(0.00766171678170879,3.93955701394333E-15,0.0430947251175));
#1855=CARTESIAN_POINT('',(0.00766171678170879,0.0055643767723988,0.0430947251175));
#1856=CARTESIAN_POINT('',(0.00742542027891439,0.00746554752427103,0.0449958958693685));
#1857=CARTESIAN_POINT('',(0.00526668136881369,0.00899604475867898,0.0623644613318147));
#1858=CARTESIAN_POINT('',(0.00523643788555609,0.00944568475388585,0.0626078017617786));
#1859=CARTESIAN_POINT('',(0.00523643668510704,0.00944568359392371,0.0626078009808998));
#1860=CARTESIAN_POINT('',(0.00451066441033764,0.00772312670425988,0.0684478380162544));
#1861=CARTESIAN_POINT('',(0.00451058439975809,0.0100000000000039,0.0684477906504061));
#1862=CARTESIAN_POINT('',(0.00451066875081144,-0.00772312482952617,0.0684478322832084));
#1863=CARTESIAN_POINT('',(0.00467130478480904,-0.0081044629894961,0.0671546826623998));
#1864=CARTESIAN_POINT('',(0.00523643788708204,-0.0094456847554097,0.0626078017627848));
#1865=CARTESIAN_POINT('',(0.00526668239937064,-0.00899602062209744,0.0623644530402626));
#1866=CARTESIAN_POINT('',(0.00721699166420874,3.94476118437126E-15,0.04265));
#1867=CARTESIAN_POINT('',(0.00865828680990909,-0.00498851314187392,0.0440912951457002));
#1868=CARTESIAN_POINT('',(0.00722064098669982,-0.00581925043264353,0.0426536493224909));
#1869=CARTESIAN_POINT('',(0.00722064098669977,-0.00581925043264356,0.042653649322491));
#1870=CARTESIAN_POINT('',(0.00733710245908584,-0.00566552731321729,0.0427701107948771));
#1871=CARTESIAN_POINT('',(0.00745084117104885,-0.00550781224827867,0.04288384950684));
#1872=CARTESIAN_POINT('',(0.00756451359783629,-0.00535000000001431,0.0429975219336274));
#1873=CARTESIAN_POINT('',(0.00756451359785289,-0.00534999999999561,0.0429975219336363));
#1874=CARTESIAN_POINT('',(0.00756451359785634,3.93955701394333E-15,0.0429975219336321));
#1875=CARTESIAN_POINT('',(0.00756451359784639,0.00535000000001302,0.0429975219336298));
#1876=CARTESIAN_POINT('',(0.00756451359783114,0.00535000000001922,0.0429975219336289));
#1877=CARTESIAN_POINT('',(0.00745084115344709,0.00550781227271321,0.0428838494892448));
#1878=CARTESIAN_POINT('',(0.00733710242410732,0.00566552736245934,0.0427701107598986));
#1879=CARTESIAN_POINT('',(0.0072206409325177,0.00581925050416903,0.042653649268309));
#1880=CARTESIAN_POINT('',(0.00722064093251774,0.00581925050416902,0.0426536492683089));
#1881=CARTESIAN_POINT('',(0.00865828681986416,0.00498851317633725,0.0440912951556553));
#1882=CARTESIAN_POINT('',(0.00467130478480874,-0.00810446298949635,0.0671546826623998));
#1883=CARTESIAN_POINT('',(0.00451058193790748,-0.00772303102293193,0.06844778756122));
#1884=CARTESIAN_POINT('',(0.00435552037777797,-0.00795929643885681,0.0682532096818147));
#1885=CARTESIAN_POINT('',(0.00420045881764846,-0.0081955618547817,0.0680586318024094));
#1886=CARTESIAN_POINT('',(0.00404539725751895,-0.00843182727070658,0.0678640539230041));
#1887=CARTESIAN_POINT('',(0.00404536420907809,-0.00843179525736511,0.0678640333637307));
#1888=CARTESIAN_POINT('',(0.00468838672560999,-0.0099578262852394,0.0626907536155127));
#1889=CARTESIAN_POINT('',(0.00468833855774239,-0.0099578225294285,0.0626907467642859));
#1890=CARTESIAN_POINT('',(0.00468838672561759,-0.00995782628520517,0.0626907536155035));
#1891=CARTESIAN_POINT('',(0.00487107004545202,-0.00978711205477293,0.062663102737304));
#1892=CARTESIAN_POINT('',(0.00505375336528645,-0.00961639782434069,0.0626354518591044));
#1893=CARTESIAN_POINT('',(0.00523643668512087,-0.00944568359390845,0.0626078009809049));
#1894=CARTESIAN_POINT('',(0.00530448585804189,-0.00904904979127134,0.0623950370343701));
#1895=CARTESIAN_POINT('',(0.00476051080952849,-0.00999999987284239,0.0623955331267818));
#1896=CARTESIAN_POINT('',(0.00473555730130116,-0.00999995080826655,0.0624957166300013));
#1897=CARTESIAN_POINT('',(0.00471073324429011,-0.00998601252387973,0.0625939554266791));
#1898=CARTESIAN_POINT('',(0.00468640547446309,-0.0099580144646662,0.0626903155011864));
#1899=CARTESIAN_POINT('',(0.00475908869802984,-0.0100000035348142,0.062395178395584));
#1900=CARTESIAN_POINT('',(0.00525519528844903,-0.00950000528505934,0.062456832038015));
#1901=CARTESIAN_POINT('',(0.00508981418040257,-0.00966665875812618,0.0624362779827478));
#1902=CARTESIAN_POINT('',(0.00492443307235612,-0.00983331223119301,0.0624157239274806));
#1903=CARTESIAN_POINT('',(0.00475905196430967,-0.00999996570425984,0.0623951698722134));
#1904=CARTESIAN_POINT('',(0.00729702343160874,-0.00949999999999609,0.0460289383722998));
#1905=CARTESIAN_POINT('',(0.00737698014339703,-0.00939675604100716,0.0462226920812489));
#1906=CARTESIAN_POINT('',(0.00669627411379184,-0.00999809474590501,0.0468240307861467));
#1907=CARTESIAN_POINT('',(0.00669411739589455,-0.00999999999999532,0.046825936040237));
#1908=CARTESIAN_POINT('',(0.0070369674061081,-0.00964179994487467,0.0469716129249368));
#1909=CARTESIAN_POINT('',(0.014479693289718,-0.00999999999999536,-0.0158144712557326));
#1910=CARTESIAN_POINT('',(-0.00410447876339126,-0.00399999999999655,0.0835));
#1911=CARTESIAN_POINT('',(-0.0060286198545041,-0.00995782628522156,0.0637340120014402));
#1912=CARTESIAN_POINT('',(-0.00378635831933874,-0.00995782626717671,0.0635157367312641));
#1913=CARTESIAN_POINT('',(-0.00262987204243516,-0.00954643406497617,0.0647809467968889));
#1914=CARTESIAN_POINT('',(0.00377185022083069,-0.00816786223708577,0.0687748838358959));
#1915=CARTESIAN_POINT('',(0.00377181790290765,-0.00816782353305767,0.0687748580345882));
#1916=CARTESIAN_POINT('',(-0.00278350285161233,-0.00399999999999655,0.0833714081971308));
#1917=CARTESIAN_POINT('',(-0.00410447876339126,-0.00399999999999655,0.0835));
#1918=CARTESIAN_POINT('',(-0.00360683112186776,-0.00399999999999175,0.0834515559618852));
#1919=CARTESIAN_POINT('',(-0.00456890166739656,-0.00697891314259938,0.0735685619625445));
#1920=CARTESIAN_POINT('',(-0.00520391828762902,-0.0089450602911365,0.0670457307270545));
#1921=CARTESIAN_POINT('',(-0.0052040527333846,-0.00894501762027817,0.0670457308619734));
#1922=CARTESIAN_POINT('',(-0.00523758676106272,-0.0090495784830219,0.0666988115430973));
#1923=CARTESIAN_POINT('',(-0.00520805912610207,-0.00914694679583112,0.0663698419157078));
#1924=CARTESIAN_POINT('',(-0.00503027770086168,-0.00923439613542927,0.0660596598982047));
#1925=CARTESIAN_POINT('',(-0.00503038913943258,-0.00923436983550079,0.066059588612256));
#1926=CARTESIAN_POINT('',(-0.0338007203119651,-0.0126049057230343,0.0575722097268945));
#1927=CARTESIAN_POINT('',(0.000735635163408743,-0.0089999999999963,0.0627868322473998));
#1928=CARTESIAN_POINT('',(-0.00378635842569118,-0.00995782628519903,0.0635157366816006));
#1929=CARTESIAN_POINT('',(-0.00372785921999177,-0.00998588947697984,0.0634160558634946));
#1930=CARTESIAN_POINT('',(-0.00366692892959126,-0.00999999999998742,0.0633126987519998));
#1931=CARTESIAN_POINT('',(-0.00360456902139125,-0.0099999999999963,0.0632093340326998));
#1932=CARTESIAN_POINT('',(-0.00360456892560422,-0.0099999999374449,0.0632093339381287));
#1933=CARTESIAN_POINT('',(-0.00360456891738383,-0.0099999999999963,0.0632093340225754));
#1934=CARTESIAN_POINT('',(-0.000816683146072084,-0.0099999999999963,0.0629379500826583));
#1935=CARTESIAN_POINT('',(0.00197120262523966,-0.00999999999994699,0.0626665661427414));
#1936=CARTESIAN_POINT('',(0.0047590883965514,-0.00999999999984836,0.0623951822028243));
#1937=CARTESIAN_POINT('',(-0.00410447876339126,0.0100000000000034,0.0835));
#1938=CARTESIAN_POINT('',(-0.00410447876339124,-0.00347798467459655,0.0835));
#1939=CARTESIAN_POINT('',(-0.00410447876340721,-0.00347798467459045,0.083500000000003));
#1940=CARTESIAN_POINT('',(-0.00278350285157882,-0.00399999999999655,0.0833714081971278));
#1941=CARTESIAN_POINT('',(-0.0021138881971524,-0.0034833167909058,0.0833062238477388));
#1942=CARTESIAN_POINT('',(-0.00211388819709124,0.0100000000000035,0.083306223848));
#1943=CARTESIAN_POINT('',(-0.00211388819704255,0.00348331679101532,0.0833062238477887));
#1944=CARTESIAN_POINT('',(-0.00211388819713691,0.00348331679100346,0.0833062238475309));
#1945=CARTESIAN_POINT('',(-0.00278350253759471,0.00399999975773052,0.0833714081665877));
#1946=CARTESIAN_POINT('',(-0.00410447876338144,0.00399999999997303,0.0835000000001009));
#1947=CARTESIAN_POINT('',(-0.00360683112182899,0.00399999999999935,0.0834515559619309));
#1948=CARTESIAN_POINT('',(-0.00360683112190196,0.00400000000000345,0.0834515559618899));
#1949=CARTESIAN_POINT('',(-0.00410447864894106,0.00347798479464783,0.0834999999888571));
#1950=CARTESIAN_POINT('',(-0.00410447876339126,0.0100000000000034,0.0835));
#1951=CARTESIAN_POINT('',(-0.00508046960089126,-0.00649999999999643,0.0734740080030998));
#1952=CARTESIAN_POINT('',(-0.00573157495087996,-0.00851605411699635,0.0667854441588987));
#1953=CARTESIAN_POINT('',(-0.00573157991985662,-0.0085160591610878,0.0667854454052979));
#1954=CARTESIAN_POINT('',(-0.00573157495087939,-0.0085160541169846,0.0667854441588951));
#1955=CARTESIAN_POINT('',(-0.00555567505338699,-0.00865904194032546,0.0668722006715314));
#1956=CARTESIAN_POINT('',(-0.00537977515589459,-0.00880202976366631,0.0669589571841677));
#1957=CARTESIAN_POINT('',(-0.00520387525840218,-0.00894501758700717,0.0670457136968041));
#1958=CARTESIAN_POINT('',(-0.00587371149300182,-0.00842008620453445,0.0666501799290479));
#1959=CARTESIAN_POINT('',(-0.00582561978350446,-0.00845502530342939,0.0666974859026141));
#1960=CARTESIAN_POINT('',(-0.00577555854602956,-0.0084879242515892,0.0667445658848446));
#1961=CARTESIAN_POINT('',(-0.00567441161547134,-0.00855266095766415,0.0668386082992751));
#1962=CARTESIAN_POINT('',(-0.005623448664574,-0.00858462585901895,0.0668855848153929));
#1963=CARTESIAN_POINT('',(-0.00552166039435672,-0.00864869822846015,0.066979553640023));
#1964=CARTESIAN_POINT('',(-0.00547077423864746,-0.00868074267870435,0.0670265389679304));
#1965=CARTESIAN_POINT('',(-0.00536863712545966,-0.00874445369647945,0.0671204677649663));
#1966=CARTESIAN_POINT('',(-0.00531732533159182,-0.0087760572461681,0.06716740425349));
#1967=CARTESIAN_POINT('',(-0.00526584378431456,-0.0088074849554828,0.0672143212638347));
#1968=CARTESIAN_POINT('',(-0.00583957432439752,-0.00847520228250574,0.0665738373960871));
#1969=CARTESIAN_POINT('',(-0.00579332996397336,-0.00851205497220505,0.066621355341702));
#1970=CARTESIAN_POINT('',(-0.00574497402733602,-0.00854672036940659,0.0666686309968127));
#1971=CARTESIAN_POINT('',(-0.00564597574108106,-0.0086136827652791,0.0667629199550825));
#1972=CARTESIAN_POINT('',(-0.0055955124364322,-0.00864616522906265,0.0668099538025608));
#1973=CARTESIAN_POINT('',(-0.0054942283048607,-0.0087107598144221,0.0669039804740179));
#1974=CARTESIAN_POINT('',(-0.00544339776831832,-0.0087428618782154,0.0669509721838766));
#1975=CARTESIAN_POINT('',(-0.0053416996636362,-0.0088070276463274,0.0670449513544387));
#1976=CARTESIAN_POINT('',(-0.00529082238587672,-0.0088390812928634,0.067091937701022));
#1977=CARTESIAN_POINT('',(-0.0052396170365269,-0.00887079510386885,0.0671388864033838));
#1978=CARTESIAN_POINT('',(-0.00580103587284386,-0.00852575925761874,0.0664969898428013));
#1979=CARTESIAN_POINT('',(-0.00575654192555314,-0.00856442512627399,0.0665447086376337));
#1980=CARTESIAN_POINT('',(-0.0057098513194632,-0.00860081556895909,0.066592175379259));
#1981=CARTESIAN_POINT('',(-0.00561342849144906,-0.00867044577310734,0.0666867598556478));
#1982=CARTESIAN_POINT('',(-0.00556389931398798,-0.0087038958597443,0.0667339008885253));
#1983=CARTESIAN_POINT('',(-0.00546399832670206,-0.0087699231857891,0.0668280862673608));
#1984=CARTESIAN_POINT('',(-0.00541363650853466,-0.00880251077513235,0.0668751317598001));
#1985=CARTESIAN_POINT('',(-0.00531284195047026,-0.0088676124889835,0.0669692146068359));
#1986=CARTESIAN_POINT('',(-0.00526241920223066,-0.00890013696342685,0.0670162531079139));
#1987=CARTESIAN_POINT('',(-0.00521167638996906,-0.0089323298970567,0.067063254883589));
#1988=CARTESIAN_POINT('',(-0.00573598100575042,-0.00859408766283544,0.0663808869419846));
#1989=CARTESIAN_POINT('',(-0.0056947269888866,-0.00863610963842834,0.066428977499091));
#1990=CARTESIAN_POINT('',(-0.00565095704234676,-0.00867552546884369,0.0664767793685934));
#1991=CARTESIAN_POINT('',(-0.00555907427322708,-0.00874985852802509,0.0665718847890545));
#1992=CARTESIAN_POINT('',(-0.0055112115414048,-0.0087850348152329,0.066619217036403));
#1993=CARTESIAN_POINT('',(-0.00541381069676096,-0.00885365193332159,0.0667136892913523));
#1994=CARTESIAN_POINT('',(-0.00536430526556292,-0.00888712661771415,0.0667608330489695));
#1995=CARTESIAN_POINT('',(-0.00526501771714684,-0.0089537893791352,0.0668550888161705));
#1996=CARTESIAN_POINT('',(-0.0052152682815523,-0.00898701130967535,0.0669022045757706));
#1997=CARTESIAN_POINT('',(-0.0051651726351878,-0.00901987461509125,0.0669492806098));
#1998=CARTESIAN_POINT('',(-0.00571307335257218,-0.00861559725729394,0.0663420456779727));
#1999=CARTESIAN_POINT('',(-0.00567300478676886,-0.00865884719151719,0.0663902722583607));
#2000=CARTESIAN_POINT('',(-0.00563027502850296,-0.00869934050898259,0.0664381934831241));
#2001=CARTESIAN_POINT('',(-0.0055400175140787,-0.00877535710077769,0.0665334853916479));
#2002=CARTESIAN_POINT('',(-0.00549275706635316,-0.00881115726861109,0.0665808867474216));
#2003=CARTESIAN_POINT('',(-0.00539626346721606,-0.0088807141639533,0.0666754631032567));
#2004=CARTESIAN_POINT('',(-0.00534706835604302,-0.00891451029573665,0.0667226424682027));
#2005=CARTESIAN_POINT('',(-0.00524829274712878,-0.00898170335364245,0.066816956977338));
#2006=CARTESIAN_POINT('',(-0.0051987502896261,-0.00901513968403935,0.066864096486412));
#2007=CARTESIAN_POINT('',(-0.0051488484734708,-0.00904820376997535,0.0669111947612772));
#2008=CARTESIAN_POINT('',(-0.00566402029558102,-0.00865526259727044,0.0662639916378229));
#2009=CARTESIAN_POINT('',(-0.0056265611809711,-0.00870121555163334,0.0663125176368155));
#2010=CARTESIAN_POINT('',(-0.0055861862815161,-0.00874414816776424,0.0663607090672648));
#2011=CARTESIAN_POINT('',(-0.00549968440037924,-0.00882405506127164,0.0664564319118026));
#2012=CARTESIAN_POINT('',(-0.00545385460809852,-0.00886133718458279,0.0665039974265631));
#2013=CARTESIAN_POINT('',(-0.00535949170572382,-0.00893310117859559,0.066598818266856));
#2014=CARTESIAN_POINT('',(-0.00531100593407434,-0.0089676320851906,0.0666460790241859));
#2015=CARTESIAN_POINT('',(-0.00521330423869962,-0.00903593756471259,0.0667405167583492));
#2016=CARTESIAN_POINT('',(-0.0051641356534189,-0.00906976117353289,0.0667876991669801));
#2017=CARTESIAN_POINT('',(-0.00511459054992,-0.00910319476302944,0.0668348383724402));
#2018=CARTESIAN_POINT('',(-0.00563764564533404,-0.00867318087609054,0.0662247525570576));
#2019=CARTESIAN_POINT('',(-0.00560171064581574,-0.00872071259682629,0.0662734534389555));
#2020=CARTESIAN_POINT('',(-0.0055627092923201,-0.00876506801113429,0.0663218024754261));
#2021=CARTESIAN_POINT('',(-0.00547839840315982,-0.00884724446057989,0.0664177767229284));
#2022=CARTESIAN_POINT('',(-0.00543340280477668,-0.00888539069007309,0.0664654379563502));
#2023=CARTESIAN_POINT('',(-0.00534026668183156,-0.00895842545301574,0.0665603995620997));
#2024=CARTESIAN_POINT('',(-0.00529217793702086,-0.00899336762292035,0.066607705875838));
#2025=CARTESIAN_POINT('',(-0.00519504587820844,-0.00906226316486329,0.0667022089723238));
#2026=CARTESIAN_POINT('',(-0.005146054343958,-0.00909627017335679,0.066749411696482));
#2027=CARTESIAN_POINT('',(-0.00509667971536632,-0.00912988035060514,0.0667965704628965));
#2028=CARTESIAN_POINT('',(-0.0055816748418973,-0.00870568041505484,0.0661459047477171));
#2029=CARTESIAN_POINT('',(-0.00554861249095252,-0.00875618779097539,0.0661949352485067));
#2030=CARTESIAN_POINT('',(-0.0055125965568181,-0.00880363567495344,0.0662436268436362));
#2031=CARTESIAN_POINT('',(-0.00543328023156006,-0.00889098578193409,0.0663401741868791));
#2032=CARTESIAN_POINT('',(-0.00539030067114116,-0.00893122033989829,0.0663880667483605));
#2033=CARTESIAN_POINT('',(-0.00530013190991292,-0.00900732886735619,0.0664833688407675));
#2034=CARTESIAN_POINT('',(-0.00525301525359554,-0.00904327798262139,0.0665307866957314));
#2035=CARTESIAN_POINT('',(-0.00515726352074072,-0.0091136033458558,0.0666254481762039));
#2036=CARTESIAN_POINT('',(-0.0051087009886953,-0.00914805473959655,0.0666727001257508));
#2037=CARTESIAN_POINT('',(-0.00505969317724386,-0.00918204488722774,0.0667199009821971));
#2038=CARTESIAN_POINT('',(-0.00555220480927672,-0.00872039231816914,0.066106310490704));
#2039=CARTESIAN_POINT('',(-0.0055203886418805,-0.00877219056292604,0.0661554839834478));
#2040=CARTESIAN_POINT('',(-0.00548596006775216,-0.00882128272600539,0.066204357718453));
#2041=CARTESIAN_POINT('',(-0.005409436780451,-0.00891152602289164,0.0663012255457662));
#2042=CARTESIAN_POINT('',(-0.00536764832836084,-0.00895299439960409,0.0663492547796652));
#2043=CARTESIAN_POINT('',(-0.00527922812178686,-0.00903091418088719,0.0664447575080563));
#2044=CARTESIAN_POINT('',(-0.00523268777680776,-0.00906746027269814,0.0664922414912318));
#2045=CARTESIAN_POINT('',(-0.0051377499043084,-0.00913862867946544,0.0665869963572157));
#2046=CARTESIAN_POINT('',(-0.00508944378629282,-0.00917334568166214,0.0666342777287077));
#2047=CARTESIAN_POINT('',(-0.00504062748754152,-0.00920753420921444,0.0666815005600674));
#2048=CARTESIAN_POINT('',(-0.0054923127615368,-0.00874883000599834,0.0660270127424762));
#2049=CARTESIAN_POINT('',(-0.00546203956265462,-0.00880222654656344,0.0660763632814332));
#2050=CARTESIAN_POINT('',(-0.00543026483007916,-0.00885406771187479,0.0661255415285663));
#2051=CARTESIAN_POINT('',(-0.0053591254301854,-0.00894988795005359,0.0662230271241247));
#2052=CARTESIAN_POINT('',(-0.0053199823674402,-0.00899409657372674,0.0662713599003211));
#2053=CARTESIAN_POINT('',(-0.00523570554420746,-0.00907630831060979,0.0663673380566864));
#2054=CARTESIAN_POINT('',(-0.0051906805395051,-0.00911442407933869,0.0664149959159189));
#2055=CARTESIAN_POINT('',(-0.00509780200180812,-0.00918772566395814,0.0665099870780112));
#2056=CARTESIAN_POINT('',(-0.00505005722459866,-0.00922302413536759,0.0665573328599345));
#2057=CARTESIAN_POINT('',(-0.00500174224620306,-0.00925773195949509,0.066604613214742));
#2058=CARTESIAN_POINT('',(-0.00546190873718428,-0.00876257442658103,0.0659873113155966));
#2059=CARTESIAN_POINT('',(-0.0054320332188044,-0.00881638290755039,0.0660367074859634));
#2060=CARTESIAN_POINT('',(-0.0054012737406974,-0.00886927573203044,0.0660860022273537));
#2061=CARTESIAN_POINT('',(-0.00533265591803916,-0.00896770796543739,0.0661837771585178));
#2062=CARTESIAN_POINT('',(-0.00529495290671068,-0.00901340827747984,0.0662322751718304));
#2063=CARTESIAN_POINT('',(-0.00521309198354846,-0.00909812254308944,0.0663285305379942));
#2064=CARTESIAN_POINT('',(-0.00516903008706692,-0.00913723595489994,0.0663762989080219));
#2065=CARTESIAN_POINT('',(-0.00507739683020898,-0.00921182747328724,0.0664714329584988));
#2066=CARTESIAN_POINT('',(-0.00502992148518478,-0.00924740503810744,0.0665188096561244));
#2067=CARTESIAN_POINT('',(-0.00498193394944166,-0.00928245204623519,0.0665661275829815));
#2068=CARTESIAN_POINT('',(-0.00537052567013008,-0.00880363056282664,0.0658681874144234));
#2069=CARTESIAN_POINT('',(-0.00534146691801138,-0.00885828509742868,0.0659176773037432));
#2070=CARTESIAN_POINT('',(-0.0053125473566979,-0.00891308381391534,0.0659671831643679));
#2071=CARTESIAN_POINT('',(-0.00525004596839952,-0.00901785180303864,0.0660656599190726));
#2072=CARTESIAN_POINT('',(-0.0052164298875523,-0.00906778559354704,0.0661146268827307));
#2073=CARTESIAN_POINT('',(-0.00514225855105984,-0.00916046517682549,0.0662117645820628));
#2074=CARTESIAN_POINT('',(-0.00510168515218722,-0.00920319217579394,0.0662599332359125));
#2075=CARTESIAN_POINT('',(-0.00501472952798444,-0.00928262905604784,0.0663556040162026));
#2076=CARTESIAN_POINT('',(-0.00496832915942692,-0.00931932014353169,0.0664031040608188));
#2077=CARTESIAN_POINT('',(-0.00492154921832016,-0.00935561804787184,0.0664505605517924));
#2078=CARTESIAN_POINT('',(-0.00530941889691446,-0.00883080996781899,0.0657887502838645));
#2079=CARTESIAN_POINT('',(-0.00528046400630154,-0.00888557208819168,0.0658382520906531));
#2080=CARTESIAN_POINT('',(-0.00525130695160374,-0.00894012479532884,0.0658877307003565));
#2081=CARTESIAN_POINT('',(-0.0051909395511194,-0.00904710329220159,0.0659864523171493));
#2082=CARTESIAN_POINT('',(-0.0051595978989633,-0.00909939306722124,0.0660356802576322));
#2083=CARTESIAN_POINT('',(-0.00509086503383672,-0.00919770613302719,0.0661334419883868));
#2084=CARTESIAN_POINT('',(-0.00505330639043422,-0.00924355598970774,0.0661819565670371));
#2085=CARTESIAN_POINT('',(-0.00497078798066884,-0.00932758919273924,0.0662781364906018));
#2086=CARTESIAN_POINT('',(-0.00492566078387394,-0.00936559910498454,0.0663257826238948));
#2087=CARTESIAN_POINT('',(-0.00488002717885826,-0.00940308445036014,0.0663733706499273));
#2088=CARTESIAN_POINT('',(-0.00524730886919438,-0.00885695014398413,0.0657091980359379));
#2089=CARTESIAN_POINT('',(-0.00521844931166516,-0.00891181101586159,0.0657587107816285));
#2090=CARTESIAN_POINT('',(-0.00518889701943852,-0.00896595431315398,0.0658081440402484));
#2091=CARTESIAN_POINT('',(-0.00512941645183312,-0.00907385144268659,0.0659069674157123));
#2092=CARTESIAN_POINT('',(-0.0050993597967753,-0.00912747229184678,0.0659563428017704));
#2093=CARTESIAN_POINT('',(-0.00503474438516874,-0.00923005045361979,0.0660545769851922));
#2094=CARTESIAN_POINT('',(-0.00499996742181894,-0.00927878173503504,0.0661034107446568));
#2095=CARTESIAN_POINT('',(-0.00492272287954654,-0.00936827791441434,0.0662001958123593));
#2096=CARTESIAN_POINT('',(-0.00488003709382286,-0.00940881678118074,0.0662481220826981));
#2097=CARTESIAN_POINT('',(-0.00483574347453854,-0.00944769016114754,0.0662958638639493));
#2098=CARTESIAN_POINT('',(-0.00503064970333907,-0.00923462491830504,0.066059499724319));
#2099=CARTESIAN_POINT('',(-0.0052182242751106,-0.00905654329750821,0.0660983644452782));
#2100=CARTESIAN_POINT('',(-0.00540614516674803,-0.00887880384044047,0.0661371255316033));
#2101=CARTESIAN_POINT('',(-0.00559441079190179,-0.0087014065000184,0.066175777674788));
#2102=CARTESIAN_POINT('',(-0.00559471442340034,-0.00870171152974449,0.0661756995046011));
#2103=CARTESIAN_POINT('',(-0.00559471293950278,-0.00870147025495732,0.0661756308270856));
#2104=CARTESIAN_POINT('',(-0.00559872172251608,-0.00869953593852792,0.0661823399385603));
#2105=CARTESIAN_POINT('',(-0.00562310097158002,-0.00868731119575998,0.0662250328085466));
#2106=CARTESIAN_POINT('',(-0.00564572342348553,-0.00867402095534174,0.0662719748765816));
#2107=CARTESIAN_POINT('',(-0.00566558095223462,-0.00866083260368787,0.0663179493149968));
#2108=CARTESIAN_POINT('',(-0.00568925417240934,-0.00864171766774899,0.0663804321124347));
#2109=CARTESIAN_POINT('',(-0.00571528053441533,-0.00861044805144182,0.0664807722045014));
#2110=CARTESIAN_POINT('',(-0.00572255565663317,-0.0085987254438359,0.0665178533306581));
#2111=CARTESIAN_POINT('',(-0.00574138136942409,-0.00855175079680478,0.0666677959586213));
#2112=CARTESIAN_POINT('',(-0.00573491647647645,-0.00852622634758803,0.0667511197017155));
#2113=CARTESIAN_POINT('',(-0.0057315744618549,-0.00851607372838982,0.0667854491820969));
#2114=CARTESIAN_POINT('',(-0.022075681026812,-0.0254989620357134,0.060961659225068));
#2115=CARTESIAN_POINT('',(-0.00415560502481768,-0.0095310465163424,0.0632477643639038));
#2116=CARTESIAN_POINT('',(-0.00455413400498797,-0.00924053146234011,0.0642596544832438));
#2117=CARTESIAN_POINT('',(-0.00503374971296332,-0.00896729062435263,0.0652365859025922));
#2118=CARTESIAN_POINT('',(-0.00559466452324668,-0.00870107825505239,0.0661755497706518));
#2119=CARTESIAN_POINT('',(-0.00415560400667322,-0.0095310361167964,0.0632477617791723));
#2120=CARTESIAN_POINT('',(-0.00415560955999023,-0.00953104128507328,0.0632477611920832));
#2121=CARTESIAN_POINT('',(-0.00403259440602407,-0.00967336790102082,0.0633370765576866));
#2122=CARTESIAN_POINT('',(-0.00390970121093556,-0.00981580937658945,0.0634263768666294));
#2123=CARTESIAN_POINT('',(-0.00378692975951966,-0.00995836579569334,0.063515661055234));
#2124=CARTESIAN_POINT('',(0.0206186646451816,0.0178934207099309,0.0749950322308896));
#2125=CARTESIAN_POINT('',(-0.00407188111447059,-0.00949999999999626,0.0630315155643077));
#2126=CARTESIAN_POINT('',(-0.00409804662584409,-0.00952152275539824,0.0631002792872168));
#2127=CARTESIAN_POINT('',(-0.00412651339811213,-0.00953220941135655,0.0631738988658535));
#2128=CARTESIAN_POINT('',(-0.00415560400709501,-0.00953103616938402,0.0632477617798415));
#2129=CARTESIAN_POINT('',(-0.00407188103595574,-0.0095000001667512,0.0630315155924565));
#2130=CARTESIAN_POINT('',(-0.00407646228870363,-0.00950508293034776,0.0630292957974953));
#2131=CARTESIAN_POINT('',(-0.00392015845838411,-0.00967122188912967,0.0630871289230065));
#2132=CARTESIAN_POINT('',(-0.00376284215698831,-0.00983620055274347,0.0631471580936838));
#2133=CARTESIAN_POINT('',(-0.00360453273275707,-0.00999995820616502,0.063209351689103));
#2134=CARTESIAN_POINT('',(-0.00410447876339126,0.00400000000000345,0.0835));
#2135=CARTESIAN_POINT('',(-0.0338007203026621,0.0126049057161136,0.0575722097491926));
#2136=CARTESIAN_POINT('',(-0.00378635831933022,0.0099578262672064,0.0635157367312567));
#2137=CARTESIAN_POINT('',(-0.00503038853980454,0.00923437306761904,0.0660595974367496));
#2138=CARTESIAN_POINT('',(-0.00503028077807341,0.00923439461949044,0.0660596652747992));
#2139=CARTESIAN_POINT('',(-0.00520806285488086,0.00914694210004055,0.0663698580053389));
#2140=CARTESIAN_POINT('',(-0.00523758558270569,0.00904957999073974,0.066698806378931));
#2141=CARTESIAN_POINT('',(-0.0052040538249616,0.00894502104740061,0.0670457194905177));
#2142=CARTESIAN_POINT('',(-0.00520391899282362,0.00894506195579585,0.0670457187876904));
#2143=CARTESIAN_POINT('',(-0.0036068311218239,0.00400000000000345,0.0834515559618823));
#2144=CARTESIAN_POINT('',(0.00133980582227699,0.00662156769673299,0.0741901529416373));
#2145=CARTESIAN_POINT('',(0.00377184673710649,0.00816785957776254,0.0687748922437678));
#2146=CARTESIAN_POINT('',(-0.00263027929045365,0.00954645606639961,0.0647809127561606));
#2147=CARTESIAN_POINT('',(0.00404536508480584,0.00843179263846033,0.0678640374525459));
#2148=CARTESIAN_POINT('',(0.0041447662613611,0.00866765850810532,0.0670645607376447));
#2149=CARTESIAN_POINT('',(0.00468833855858109,0.00995782252861434,0.0626907467623577));
#2150=CARTESIAN_POINT('',(-0.00123652425274331,0.00995782628521116,0.063267520366376));
#2151=CARTESIAN_POINT('',(-0.00211388819709126,0.0100000000000035,0.083306223848));
#2152=CARTESIAN_POINT('',(0.00193299229691864,-0.00605629291068703,0.0742951477545015));
#2153=CARTESIAN_POINT('',(0.00443042529043225,-0.00764411084295232,0.0687341137968011));
#2154=CARTESIAN_POINT('',(0.00443044829878679,3.63077623521946E-15,0.068734132027691));
#2155=CARTESIAN_POINT('',(0.00443042349054765,0.00764411029825307,0.0687341168489537));
#2156=CARTESIAN_POINT('',(0.00443044508346479,0.00764415457082517,0.0687341391877092));
#2157=CARTESIAN_POINT('',(-0.00473627966769126,3.65506236388313E-15,0.0666885560826999));
#2158=CARTESIAN_POINT('',(-0.00573157495087994,0.0100000000000037,0.0667854441588989));
#2159=CARTESIAN_POINT('',(-0.0057315797319488,0.00851605926723055,0.066785444858224));
#2160=CARTESIAN_POINT('',(-0.00573157451185533,0.00851607386935369,0.0667854486684865));
#2161=CARTESIAN_POINT('',(-0.00573491588029392,0.0085262245847296,0.0667511256420921));
#2162=CARTESIAN_POINT('',(-0.00574130316173715,0.00855192901593711,0.0666672237715462));
#2163=CARTESIAN_POINT('',(-0.00572269000268704,0.00859840975470619,0.0665188667141716));
#2164=CARTESIAN_POINT('',(-0.00571214427358962,0.00861603893542083,0.0664630076719653));
#2165=CARTESIAN_POINT('',(-0.00567014711673648,0.00865848477212084,0.0663264653599512));
#2166=CARTESIAN_POINT('',(-0.00564585086454651,0.00867451066694048,0.0662703866552017));
#2167=CARTESIAN_POINT('',(-0.00560842284751893,0.00869470913519234,0.066198576464814));
#2168=CARTESIAN_POINT('',(-0.00559471977072491,0.00870146697350854,0.0661756422600127));
#2169=CARTESIAN_POINT('',(-0.00559467944194818,0.00870170676692352,0.0661757354934255));
#2170=CARTESIAN_POINT('',(-0.00559475991377358,0.0087017067668985,0.0661757094515455));
#2171=CARTESIAN_POINT('',(-0.00559475597860497,0.00290057362403356,0.0661757028642651));
#2172=CARTESIAN_POINT('',(-0.00559475204336053,-0.00290055951883139,0.0661756962770301));
#2173=CARTESIAN_POINT('',(-0.00559474810804028,-0.00870169266169634,0.0661756896898404));
#2174=CARTESIAN_POINT('',(-0.0227643648365912,-0.000660000000096216,0.0559187768302999));
#2175=CARTESIAN_POINT('',(-0.00415560505922724,0.00953104649129668,0.0632477644512718));
#2176=CARTESIAN_POINT('',(-0.00455413566157353,0.00924053025915995,0.0642596586754848));
#2177=CARTESIAN_POINT('',(-0.00503375363630195,0.00896728839158532,0.0652365938912223));
#2178=CARTESIAN_POINT('',(-0.00559467135724332,0.00870107501156639,0.0661755612106618));
#2179=CARTESIAN_POINT('',(-0.00415560404108714,0.00953103609179422,0.063247761866551));
#2180=CARTESIAN_POINT('',(-0.0040717290858045,0.00950180530398789,0.0630311160157162));
#2181=CARTESIAN_POINT('',(-0.00409889388102589,0.00951990752777418,0.0631025104766777));
#2182=CARTESIAN_POINT('',(-0.00412683875832033,0.00952959822261026,0.0631747250270046));
#2183=CARTESIAN_POINT('',(-0.00415560574526596,0.00953070649262825,0.0632477661931669));
#2184=CARTESIAN_POINT('',(-0.00407188103596022,0.00950000016675851,0.0630315155924599));
#2185=CARTESIAN_POINT('',(-0.0227643648365912,0.00950000000001257,0.0559187768303003));
#2186=CARTESIAN_POINT('',(-0.00609769816990746,0.00950000000000862,0.0448633608624949));
#2187=CARTESIAN_POINT('',(-0.00609769816989072,-0.000660000000096203,0.0448633608624996));
#2188=CARTESIAN_POINT('',(-0.00609769816990766,-0.00949999999999608,0.044863360862495));
#2189=CARTESIAN_POINT('',(-0.0227643648365912,-0.00949999999999622,0.0559187768302999));
#2190=CARTESIAN_POINT('',(-0.0227643648365912,0.0105000000000038,0.0559187768303));
#2191=CARTESIAN_POINT('',(-0.0227643648365912,-0.00999999999998747,0.0559187768303006));
#2192=CARTESIAN_POINT('',(-0.00568103150326534,-0.00999999999999203,0.0445869754632912));
#2193=CARTESIAN_POINT('',(-0.00568103150327237,-0.00999999999998839,0.0445869754632873));
#2194=CARTESIAN_POINT('',(-0.00581992039215767,-0.00983333333332618,0.0446791039296831));
#2195=CARTESIAN_POINT('',(-0.00595880928104041,-0.00966666666666397,0.0447712323960828));
#2196=CARTESIAN_POINT('',(-0.0060976981699206,-0.00950000000000176,0.0448633608624864));
#2197=CARTESIAN_POINT('',(0.00165192980096979,0.00466786401108424,0.0668180063848677));
#2198=CARTESIAN_POINT('',(0.00443044488252445,0.00764415569043331,0.0687341377475915));
#2199=CARTESIAN_POINT('',(0.00421090336286563,0.00781871185639728,0.0687477098256344));
#2200=CARTESIAN_POINT('',(0.00399136184320681,0.00799326802236124,0.0687612819036773));
#2201=CARTESIAN_POINT('',(0.00377182032354799,0.00816782418832521,0.0687748539817201));
#2202=CARTESIAN_POINT('',(0.00451027298929024,0.0077293091316955,0.0684502688502726));
#2203=CARTESIAN_POINT('',(0.00449813186809617,0.00769106901246475,0.0685459985865045));
#2204=CARTESIAN_POINT('',(0.00447239282495443,0.00766157366093439,0.0686406141043219));
#2205=CARTESIAN_POINT('',(0.00443064715974014,0.0076416388955269,0.0687336889416738));
#2206=CARTESIAN_POINT('',(0.00404540060077771,0.00843182581015096,0.0678640494465311));
#2207=CARTESIAN_POINT('',(0.00420045802169904,0.00819556221246705,0.0680586328444459));
#2208=CARTESIAN_POINT('',(0.00435551544262037,0.00795929861478313,0.0682532162423608));
#2209=CARTESIAN_POINT('',(0.0045105728635417,0.00772303501709922,0.0684477996402756));
#2210=CARTESIAN_POINT('',(-0.00305262671811626,0.00848775591732391,0.0636920349465558));
#2211=CARTESIAN_POINT('',(-0.00415545156682533,0.00953086796484246,0.0632478244983019));
#2212=CARTESIAN_POINT('',(-0.00403356163668539,0.00967444008176192,0.0633366804230996));
#2213=CARTESIAN_POINT('',(-0.00391016360629626,0.00981634866249511,0.0634261554622855));
#2214=CARTESIAN_POINT('',(-0.00378519086986827,0.00995659087859468,0.063516041051626));
#2215=CARTESIAN_POINT('',(-0.00360314929391301,0.00999999946036187,0.0632102396241455));
#2216=CARTESIAN_POINT('',(-0.00366792783164817,0.00999990099046444,0.0633117777038183));
#2217=CARTESIAN_POINT('',(-0.00372726003558743,0.00998640951220129,0.0634146790325377));
#2218=CARTESIAN_POINT('',(-0.00378442963137252,0.00995747671042845,0.0635167171013977));
#2219=CARTESIAN_POINT('',(-0.0036045689256028,0.00999999993745946,0.0632093339381377));
#2220=CARTESIAN_POINT('',(-0.00360384978770638,0.0099991578281477,0.0632097922694159));
#2221=CARTESIAN_POINT('',(-0.0037601989677349,0.00983317234569282,0.0631501383918532));
#2222=CARTESIAN_POINT('',(-0.00391647161964001,0.00966709725493441,0.0630905332717022));
#2223=CARTESIAN_POINT('',(-0.00407266892460798,0.00950093296016192,0.0630309794250326));
#2224=CARTESIAN_POINT('',(-0.00526436483659126,-0.0104999999999961,0.0443105900640998));
#2225=CARTESIAN_POINT('',(-0.00526436483659126,-0.00999999999999607,0.0443105900640998));
#2226=CARTESIAN_POINT('',(-0.00576436483659126,-0.00999999999999607,0.0443105900640998));
#2227=CARTESIAN_POINT('',(-0.00526436483659126,-0.00949999999999607,0.0443105900640998));
#2228=CARTESIAN_POINT('',(-0.00626436483659126,-0.00949999999999607,0.0443105900640998));
#2229=CARTESIAN_POINT('',(-0.00626436483659126,-0.00949999999999607,0.0443105900640998));
#2230=CARTESIAN_POINT('',(-0.00626436483659126,-0.00949999999999592,0.0313817912141998));
#2231=CARTESIAN_POINT('',(-0.00576436483659126,-0.00999999999999592,0.0313817912141998));
#2232=CARTESIAN_POINT('',(-0.005764364836591,-0.00999999999999606,0.0428697552484998));
#2233=CARTESIAN_POINT('',(-0.00626436483659127,-0.00949999999999607,-0.00250000000000023));
#2234=CARTESIAN_POINT('',(-0.00626436483659082,-0.00949999999999561,0.0428697552484999));
#2235=CARTESIAN_POINT('',(-0.00526436483659126,-0.0104999999999961,0.0428697552484998));
#2236=CARTESIAN_POINT('',(-0.00626436483659127,0.00600000000000449,-0.00250000000000005));
#2237=CARTESIAN_POINT('',(-0.00626436483659126,3.92394450265954E-15,0.0443105900640999));
#2238=CARTESIAN_POINT('',(-0.00626436483659144,0.0095000000000041,0.0443105900641));
#2239=CARTESIAN_POINT('',(-0.00626436483659144,0.00950000000000411,0.0146317912142));
#2240=CARTESIAN_POINT('',(-0.00626436483659076,0.00950000000000355,0.0428697552485002));
#2241=CARTESIAN_POINT('',(-0.00626436483659126,0.00600000000000448,0.0428697552484999));
#2242=CARTESIAN_POINT('',(-0.00526436483659126,3.9412917374193E-15,0.0428697552484999));
#2243=CARTESIAN_POINT('',(-0.00526436483659126,-0.00949999999999606,0.0428697552484999));
#2244=CARTESIAN_POINT('',(-0.00526436483659126,0.00950000000000406,0.0428697552485));
#2245=CARTESIAN_POINT('',(-0.00526436483659126,3.92394450265954E-15,0.0443105900640999));
#2246=CARTESIAN_POINT('',(-0.00526436483659126,0.00950000000000392,0.0443105900641));
#2247=CARTESIAN_POINT('',(-0.0220756382090095,0.0254990091014302,0.0609616716025159));
#2248=CARTESIAN_POINT('',(-0.00559440112894007,0.00870143045515172,0.0661758223246981));
#2249=CARTESIAN_POINT('',(-0.00540613864807378,0.00887882189215071,0.0661371622742098));
#2250=CARTESIAN_POINT('',(-0.00521822095234519,0.00905655549725378,0.0660983932633966));
#2251=CARTESIAN_POINT('',(-0.00503064962846665,0.00923463131755973,0.0660595206019613));
#2252=CARTESIAN_POINT('',(-0.00587368601961822,0.00842010596403439,0.0666502018838397));
#2253=CARTESIAN_POINT('',(-0.00582559604538056,0.00845504200609533,0.0666975063839576));
#2254=CARTESIAN_POINT('',(-0.0057755371463417,0.00848793852221619,0.066744584961976));
#2255=CARTESIAN_POINT('',(-0.00567439524592076,0.0085526707301546,0.0668386246085169));
#2256=CARTESIAN_POINT('',(-0.005623434947577,0.00858463352486086,0.066885599756464));
#2257=CARTESIAN_POINT('',(-0.00552165192943654,0.00864870162607842,0.0669795658386502));
#2258=CARTESIAN_POINT('',(-0.00547076838996058,0.00868074393205602,0.0670265497942027));
#2259=CARTESIAN_POINT('',(-0.005368636527559,0.00874445068025372,0.0671204758486222));
#2260=CARTESIAN_POINT('',(-0.0053173273849541,0.00877605212194011,0.0671674109688026));
#2261=CARTESIAN_POINT('',(-0.00526584846608926,0.00880747769955887,0.0672143266081791));
#2262=CARTESIAN_POINT('',(-0.00583920813310636,0.0084757736353724,0.0665730984076083));
#2263=CARTESIAN_POINT('',(-0.00579298383870824,0.00851264225632147,0.0666206169830897));
#2264=CARTESIAN_POINT('',(-0.00574464703429316,0.00854732261746274,0.0666678931609377));
#2265=CARTESIAN_POINT('',(-0.0056456748987935,0.00861430239315408,0.0667621817747342));
#2266=CARTESIAN_POINT('',(-0.00559521913624402,0.00864678781515758,0.0668092148150765));
#2267=CARTESIAN_POINT('',(-0.00549394520888902,0.00871138326199508,0.0669032393123229));
#2268=CARTESIAN_POINT('',(-0.00544311784996372,0.0087434837630294,0.066950229714258));
#2269=CARTESIAN_POINT('',(-0.00534142935558094,0.00880764977741645,0.0670442066424692));
#2270=CARTESIAN_POINT('',(-0.00529055902600366,0.00883970576696951,0.0670911921137763));
#2271=CARTESIAN_POINT('',(-0.00523935904612894,0.00887142028570697,0.0671381397596983));
#2272=CARTESIAN_POINT('',(-0.00580024465583554,0.00852679487305266,0.0664954802371277));
#2273=CARTESIAN_POINT('',(-0.00575578721589326,0.00856549370380393,0.0665432015483948));
#2274=CARTESIAN_POINT('',(-0.00570913168448446,0.00860191562454352,0.0665906706420805));
#2275=CARTESIAN_POINT('',(-0.00561276362653656,0.00867159285403266,0.0666852580579134));
#2276=CARTESIAN_POINT('',(-0.00556325466379624,0.00870505902591452,0.0667323997377643));
#2277=CARTESIAN_POINT('',(-0.00546338501616632,0.00877110910672909,0.0668265853675433));
#2278=CARTESIAN_POINT('',(-0.0054130347891932,0.00880370384857552,0.0668736305174533));
#2279=CARTESIAN_POINT('',(-0.00531226395812244,0.00886882043158126,0.0669677127419287));
#2280=CARTESIAN_POINT('',(-0.00526185381194132,0.00890135310565429,0.067014751016476));
#2281=CARTESIAN_POINT('',(-0.00521112342286706,0.00893355405363826,0.0670617525451145));
#2282=CARTESIAN_POINT('',(-0.00573438889819666,0.00859565046270089,0.0663782026670081));
#2283=CARTESIAN_POINT('',(-0.00569321588624634,0.008637751493512,0.0664263008463578));
#2284=CARTESIAN_POINT('',(-0.0056495185543692,0.0086772376880445,0.0664741093753986));
#2285=CARTESIAN_POINT('',(-0.0055577506798103,0.00875168005296773,0.0665692246342156));
#2286=CARTESIAN_POINT('',(-0.00550993132590376,0.00878689641918978,0.0666165601863714));
#2287=CARTESIAN_POINT('',(-0.00541259719951364,0.00885557293923467,0.0667110367517373));
#2288=CARTESIAN_POINT('',(-0.00536311554197976,0.00888906739543345,0.0667581815646856));
#2289=CARTESIAN_POINT('',(-0.00526386905390296,0.00895576298088234,0.0668524386982116));
#2290=CARTESIAN_POINT('',(-0.00521413733830976,0.0089889984125084,0.0668995548185274));
#2291=CARTESIAN_POINT('',(-0.00516405873524598,0.00902187451805565,0.0669466311356421));
#2292=CARTESIAN_POINT('',(-0.00571118874789536,0.0086173093361108,0.0663389669167293));
#2293=CARTESIAN_POINT('',(-0.00567121700950206,0.00866065471539842,0.0663872029348934));
#2294=CARTESIAN_POINT('',(-0.00562857365514544,0.00870123268067438,0.0664351324014261));
#2295=CARTESIAN_POINT('',(-0.00553845381074014,0.00877738217034461,0.0665304367616492));
#2296=CARTESIAN_POINT('',(-0.00549124585590522,0.00881323185901191,0.0665778424681176));
#2297=CARTESIAN_POINT('',(-0.00539483250585322,0.00888286217232927,0.0666724246869491));
#2298=CARTESIAN_POINT('',(-0.00534566552939376,0.00891668259334552,0.0667196056076301));
#2299=CARTESIAN_POINT('',(-0.00524693584314154,0.00898391351194923,0.0668139220410109));
#2300=CARTESIAN_POINT('',(-0.00519741155210638,0.00901736380590286,0.0668610619620287));
#2301=CARTESIAN_POINT('',(-0.00514752708888976,0.00905044101271212,0.0669081605555035));
#2302=CARTESIAN_POINT('',(-0.00566144112455652,0.00865715973284217,0.0662601113312924));
#2303=CARTESIAN_POINT('',(-0.00562412252646604,0.00870325338797326,0.0663086517811169));
#2304=CARTESIAN_POINT('',(-0.00558387630971916,0.0087463144467352,0.0663568563045668));
#2305=CARTESIAN_POINT('',(-0.00549758256921326,0.0088264272356497,0.0664525996868762));
#2306=CARTESIAN_POINT('',(-0.00545183361900732,0.00886378824551998,0.066500172805229));
#2307=CARTESIAN_POINT('',(-0.00535759199209096,0.00893566815500153,0.0665950042160482));
#2308=CARTESIAN_POINT('',(-0.00530914708809452,0.00897023654034662,0.0666422679901421));
#2309=CARTESIAN_POINT('',(-0.0052115063920504,0.00903859549785619,0.0667367093785051));
#2310=CARTESIAN_POINT('',(-0.00516235837271666,0.0090724355557545,0.0667838924744016));
#2311=CARTESIAN_POINT('',(-0.00511283316768656,0.00910588490294234,0.0668310322905484));
#2312=CARTESIAN_POINT('',(-0.00563466107669876,0.00867511034174969,0.0662204648095953));
#2313=CARTESIAN_POINT('',(-0.00559889582591312,0.00872281304366788,0.0662691834965481));
#2314=CARTESIAN_POINT('',(-0.00556005350521426,0.00876732833898318,0.0663175491085071));
#2315=CARTESIAN_POINT('',(-0.0054759997720246,0.00884976145675831,0.0664135495179928));
#2316=CARTESIAN_POINT('',(-0.00543110383428834,0.00888800606617564,0.0664612205143231));
#2317=CARTESIAN_POINT('',(-0.00533811524002656,0.00896118393919601,0.066556195702996));
#2318=CARTESIAN_POINT('',(-0.0052900751023186,0.00899617160482103,0.0666035059215528));
#2319=CARTESIAN_POINT('',(-0.00519301443980884,0.00906513139453945,0.0666980138652255));
#2320=CARTESIAN_POINT('',(-0.0051440464338246,0.00909915792065484,0.0667452176165555));
#2321=CARTESIAN_POINT('',(-0.00509469355316142,0.00913278577137208,0.0667923772058666));
#2322=CARTESIAN_POINT('',(-0.00557789642620646,0.00870769209678329,0.0661408040630819));
#2323=CARTESIAN_POINT('',(-0.00554500865991766,0.00875837546321835,0.0661898529238373));
#2324=CARTESIAN_POINT('',(-0.00550919393389224,0.0088060269158353,0.066238565933822));
#2325=CARTESIAN_POINT('',(-0.00543022665039756,0.00889372887176571,0.0663351499823852));
#2326=CARTESIAN_POINT('',(-0.00538739401777394,0.00893411077169799,0.066383057730389));
#2327=CARTESIAN_POINT('',(-0.0052974438867231,0.00901043606026664,0.0664783815641773));
#2328=CARTESIAN_POINT('',(-0.0052504007019164,0.00904645642724005,0.0665258061769968));
#2329=CARTESIAN_POINT('',(-0.00515475407549806,0.00911688095714667,0.066620476372686));
#2330=CARTESIAN_POINT('',(-0.0051062249475069,0.00915136209841692,0.0666677304825908));
#2331=CARTESIAN_POINT('',(-0.0050572447242094,0.00918537596914525,0.0667149328320628));
#2332=CARTESIAN_POINT('',(-0.00554804429288382,0.0087224604622618,0.06610080503831));
#2333=CARTESIAN_POINT('',(-0.00551637315393752,0.00877440408152032,0.0661499934996358));
#2334=CARTESIAN_POINT('',(-0.00548215638042322,0.00882371078557484,0.066198889864925));
#2335=CARTESIAN_POINT('',(-0.0054060244795987,0.00891434979451735,0.0662957992563573));
#2336=CARTESIAN_POINT('',(-0.00536441187306218,0.00895599546788239,0.0663438469949138));
#2337=CARTESIAN_POINT('',(-0.0052762555494206,0.00903417888569114,0.0664393766571616));
#2338=CARTESIAN_POINT('',(-0.00522980586456976,0.00907081403417063,0.0664868693704808));
#2339=CARTESIAN_POINT('',(-0.00513499657263646,0.00914210592346151,0.0665816356451956));
#2340=CARTESIAN_POINT('',(-0.00508673099780822,0.00917686006830868,0.066628919996219));
#2341=CARTESIAN_POINT('',(-0.0050379460332933,0.00921107619935694,0.0666761447504506));
#2342=CARTESIAN_POINT('',(-0.00548745625155504,0.00875108172841146,0.0660207055810109));
#2343=CARTESIAN_POINT('',(-0.00545726562165284,0.00880455894438799,0.0660700639217196));
#2344=CARTESIAN_POINT('',(-0.00542567397037814,0.00885658490156196,0.0661192615037779));
#2345=CARTESIAN_POINT('',(-0.00535495141707568,0.00895282722485935,0.0662167915848529));
#2346=CARTESIAN_POINT('',(-0.00531603287439128,0.00899726356504638,0.0662651484508092));
#2347=CARTESIAN_POINT('',(-0.00523212408581746,0.00907984682481956,0.0663611654918064));
#2348=CARTESIAN_POINT('',(-0.00518724230618248,0.0091181061000114,0.066408838112688));
#2349=CARTESIAN_POINT('',(-0.00509455611998482,0.00919159722475634,0.0665038480008392));
#2350=CARTESIAN_POINT('',(-0.00504686017967656,0.00922694142991513,0.0665511977139495));
#2351=CARTESIAN_POINT('',(-0.00499859512768016,0.00926169611636445,0.0665984821249781));
#2352=CARTESIAN_POINT('',(-0.00545672974431934,0.00876494436695463,0.0659806062271682));
#2353=CARTESIAN_POINT('',(-0.00542691730568314,0.00881881333526596,0.0660300079630227));
#2354=CARTESIAN_POINT('',(-0.00539630298188414,0.00887185166463955,0.0660793176874509));
#2355=CARTESIAN_POINT('',(-0.00532808233218312,0.00897068560407408,0.0661771348467068));
#2356=CARTESIAN_POINT('',(-0.00529062032906626,0.00901663071200527,0.0662256588416946));
#2357=CARTESIAN_POINT('',(-0.00520918418070868,0.00910177527521765,0.0663219596030754));
#2358=CARTESIAN_POINT('',(-0.00516530179609502,0.0091410697814515,0.0663697468984405));
#2359=CARTESIAN_POINT('',(-0.00507390395472658,0.00921589544812528,0.0664649046163052));
#2360=CARTESIAN_POINT('',(-0.00502648025859886,0.00925152165951788,0.0665122855677769));
#2361=CARTESIAN_POINT('',(-0.0049785553191459,0.009286628654166,0.066559609004647));
#2362=CARTESIAN_POINT('',(-0.0053951752227836,0.00879256449715152,0.0659003958721876));
#2363=CARTESIAN_POINT('',(-0.00536587979099794,0.00884696901098987,0.0659498569314255));
#2364=CARTESIAN_POINT('',(-0.0053364167486101,0.0089011999040859,0.065999298758369));
#2365=CARTESIAN_POINT('',(-0.00527220681726762,0.00900418837705947,0.0660975761230883));
#2366=CARTESIAN_POINT('',(-0.00523747735530882,0.00905296400882502,0.0661464136605053));
#2367=CARTESIAN_POINT('',(-0.0051612472152264,0.00914350125586662,0.0662433117795826));
#2368=CARTESIAN_POINT('',(-0.00511975658919066,0.00918527328367471,0.0662913735146585));
#2369=CARTESIAN_POINT('',(-0.00503158144085408,0.00926343720178333,0.0663869010168971));
#2370=CARTESIAN_POINT('',(-0.00498490697064114,0.00929983950461589,0.0664343679374754));
#2371=CARTESIAN_POINT('',(-0.00493781315058424,0.00933580742068759,0.0664817867402247));
#2372=CARTESIAN_POINT('',(-0.0053643246455236,0.00880629861678955,0.0658602822820852));
#2373=CARTESIAN_POINT('',(-0.00533516214402828,0.00886084082749197,0.0659097585942574));
#2374=CARTESIAN_POINT('',(-0.0053058975868829,0.00891527732305496,0.0659592231961673));
#2375=CARTESIAN_POINT('',(-0.00524321644358656,0.00901984940291609,0.066057675979984));
#2376=CARTESIAN_POINT('',(-0.00520975879362446,0.00906994245094879,0.0661066594500692));
#2377=CARTESIAN_POINT('',(-0.00513623995126514,0.00916328821665253,0.0662038686740231));
#2378=CARTESIAN_POINT('',(-0.00509612736858656,0.00920648770130347,0.0662520885311705));
#2379=CARTESIAN_POINT('',(-0.00500988333607404,0.0092866519806342,0.0663478376171723));
#2380=CARTESIAN_POINT('',(-0.00496370049595876,0.0093235635422939,0.0663953609493054));
#2381=CARTESIAN_POINT('',(-0.004917099834951,0.00936004230096299,0.0664428363390433));
#2382=CARTESIAN_POINT('',(-0.00530237365092764,0.00883350805728995,0.0657800264342498));
#2383=CARTESIAN_POINT('',(-0.0052734154599912,0.0088882619046547,0.0658295261898007));
#2384=CARTESIAN_POINT('',(-0.00524417799311712,0.0089427264618828,0.0658789939001468));
#2385=CARTESIAN_POINT('',(-0.0051837045980071,0.00904958545473253,0.0659777000095938));
#2386=CARTESIAN_POINT('',(-0.00515235262015392,0.00910185967946263,0.0660269250927092));
#2387=CARTESIAN_POINT('',(-0.00508387656974252,0.00920042906010437,0.0661247129462806));
#2388=CARTESIAN_POINT('',(-0.00504659408449962,0.00924656012301399,0.0661732575398474));
#2389=CARTESIAN_POINT('',(-0.00496478993653402,0.00933132349099781,0.0662695160755169));
#2390=CARTESIAN_POINT('',(-0.00492010986112662,0.00936979170306998,0.0663172118407302));
#2391=CARTESIAN_POINT('',(-0.0048746484842138,0.00940745059795414,0.0663648179563586));
#2392=CARTESIAN_POINT('',(-0.0052712118921731,0.00884691983717378,0.0657398771379613));
#2393=CARTESIAN_POINT('',(-0.00524231742800486,0.00890173969639799,0.0657893842057689));
#2394=CARTESIAN_POINT('',(-0.00521291961418036,0.00895603815700157,0.0658388335172764));
#2395=CARTESIAN_POINT('',(-0.00515310105250466,0.00906357546411722,0.0659376147648641));
#2396=CARTESIAN_POINT('',(-0.00512255081205926,0.00911668017472601,0.0659869318424564));
#2397=CARTESIAN_POINT('',(-0.0050563517566964,0.00921760819825042,0.0660849809673198));
#2398=CARTESIAN_POINT('',(-0.00502050435482676,0.00926522580333925,0.06613369022795));
#2399=CARTESIAN_POINT('',(-0.004941231187033,0.00935261090665373,0.0662302391781528));
#2400=CARTESIAN_POINT('',(-0.00489760683415662,0.00939217269705264,0.0662780560810842));
#2401=CARTESIAN_POINT('',(-0.00485279922853512,0.00943050880597599,0.0663257372129764));
#2402=CARTESIAN_POINT('',(-0.00523984668857716,0.0088601208771569,0.0656997044976199));
#2403=CARTESIAN_POINT('',(-0.00521100026637046,0.00891499050100915,0.0657492170779506));
#2404=CARTESIAN_POINT('',(-0.00518140301342224,0.0089690823710579,0.0657986435050335));
#2405=CARTESIAN_POINT('',(-0.00512203270250684,0.00907708400218076,0.0658974761866529));
#2406=CARTESIAN_POINT('',(-0.00509213160328234,0.00913086113072976,0.0659468677492366));
#2407=CARTESIAN_POINT('',(-0.00502801202589158,0.00923394319754689,0.0660451554815103));
#2408=CARTESIAN_POINT('',(-0.0049935693148311,0.00928301586244193,0.066094025921843));
#2409=CARTESIAN_POINT('',(-0.00491695912378694,0.00937315943075396,0.0661908804323906));
#2410=CARTESIAN_POINT('',(-0.004874567410909,0.00941399806079787,0.0662388387732483));
#2411=CARTESIAN_POINT('',(-0.00483043639559994,0.00945303502100282,0.0662865975397597));
#2412=CARTESIAN_POINT('',(-0.00520387697047314,0.0089450207008657,0.0670457015811798));
#2413=CARTESIAN_POINT('',(-0.00537977625997655,0.00880203204044184,0.0669589486988379));
#2414=CARTESIAN_POINT('',(-0.00555567554947996,0.00865904338001797,0.066872195816496));
#2415=CARTESIAN_POINT('',(-0.00573157483898337,0.00851605471959411,0.0667854429341541));
#2416=CARTESIAN_POINT('',(0.00193299229690874,0.00605629291074357,0.0742951477545));
#2417=CARTESIAN_POINT('',(-0.00508046960089126,0.00650000000000357,0.0734740080031));
#2418=CARTESIAN_POINT('',(-0.00508046936556174,0.00650000022031136,0.0734740080465964));
#2419=CARTESIAN_POINT('',(-0.00626436483659126,0.0100000000000037,0.0613122912101));
#2420=CARTESIAN_POINT('',(0.00193299229690874,-0.00605629291069643,0.0742951477544998));
#2421=CARTESIAN_POINT('',(0.00377181790287904,-0.00816782353306084,0.0687748580345763));
#2422=CARTESIAN_POINT('',(0.00399136136818442,-0.00799326789376727,0.0687612826989472));
#2423=CARTESIAN_POINT('',(0.0042109048334898,-0.00781871225447371,0.0687477073633181));
#2424=CARTESIAN_POINT('',(0.00443044829879518,-0.00764415661518014,0.068734132027689));
#2425=CARTESIAN_POINT('',(0.00673563516340874,0.00635000000000395,0.0424380931705999));
#2426=CARTESIAN_POINT('',(0.00673563516340874,0.00535000000000395,0.0424380931705998));
#2427=CARTESIAN_POINT('',(0.00773563516340874,0.0053500000000042,0.0424380931705999));
#2428=CARTESIAN_POINT('',(0.00773563516340874,0.00535000000000422,0.0424380931705999));
#2429=CARTESIAN_POINT('',(0.00723563516340874,0.00585000000000395,0.0424380931705999));
#2430=CARTESIAN_POINT('',(0.00673563516340874,0.00585000000000373,0.0424380931705999));
#2431=CARTESIAN_POINT('',(0.00718850986533399,0.00585000000000449,0.04265));
#2432=CARTESIAN_POINT('',(0.00721699166420875,0.00582406391353894,0.04265));
#2433=CARTESIAN_POINT('',(0.00720702770220875,0.00583318344050394,0.04265));
#2434=CARTESIAN_POINT('',(0.00719754794500875,0.00584181376475394,0.04265));
#2435=CARTESIAN_POINT('',(0.00718850986530875,0.00585000000000394,0.04265));
#2436=CARTESIAN_POINT('',(0.00721699175864853,0.0058240639999738,0.04265));
#2437=CARTESIAN_POINT('',(0.00721489470998049,0.005825429100183,0.0426513651002092));
#2438=CARTESIAN_POINT('',(0.00721559442691206,0.00582497460498975,0.0426509106050159));
#2439=CARTESIAN_POINT('',(0.00721629344173264,0.00582451957050973,0.0426504555705358));
#2440=CARTESIAN_POINT('',(0.00721699175864872,0.00582406399997395,0.04265));
#2441=CARTESIAN_POINT('',(0.00721489470998049,0.005825429100183,0.0426513651002092));
#2442=CARTESIAN_POINT('',(0.00721489470998049,0.005825429100183,0.0426513651002092));
#2443=CARTESIAN_POINT('',(0.00721681012084927,0.005823369577651,0.0426521265067554));
#2444=CARTESIAN_POINT('',(0.00721872552832366,0.00582131004553901,0.0426528878959274));
#2445=CARTESIAN_POINT('',(0.00722064093251774,0.00581925050416902,0.0426536492683089));
#2446=CARTESIAN_POINT('',(0.00119532414445574,-0.00518839025264669,0.0666008195315938));
#2447=CARTESIAN_POINT('',(0.00451027368521849,-0.00772930901983902,0.0684502633424223));
#2448=CARTESIAN_POINT('',(0.00449813300504145,-0.00769106907192135,0.0685459938591884));
#2449=CARTESIAN_POINT('',(0.00447239420029626,-0.00766157404352013,0.0686406101678584));
#2450=CARTESIAN_POINT('',(0.00443064858813974,-0.00764163955125367,0.0687336857569435));
#2451=CARTESIAN_POINT('',(0.00351822004750875,3.63598040564739E-15,0.0683244496902999));
#2452=CARTESIAN_POINT('',(0.00469281622090874,0.00815551581678365,0.066981608103));
#2453=CARTESIAN_POINT('',(0.00523643668511948,0.00944568359393447,0.0626078009809045));
#2454=CARTESIAN_POINT('',(0.00505375336528506,0.00961639782436671,0.0626354518591041));
#2455=CARTESIAN_POINT('',(0.00487107004545063,0.00978711205479895,0.0626631027373036));
#2456=CARTESIAN_POINT('',(0.00468838672561621,0.00995782628523119,0.0626907536155032));
#2457=CARTESIAN_POINT('',(0.00530446993284964,0.00904904260596374,0.0623950336343119));
#2458=CARTESIAN_POINT('',(0.00476050979130864,0.00999999987108078,0.0623955367382731));
#2459=CARTESIAN_POINT('',(0.00473555746602813,0.00999995046683733,0.0624957192201365));
#2460=CARTESIAN_POINT('',(0.00471073391165327,0.00998601209346416,0.0625939568347382));
#2461=CARTESIAN_POINT('',(0.00468640576707649,0.00995801444117271,0.0626903155516074));
#2462=CARTESIAN_POINT('',(-0.00526436483659126,-0.0104999999999961,0.0428697552484998));
#2463=CARTESIAN_POINT('',(-0.00526436483659126,-0.00999999999999606,0.0428697552484998));
#2464=CARTESIAN_POINT('',(-0.00570458222792774,-0.00999999999999606,0.0426326716168654));
#2465=CARTESIAN_POINT('',(-0.0457643648365913,0.0355000000000042,0.0210580611373003));
#2466=CARTESIAN_POINT('',(0.00673563516340874,-0.00634999999999605,0.0424380931705998));
#2467=CARTESIAN_POINT('',(0.00673563516340874,-0.00584999999999605,0.0424380931705998));
#2468=CARTESIAN_POINT('',(0.00723563516340874,-0.0058499999999958,0.0424380931705998));
#2469=CARTESIAN_POINT('',(0.00718850986532644,-0.00584999999999552,0.04265));
#2470=CARTESIAN_POINT('',(0.00773563516340874,-0.00534999999999581,0.0424380931705998));
#2471=CARTESIAN_POINT('',(0.00773563516340874,-0.00534999999999605,0.0424380931705998));
#2472=CARTESIAN_POINT('',(0.00673563516340874,-0.00534999999999605,0.0424380931705998));
#2473=CARTESIAN_POINT('',(0.00722064098669982,-0.00581925043264353,0.0426536493224909));
#2474=CARTESIAN_POINT('',(0.00721872556315673,-0.00582130999481572,0.0426528879424147));
#2475=CARTESIAN_POINT('',(0.0072168101363333,-0.00582336954772929,0.0426521265455465));
#2476=CARTESIAN_POINT('',(0.00721489470611536,-0.00582542909106306,0.0426513651313047));
#2477=CARTESIAN_POINT('',(0.00721489470611552,-0.00582542909106349,0.0426513651313055));
#2478=CARTESIAN_POINT('',(0.00721699180258022,-0.00582406395975791,0.04265));
#2479=CARTESIAN_POINT('',(0.00721629346976374,-0.0058245195406836,0.0426504555809257));
#2480=CARTESIAN_POINT('',(0.00721559443901096,-0.0058249745855291,0.0426509106257711));
#2481=CARTESIAN_POINT('',(0.00721489470611525,-0.00582542909106329,0.0426513651313053));
#2482=CARTESIAN_POINT('',(0.00721699180258022,-0.00582406395975791,0.04265));
#2483=CARTESIAN_POINT('',(0.00718850986530875,-0.00584999999999606,0.04265));
#2484=CARTESIAN_POINT('',(0.00719754794500875,-0.00584181376469606,0.04265));
#2485=CARTESIAN_POINT('',(0.00720702770220875,-0.00583318344049606,0.04265));
#2486=CARTESIAN_POINT('',(0.00721699166420875,-0.00582406391349606,0.04265));
#2487=CARTESIAN_POINT('',(0.00673563516340874,3.94649590784724E-15,0.0424380931705998));
#2488=CARTESIAN_POINT('',(0.00773563516340874,0.0100000000000046,0.0424380931705999));
#2489=CARTESIAN_POINT('',(-0.00526436483659126,0.0105000000000039,0.0428697552485));
#2490=CARTESIAN_POINT('',(-0.00526436483659126,0.0105000000000039,0.0428697552485));
#2491=CARTESIAN_POINT('',(-0.00576436483659112,0.0100000000000042,0.0428697552485001));
#2492=CARTESIAN_POINT('',(-0.00526436483659126,0.0100000000000039,0.0428697552485));
#2493=CARTESIAN_POINT('',(-0.00570458222791506,0.0100000000000039,0.0426326716168428));
#2494=CARTESIAN_POINT('',(-0.0457643648365913,-0.0354999999999958,0.0210580611372994));
#2495=CARTESIAN_POINT('',(-0.00626436483659127,0.00950000000000428,0.0146317912142));
#2496=CARTESIAN_POINT('',(-0.00626436483659126,0.00950000000000428,0.0443105900641));
#2497=CARTESIAN_POINT('',(-0.00576436483659524,0.0100000000000004,0.0443105900641));
#2498=CARTESIAN_POINT('',(-0.00576436483659127,0.0100000000000047,-0.0215));
#2499=CARTESIAN_POINT('',(-0.00526436483659126,0.0105000000000039,0.0443105900641));
#2500=CARTESIAN_POINT('',(-0.00609769816990533,0.00950000000000959,0.0448633608625097));
#2501=CARTESIAN_POINT('',(-0.00595880928102769,0.0096666666666718,0.0447712323961023));
#2502=CARTESIAN_POINT('',(-0.0058199203921475,0.00983333333333401,0.0446791039296987));
#2503=CARTESIAN_POINT('',(-0.00568103150326475,0.00999999999999623,0.0445869754632991));
#2504=CARTESIAN_POINT('',(-0.00568103150326116,0.00999999999999573,0.0445869754633008));
#2505=CARTESIAN_POINT('',(-0.00526436483659126,0.00999999999999624,0.0443105900641));
#2506=CARTESIAN_POINT('',(-0.0227643648365912,-0.0104999999999962,0.0559187768302998));
#2507=CARTESIAN_POINT('',(-0.0227643648365912,0.0100000000000039,0.0559187768303003));
#2508=CARTESIAN_POINT('',(-0.00126436483659126,0.0090000000000037,0.0629815243712));
#2509=CARTESIAN_POINT('',(-0.00360456902140976,0.0100000000000047,0.063209334032693));
#2510=CARTESIAN_POINT('',(0.000735635163408736,-0.00599999999999552,-0.0025000000000002));
#2511=CARTESIAN_POINT('',(0.000735635163408733,-0.0096620319597731,0.0464879680000148));
#2512=CARTESIAN_POINT('',(0.000735635163408733,-0.00582406395975791,0.04265));
#2513=CARTESIAN_POINT('',(0.000735635163408733,-0.00999999999999529,0.046825936040237));
#2514=CARTESIAN_POINT('',(0.000735635163408733,-0.00999999999999529,-0.0215));
#2515=CARTESIAN_POINT('',(0.000735635163408736,-0.00999999999999557,0.00199999999999976));
#2516=CARTESIAN_POINT('',(0.000735635163408736,4.43221848112074E-15,0.00199999999999988));
#2517=CARTESIAN_POINT('',(0.000735635163408736,-0.00584999999999557,0.00199999999999981));
#2518=CARTESIAN_POINT('',(0.000735635163408736,-0.00584999999999552,-0.0025000000000002));
#2519=CARTESIAN_POINT('',(0.000735635163408736,-0.00584999999999581,0.04265));
#2520=CARTESIAN_POINT('',(0.000735635163408736,-0.00766203197988698,0.04265));
#2521=CARTESIAN_POINT('',(0.000735635163408736,-0.00599999999999552,-0.0025000000000002));
#2522=CARTESIAN_POINT('',(0.000735635163408736,4.43221848112074E-15,0.00199999999999988));
#2523=CARTESIAN_POINT('',(0.000735635163408736,0.0100000000000046,0.002));
#2524=CARTESIAN_POINT('',(0.000735635163408736,0.00585000000000443,0.00199999999999995));
#2525=CARTESIAN_POINT('',(0.000735635163408733,0.0100000000000047,-0.0215));
#2526=CARTESIAN_POINT('',(0.000735635163408733,0.0100000000000047,0.0468259360000309));
#2527=CARTESIAN_POINT('',(0.000735635163408733,0.00966203199998883,0.046487968000015));
#2528=CARTESIAN_POINT('',(0.000735635163408733,0.0058240639999738,0.04265));
#2529=CARTESIAN_POINT('',(0.000735635163408736,0.00766203199998887,0.04265));
#2530=CARTESIAN_POINT('',(0.000735635163408736,0.00585000000000421,0.04265));
#2531=CARTESIAN_POINT('',(0.000735635163408736,0.00585000000000449,-0.00250000000000005));
#2532=CARTESIAN_POINT('',(-0.0312643648365913,0.0100000000000047,-0.0215));
#2533=CARTESIAN_POINT('',(-0.0312643648365913,0.0100000000000047,0.0468259360000309));
#2534=CARTESIAN_POINT('',(-0.00126436483659127,0.0100000000000044,0.002));
#2535=CARTESIAN_POINT('',(5.8510818936635E-5,0.0100000000000044,0.000499999999996));
#2536=CARTESIAN_POINT('',(-0.0312643648365913,0.0100000000000047,0.000499999999992003));
#2537=CARTESIAN_POINT('',(-0.00517359436295415,0.0100001106811016,0.000499932434280804));
#2538=CARTESIAN_POINT('',(-0.0457643648365913,0.0100000000000047,0.0210580611372994));
#2539=CARTESIAN_POINT('',(-0.0457643648365913,-0.0354999999999958,0.0210580611372994));
#2540=CARTESIAN_POINT('',(-0.00582313051953023,0.00950022135729668,0.000329032468528839));
#2541=CARTESIAN_POINT('',(-0.00560633343168409,0.00966622116748853,0.00038457727701374));
#2542=CARTESIAN_POINT('',(-0.00538983691859535,0.00983289022399862,0.000441518395919918));
#2543=CARTESIAN_POINT('',(-0.00517366179981704,0.0100002213621988,0.000499864868536333));
#2544=CARTESIAN_POINT('',(-0.00549717662799127,0.00968750000000445,0.000310486051499998));
#2545=CARTESIAN_POINT('',(-0.00517366179981704,0.0100002213621988,0.000499864868536333));
#2546=CARTESIAN_POINT('',(-0.00528038420568492,0.00983348143641543,0.000333242923199319));
#2547=CARTESIAN_POINT('',(-0.00538710661155281,0.00966674151063207,0.000166620977862304));
#2548=CARTESIAN_POINT('',(-0.0054938290174207,0.00950000158484871,-9.67474711455196E-10));
#2549=CARTESIAN_POINT('',(-0.00549382853460597,0.00950000079242659,-4.83737355727598E-10));
#2550=CARTESIAN_POINT('',(-0.0054938290174207,0.00950000158484871,-9.67474711455196E-10));
#2551=CARTESIAN_POINT('',(-0.00560359618479055,0.00950007484233137,0.000109676844526472));
#2552=CARTESIAN_POINT('',(-0.00571336335216039,0.00950014809981402,0.000219354656527656));
#2553=CARTESIAN_POINT('',(-0.00582313051953023,0.00950022135729668,0.000329032468528839));
#2554=CARTESIAN_POINT('',(-0.0335457747277913,0.00950000000000446,-3.46944695195361E-18));
#2555=CARTESIAN_POINT('',(-0.00126436483659127,0.0115000000000043,0.002));
#2556=CARTESIAN_POINT('',(-0.00126436483659127,0.0095000000000044,-6.93889390390723E-18));
#2557=CARTESIAN_POINT('',(-0.0335457747277913,0.00950000000000446,-3.46944695195361E-18));
#2558=CARTESIAN_POINT('',(-0.0332643648365913,0.00585000000000449,-0.00250000000000005));
#2559=CARTESIAN_POINT('',(-0.0336496332289912,0.00585000000000445,0.000499999999999955));
#2560=CARTESIAN_POINT('',(5.85108189410828E-5,0.00585000000000445,0.000499999999999948));
#2561=CARTESIAN_POINT('',(0.00723563516341444,0.00585000000000445,0.000499999999976551));
#2562=CARTESIAN_POINT('',(-0.00126436483659127,0.00585000000000443,0.00199999999999995));
#2563=CARTESIAN_POINT('',(-0.0332643648365913,0.00585000000000448,0.04265));
#2564=CARTESIAN_POINT('',(0.00723563516340874,0.00585000000000433,0.0202487609668));
#2565=CARTESIAN_POINT('',(-0.00126436483659127,4.43221848112074E-15,0.00199999999999988));
#2566=CARTESIAN_POINT('',(-0.00126436483659127,0.00735000000000434,0.00199999999999997));
#2567=CARTESIAN_POINT('',(-0.00126436483659127,0.00535000000000446,-5.55111512312578E-17));
#2568=CARTESIAN_POINT('',(-0.00126436483659127,4.45476988630844E-15,-1.21430643318376E-16));
#2569=CARTESIAN_POINT('',(0.00773563516340873,0.0100000000000046,-0.010506));
#2570=CARTESIAN_POINT('',(0.00773563516340874,4.00547650603045E-15,0.0375));
#2571=CARTESIAN_POINT('',(0.00773563516340874,3.97789856609865E-15,0.0398));
#2572=CARTESIAN_POINT('',(0.00773563516340874,4.38885039422132E-15,0.00549999999999989));
#2573=CARTESIAN_POINT('',(0.00773563516340874,4.36127245428952E-15,0.00779999999999989));
#2574=CARTESIAN_POINT('',(0.00773563516340874,0.0100000000000046,0.0005));
#2575=CARTESIAN_POINT('',(0.00773563516340874,-0.00535000000000395,0.000499999999966565));
#2576=CARTESIAN_POINT('',(0.00773563516340874,0.00535000000000433,0.000499999999999942));
#2577=CARTESIAN_POINT('',(0.00773563516340873,0.00535000000000445,-0.010506));
#2578=CARTESIAN_POINT('',(0.00773563516340874,-0.00534999999999579,0.0204987609667998));
#2579=CARTESIAN_POINT('',(0.00773563516340874,0.00535000000000421,0.0202487609668));
#2580=CARTESIAN_POINT('',(0.00773563516340874,0.00535000000000421,0.000499999999999942));
#2581=CARTESIAN_POINT('',(-0.0336496332289912,0.00535000000000446,-5.20417042793042E-17));
#2582=CARTESIAN_POINT('',(0.00723563516343209,0.00535000000002778,-2.34083585848311E-14));
#2583=CARTESIAN_POINT('',(0.00723563516341454,0.00535000000002773,-5.89805981832114E-17));
#2584=CARTESIAN_POINT('',(-0.0218359667042713,0.00535000000000446,-5.55111512312578E-17));
#2585=CARTESIAN_POINT('',(0.00740230183010874,0.00551666666667445,0.000333333333299945));
#2586=CARTESIAN_POINT('',(0.00723563516340874,0.00535000000000446,-5.89805981832114E-17));
#2587=CARTESIAN_POINT('',(-0.0402643648365913,-0.00584999999999552,-0.00250000000000019));
#2588=CARTESIAN_POINT('',(-0.0333996332289912,-0.00584999999999555,0.000499999999999813));
#2589=CARTESIAN_POINT('',(0.00723563516341709,-0.00584999999999555,0.000499999999966458));
#2590=CARTESIAN_POINT('',(5.85108189409336E-5,-0.00584999999999555,0.000499999999999806));
#2591=CARTESIAN_POINT('',(0.00723563516340874,-0.00584999999999552,-0.0025000000000002));
#2592=CARTESIAN_POINT('',(-0.0402643648365913,-0.00584999999999551,0.0426500000000067));
#2593=CARTESIAN_POINT('',(-0.00126436483659127,-0.00584999999999557,0.00199999999999981));
#2594=CARTESIAN_POINT('',(0.00773563516340874,-0.00534999999999579,0.0204987609667998));
#2595=CARTESIAN_POINT('',(0.00773563516340874,-0.0053499999999958,0.000499999999999813));
#2596=CARTESIAN_POINT('',(0.00723563516340874,-0.000249999999995546,-1.28369537222284E-16));
#2597=CARTESIAN_POINT('',(0.00723563516340874,-0.000249999999995546,-1.28369537222284E-16));
#2598=CARTESIAN_POINT('',(0.00723563516345049,-0.00535000000003724,-1.87350135405495E-16));
#2599=CARTESIAN_POINT('',(0.00723563516344208,-0.00535000000002889,-3.35356742375836E-14));
#2600=CARTESIAN_POINT('',(0.00740230183010874,-0.00551666666669555,0.000333333333299813));
#2601=CARTESIAN_POINT('',(0.00723563516344208,-0.0058500000000289,0.000499999999966458));
#2602=CARTESIAN_POINT('',(-0.0333996332289912,-0.00534999999999554,-1.80411241501588E-16));
#2603=CARTESIAN_POINT('',(-0.00126436483659127,-0.00734999999999557,0.00199999999999979));
#2604=CARTESIAN_POINT('',(-0.00126436483659127,-0.00534999999999554,-1.83880688453541E-16));
#2605=CARTESIAN_POINT('',(-0.0218359667042713,-0.00534999999999554,-1.83880688453541E-16));
#2606=CARTESIAN_POINT('',(-0.0312643648365913,-0.00999999999999529,-0.0215));
#2607=CARTESIAN_POINT('',(-0.0312643648365913,-0.00999999999999529,0.046825936040237));
#2608=CARTESIAN_POINT('',(-0.0457643648365926,-0.0099999999999955,0.021058061137301));
#2609=CARTESIAN_POINT('',(-0.00517359436295421,-0.0100001106810926,0.000499932434281165));
#2610=CARTESIAN_POINT('',(-0.0332457747277912,-0.00999999999999555,0.000499999999999765));
#2611=CARTESIAN_POINT('',(5.85108189408851E-5,-0.00999999999999555,0.000499999999999758));
#2612=CARTESIAN_POINT('',(-0.00126436483659127,-0.00999999999999557,0.00199999999999976));
#2613=CARTESIAN_POINT('',(-0.0457643648365913,0.0355000000000042,0.0210580611373003));
#2614=CARTESIAN_POINT('',(-0.00517366179981713,-0.01000022136219,0.000499864868536007));
#2615=CARTESIAN_POINT('',(-0.0053898369186059,-0.00983289022397701,0.000441518395909113));
#2616=CARTESIAN_POINT('',(-0.00560633343167364,-0.00966622116749249,0.000384577277023971));
#2617=CARTESIAN_POINT('',(-0.00582313051953025,-0.00950022135728779,0.000329032468528604));
#2618=CARTESIAN_POINT('',(-0.00549382805179127,4.45476988630844E-15,-1.21430643318376E-16));
#2619=CARTESIAN_POINT('',(-0.00549382805179127,0.0100000000000045,0.));
#2620=CARTESIAN_POINT('',(-0.00549382853460587,-0.00950000079241754,-4.83737383483174E-10));
#2621=CARTESIAN_POINT('',(-0.00549382805179121,-0.00949999999999554,-1.78385084482158E-16));
#2622=CARTESIAN_POINT('',(-0.00560355058412455,-0.00949999999999554,0.000109722532333156));
#2623=CARTESIAN_POINT('',(-0.00571327311645788,-0.00949999999999554,0.00021944506466649));
#2624=CARTESIAN_POINT('',(-0.00582299564879122,-0.00949999999999554,0.000329167596999824));
#2625=CARTESIAN_POINT('',(-0.0218359667042713,0.0100000000000045,0.));
#2626=CARTESIAN_POINT('',(-0.00126436483659127,4.45476988630844E-15,-1.21430643318376E-16));
#2627=CARTESIAN_POINT('',(-0.00126436483659127,-0.00949999999999554,-2.32452945780892E-16));
#2628=CARTESIAN_POINT('',(-0.0218359667042713,-0.00949999999999554,1.7347234759768E-17));
#2629=CARTESIAN_POINT('',(-0.00126436483659127,4.43221848112074E-15,0.00199999999999988));
#2630=CARTESIAN_POINT('',(-0.00126436483659127,-0.0114999999999956,0.00199999999999975));
#2631=CARTESIAN_POINT('',(-0.00549717662799127,-0.00968749999999555,0.000310486051499765));
#2632=CARTESIAN_POINT('',(-0.00549382901742056,-0.00950000158483957,-9.67474795968756E-10));
#2633=CARTESIAN_POINT('',(-0.00538710661155275,-0.00966674151062305,0.000166620977862138));
#2634=CARTESIAN_POINT('',(-0.00528038420568494,-0.00983348143640654,0.000333242923199073));
#2635=CARTESIAN_POINT('',(-0.00517366179981713,-0.01000022136219,0.000499864868536007));
#2636=CARTESIAN_POINT('',(-0.0332457747277912,-0.00949999999999554,-2.28983498828938E-16));
#2637=CARTESIAN_POINT('',(0.000733635163408738,-0.00766203197988698,0.04265));
#2638=CARTESIAN_POINT('',(0.000733635163408738,-0.00582406395975791,0.04265));
#2639=CARTESIAN_POINT('',(0.000733635163408738,-0.0096620319597731,0.0464879680000148));
#2640=CARTESIAN_POINT('',(0.00676202947864956,-0.00946904681255156,0.0462949828527933));
#2641=CARTESIAN_POINT('',(0.000733635163408738,0.00766203199998887,0.04265));
#2642=CARTESIAN_POINT('',(0.000733635163408738,0.0058240639999738,0.04265));
#2643=CARTESIAN_POINT('',(0.000733635163408738,0.00966203199998883,0.046487968000015));
#2644=CARTESIAN_POINT('',(0.00669202077691139,0.010032315858292,0.0468582518583182));
#2645=CARTESIAN_POINT('',(0.00669202077691142,-0.0100323158180763,0.046858251858318));
#2646=CARTESIAN_POINT('',(0.00742542027891439,0.00746554752427103,0.0449958958693685));
#2647=CARTESIAN_POINT('',(0.00673563516340873,4.00547650603045E-15,0.0375));
#2648=CARTESIAN_POINT('',(0.00673563516340873,4.00547650603045E-15,0.0375));
#2649=CARTESIAN_POINT('',(0.00673563516340873,3.97789856609865E-15,0.0398));
#2650=CARTESIAN_POINT('',(0.00773563516340873,4.00547650603045E-15,0.0375));
#2651=CARTESIAN_POINT('',(0.00673563516340873,4.38885039422132E-15,0.00549999999999989));
#2652=CARTESIAN_POINT('',(0.00673563516340873,4.38885039422132E-15,0.00549999999999989));
#2653=CARTESIAN_POINT('',(0.00673563516340873,4.36127245428952E-15,0.00779999999999989));
#2654=CARTESIAN_POINT('',(0.00773563516340873,4.38885039422132E-15,0.00549999999999989));
#2655=CARTESIAN_POINT('',(0.00123563516340873,4.19976553533985E-15,0.0215));
#2656=CARTESIAN_POINT('',(0.00123563516340873,4.19976553533985E-15,0.0215));
#2657=MECHANICAL_DESIGN_GEOMETRIC_PRESENTATION_REPRESENTATION('',(#1332),
#2658);
#2658=(
GEOMETRIC_REPRESENTATION_CONTEXT(3)
GLOBAL_UNCERTAINTY_ASSIGNED_CONTEXT((#2659))
GLOBAL_UNIT_ASSIGNED_CONTEXT((#2662,#2661,#2660))
REPRESENTATION_CONTEXT('FINGER PAD_t20','TOP_LEVEL_ASSEMBLY_PART')
);
#2659=UNCERTAINTY_MEASURE_WITH_UNIT(LENGTH_MEASURE(2.E-5),#2662,
'DISTANCE_ACCURACY_VALUE','Maximum Tolerance applied to model');
#2660=(
NAMED_UNIT(*)
SI_UNIT($,.STERADIAN.)
SOLID_ANGLE_UNIT()
);
#2661=(
NAMED_UNIT(*)
PLANE_ANGLE_UNIT()
SI_UNIT($,.RADIAN.)
);
#2662=(
LENGTH_UNIT()
NAMED_UNIT(*)
SI_UNIT($,.METRE.)
);
#2663=PRODUCT_DEFINITION_SHAPE('','',#2664);
#2664=PRODUCT_DEFINITION('','',#2666,#2665);
#2665=PRODUCT_DEFINITION_CONTEXT('',#2672,'design');
#2666=PRODUCT_DEFINITION_FORMATION_WITH_SPECIFIED_SOURCE('','',#2668,
 .NOT_KNOWN.);
#2667=PRODUCT_RELATED_PRODUCT_CATEGORY('','',(#2668));
#2668=PRODUCT('FINGER PAD_t20','FINGER PAD_t20','FINGER PAD_t20',(#2670));
#2669=PRODUCT_CATEGORY('','');
#2670=PRODUCT_CONTEXT('',#2672,'mechanical');
#2671=APPLICATION_PROTOCOL_DEFINITION('international standard',
'ap242_managed_model_based_3d_engineering',2020,#2672);
#2672=APPLICATION_CONTEXT('managed model based 3d engineering');
ENDSEC;
END-ISO-10303-21;
