ISO-10303-21;
HEADER;
/* Generated by software containing ST-Developer
 * from STEP Tools, Inc. (www.steptools.com) 
 */
/* OPTION: using custom renumber hook */

FILE_DESCRIPTION(
/* description */ ('STEP AP242 Edition 2',
'CAx-IF Rec.Pracs.---Representation and Presentation of Product Manufa
cturing Information (PMI)---4.0---2014-10-13',
'CAx-IF Rec.Pracs.---3D Tessellated Geometry---0.4---2014-09-14','2;1',
'CAx-IF Rec.Pracs.---User Defined Attributes---1.5---2016-08-15'),
/* implementation_level */ '2;1');

FILE_NAME(
/* name */ 'FINGER PAD_t30 - FINGER PAD_t30_R',
/* time_stamp */ '2026-09-20T17:39:25Z',
/* author */ (''),
/* organization */ (''),
/* preprocessor_version */ 'ST-DEVELOPER v20',
/* originating_system */ 'ONSHAPE BY PTC INC, 1.221',
/* authorisation */ '  ');

FILE_SCHEMA (('AP242_MANAGED_MODEL_BASED_3D_ENGINEERING_MIM_LF { 1 0 10303 442 3 1 4 }'));
ENDSEC;

DATA;
#10=SHAPE_REPRESENTATION_RELATIONSHIP('','',#1651,#11);
#11=ADVANCED_BREP_SHAPE_REPRESENTATION('',(#1649),#4810);
#12=TOROIDAL_SURFACE('',#1774,0.00185,0.0005);
#13=TOROIDAL_SURFACE('',#1775,0.00185,0.0005);
#14=SPHERICAL_SURFACE('',#1743,0.112953440582903);
#15=B_SPLINE_SURFACE_WITH_KNOTS('',3,3,((#2401,#2402,#2403,#2404,#2405,
#2406,#2407,#2408,#2409,#2410),(#2411,#2412,#2413,#2414,#2415,#2416,#2417,
#2418,#2419,#2420),(#2421,#2422,#2423,#2424,#2425,#2426,#2427,#2428,#2429,
#2430),(#2431,#2432,#2433,#2434,#2435,#2436,#2437,#2438,#2439,#2440),(#2441,
#2442,#2443,#2444,#2445,#2446,#2447,#2448,#2449,#2450),(#2451,#2452,#2453,
#2454,#2455,#2456,#2457,#2458,#2459,#2460),(#2461,#2462,#2463,#2464,#2465,
#2466,#2467,#2468,#2469,#2470),(#2471,#2472,#2473,#2474,#2475,#2476,#2477,
#2478,#2479,#2480),(#2481,#2482,#2483,#2484,#2485,#2486,#2487,#2488,#2489,
#2490),(#2491,#2492,#2493,#2494,#2495,#2496,#2497,#2498,#2499,#2500),(#2501,
#2502,#2503,#2504,#2505,#2506,#2507,#2508,#2509,#2510),(#2511,#2512,#2513,
#2514,#2515,#2516,#2517,#2518,#2519,#2520),(#2521,#2522,#2523,#2524,#2525,
#2526,#2527,#2528,#2529,#2530),(#2531,#2532,#2533,#2534,#2535,#2536,#2537,
#2538,#2539,#2540),(#2541,#2542,#2543,#2544,#2545,#2546,#2547,#2548,#2549,
#2550),(#2551,#2552,#2553,#2554,#2555,#2556,#2557,#2558,#2559,#2560),(#2561,
#2562,#2563,#2564,#2565,#2566,#2567,#2568,#2569,#2570),(#2571,#2572,#2573,
#2574,#2575,#2576,#2577,#2578,#2579,#2580),(#2581,#2582,#2583,#2584,#2585,
#2586,#2587,#2588,#2589,#2590),(#2591,#2592,#2593,#2594,#2595,#2596,#2597,
#2598,#2599,#2600),(#2601,#2602,#2603,#2604,#2605,#2606,#2607,#2608,#2609,
#2610),(#2611,#2612,#2613,#2614,#2615,#2616,#2617,#2618,#2619,#2620),(#2621,
#2622,#2623,#2624,#2625,#2626,#2627,#2628,#2629,#2630),(#2631,#2632,#2633,
#2634,#2635,#2636,#2637,#2638,#2639,#2640),(#2641,#2642,#2643,#2644,#2645,
#2646,#2647,#2648,#2649,#2650),(#2651,#2652,#2653,#2654,#2655,#2656,#2657,
#2658,#2659,#2660),(#2661,#2662,#2663,#2664,#2665,#2666,#2667,#2668,#2669,
#2670),(#2671,#2672,#2673,#2674,#2675,#2676,#2677,#2678,#2679,#2680)),
 .UNSPECIFIED.,.F.,.F.,.F.,(4,2,2,2,2,2,2,2,2,2,2,2,2,4),(4,2,2,2,4),(13.9050100185,
14.7740971004375,15.643184182375,16.5122712643125,17.38135834625,19.119532510125,
20.857706674,22.595880837875,23.4649679198125,24.33405500175,25.2031420836875,
26.072229165625,26.9413162475625,27.8104033295),(0.,0.125,0.25,0.375,0.5),
 .UNSPECIFIED.);
#16=B_SPLINE_SURFACE_WITH_KNOTS('',3,3,((#2699,#2700,#2701,#2702,#2703,
#2704,#2705,#2706,#2707,#2708),(#2709,#2710,#2711,#2712,#2713,#2714,#2715,
#2716,#2717,#2718),(#2719,#2720,#2721,#2722,#2723,#2724,#2725,#2726,#2727,
#2728),(#2729,#2730,#2731,#2732,#2733,#2734,#2735,#2736,#2737,#2738),(#2739,
#2740,#2741,#2742,#2743,#2744,#2745,#2746,#2747,#2748),(#2749,#2750,#2751,
#2752,#2753,#2754,#2755,#2756,#2757,#2758),(#2759,#2760,#2761,#2762,#2763,
#2764,#2765,#2766,#2767,#2768),(#2769,#2770,#2771,#2772,#2773,#2774,#2775,
#2776,#2777,#2778),(#2779,#2780,#2781,#2782,#2783,#2784,#2785,#2786,#2787,
#2788),(#2789,#2790,#2791,#2792,#2793,#2794,#2795,#2796,#2797,#2798),(#2799,
#2800,#2801,#2802,#2803,#2804,#2805,#2806,#2807,#2808),(#2809,#2810,#2811,
#2812,#2813,#2814,#2815,#2816,#2817,#2818),(#2819,#2820,#2821,#2822,#2823,
#2824,#2825,#2826,#2827,#2828),(#2829,#2830,#2831,#2832,#2833,#2834,#2835,
#2836,#2837,#2838),(#2839,#2840,#2841,#2842,#2843,#2844,#2845,#2846,#2847,
#2848),(#2849,#2850,#2851,#2852,#2853,#2854,#2855,#2856,#2857,#2858),(#2859,
#2860,#2861,#2862,#2863,#2864,#2865,#2866,#2867,#2868),(#2869,#2870,#2871,
#2872,#2873,#2874,#2875,#2876,#2877,#2878),(#2879,#2880,#2881,#2882,#2883,
#2884,#2885,#2886,#2887,#2888),(#2889,#2890,#2891,#2892,#2893,#2894,#2895,
#2896,#2897,#2898),(#2899,#2900,#2901,#2902,#2903,#2904,#2905,#2906,#2907,
#2908),(#2909,#2910,#2911,#2912,#2913,#2914,#2915,#2916,#2917,#2918),(#2919,
#2920,#2921,#2922,#2923,#2924,#2925,#2926,#2927,#2928),(#2929,#2930,#2931,
#2932,#2933,#2934,#2935,#2936,#2937,#2938),(#2939,#2940,#2941,#2942,#2943,
#2944,#2945,#2946,#2947,#2948),(#2949,#2950,#2951,#2952,#2953,#2954,#2955,
#2956,#2957,#2958),(#2959,#2960,#2961,#2962,#2963,#2964,#2965,#2966,#2967,
#2968),(#2969,#2970,#2971,#2972,#2973,#2974,#2975,#2976,#2977,#2978)),
 .UNSPECIFIED.,.F.,.F.,.F.,(4,2,2,2,2,2,2,2,2,2,2,2,2,4),(4,2,2,2,4),(0.,
0.8690640155875,1.738128031175,2.6071920467625,3.47625606235,4.3453200779375,
5.214384093525,6.9525121247,8.690640155875,10.42876818705,11.2978322026375,
12.166896218225,13.0359602338125,13.9050242494),(0.,0.125,0.25,0.375,0.5),
 .UNSPECIFIED.);
#17=B_SPLINE_SURFACE_WITH_KNOTS('',3,3,((#2986,#2987,#2988,#2989,#2990,
#2991,#2992,#2993,#2994,#2995),(#2996,#2997,#2998,#2999,#3000,#3001,#3002,
#3003,#3004,#3005),(#3006,#3007,#3008,#3009,#3010,#3011,#3012,#3013,#3014,
#3015),(#3016,#3017,#3018,#3019,#3020,#3021,#3022,#3023,#3024,#3025),(#3026,
#3027,#3028,#3029,#3030,#3031,#3032,#3033,#3034,#3035),(#3036,#3037,#3038,
#3039,#3040,#3041,#3042,#3043,#3044,#3045),(#3046,#3047,#3048,#3049,#3050,
#3051,#3052,#3053,#3054,#3055),(#3056,#3057,#3058,#3059,#3060,#3061,#3062,
#3063,#3064,#3065),(#3066,#3067,#3068,#3069,#3070,#3071,#3072,#3073,#3074,
#3075),(#3076,#3077,#3078,#3079,#3080,#3081,#3082,#3083,#3084,#3085),(#3086,
#3087,#3088,#3089,#3090,#3091,#3092,#3093,#3094,#3095),(#3096,#3097,#3098,
#3099,#3100,#3101,#3102,#3103,#3104,#3105),(#3106,#3107,#3108,#3109,#3110,
#3111,#3112,#3113,#3114,#3115),(#3116,#3117,#3118,#3119,#3120,#3121,#3122,
#3123,#3124,#3125),(#3126,#3127,#3128,#3129,#3130,#3131,#3132,#3133,#3134,
#3135),(#3136,#3137,#3138,#3139,#3140,#3141,#3142,#3143,#3144,#3145),(#3146,
#3147,#3148,#3149,#3150,#3151,#3152,#3153,#3154,#3155),(#3156,#3157,#3158,
#3159,#3160,#3161,#3162,#3163,#3164,#3165),(#3166,#3167,#3168,#3169,#3170,
#3171,#3172,#3173,#3174,#3175),(#3176,#3177,#3178,#3179,#3180,#3181,#3182,
#3183,#3184,#3185),(#3186,#3187,#3188,#3189,#3190,#3191,#3192,#3193,#3194,
#3195),(#3196,#3197,#3198,#3199,#3200,#3201,#3202,#3203,#3204,#3205),(#3206,
#3207,#3208,#3209,#3210,#3211,#3212,#3213,#3214,#3215),(#3216,#3217,#3218,
#3219,#3220,#3221,#3222,#3223,#3224,#3225),(#3226,#3227,#3228,#3229,#3230,
#3231,#3232,#3233,#3234,#3235),(#3236,#3237,#3238,#3239,#3240,#3241,#3242,
#3243,#3244,#3245),(#3246,#3247,#3248,#3249,#3250,#3251,#3252,#3253,#3254,
#3255),(#3256,#3257,#3258,#3259,#3260,#3261,#3262,#3263,#3264,#3265)),
 .UNSPECIFIED.,.F.,.F.,.F.,(4,2,2,2,2,2,2,2,2,2,2,2,2,4),(4,2,2,2,4),(13.8400249379,
14.7049973833812,15.5699698288625,16.4349422743438,17.299914719825,18.1648871653063,
19.0298596107875,20.75980450175,22.4897493927125,24.219694283675,25.0846667291563,
25.9496391746375,26.8146116201188,27.6795840656),(0.,0.125,0.25,0.375,0.5),
 .UNSPECIFIED.);
#18=B_SPLINE_SURFACE_WITH_KNOTS('',3,3,((#3284,#3285,#3286,#3287,#3288,
#3289,#3290,#3291,#3292,#3293),(#3294,#3295,#3296,#3297,#3298,#3299,#3300,
#3301,#3302,#3303),(#3304,#3305,#3306,#3307,#3308,#3309,#3310,#3311,#3312,
#3313),(#3314,#3315,#3316,#3317,#3318,#3319,#3320,#3321,#3322,#3323),(#3324,
#3325,#3326,#3327,#3328,#3329,#3330,#3331,#3332,#3333),(#3334,#3335,#3336,
#3337,#3338,#3339,#3340,#3341,#3342,#3343),(#3344,#3345,#3346,#3347,#3348,
#3349,#3350,#3351,#3352,#3353),(#3354,#3355,#3356,#3357,#3358,#3359,#3360,
#3361,#3362,#3363),(#3364,#3365,#3366,#3367,#3368,#3369,#3370,#3371,#3372,
#3373),(#3374,#3375,#3376,#3377,#3378,#3379,#3380,#3381,#3382,#3383),(#3384,
#3385,#3386,#3387,#3388,#3389,#3390,#3391,#3392,#3393),(#3394,#3395,#3396,
#3397,#3398,#3399,#3400,#3401,#3402,#3403),(#3404,#3405,#3406,#3407,#3408,
#3409,#3410,#3411,#3412,#3413),(#3414,#3415,#3416,#3417,#3418,#3419,#3420,
#3421,#3422,#3423),(#3424,#3425,#3426,#3427,#3428,#3429,#3430,#3431,#3432,
#3433),(#3434,#3435,#3436,#3437,#3438,#3439,#3440,#3441,#3442,#3443),(#3444,
#3445,#3446,#3447,#3448,#3449,#3450,#3451,#3452,#3453),(#3454,#3455,#3456,
#3457,#3458,#3459,#3460,#3461,#3462,#3463),(#3464,#3465,#3466,#3467,#3468,
#3469,#3470,#3471,#3472,#3473),(#3474,#3475,#3476,#3477,#3478,#3479,#3480,
#3481,#3482,#3483),(#3484,#3485,#3486,#3487,#3488,#3489,#3490,#3491,#3492,
#3493),(#3494,#3495,#3496,#3497,#3498,#3499,#3500,#3501,#3502,#3503),(#3504,
#3505,#3506,#3507,#3508,#3509,#3510,#3511,#3512,#3513),(#3514,#3515,#3516,
#3517,#3518,#3519,#3520,#3521,#3522,#3523),(#3524,#3525,#3526,#3527,#3528,
#3529,#3530,#3531,#3532,#3533),(#3534,#3535,#3536,#3537,#3538,#3539,#3540,
#3541,#3542,#3543),(#3544,#3545,#3546,#3547,#3548,#3549,#3550,#3551,#3552,
#3553),(#3554,#3555,#3556,#3557,#3558,#3559,#3560,#3561,#3562,#3563)),
 .UNSPECIFIED.,.F.,.F.,.F.,(4,2,2,2,2,2,2,2,2,2,2,2,2,4),(4,2,2,2,4),(0.,
0.86496972600625,1.7299394520125,2.59490917801875,3.459878904025,5.1898183560375,
6.91975780805,8.6496972600625,9.51466698606875,10.379636712075,11.2446064380812,
12.1095761640875,12.9745458900937,13.8395156161),(0.,0.125,0.25,0.375,0.5),
 .UNSPECIFIED.);
#19=B_SPLINE_SURFACE_WITH_KNOTS('',3,3,((#3660,#3661,#3662,#3663,#3664,
#3665,#3666,#3667,#3668,#3669),(#3670,#3671,#3672,#3673,#3674,#3675,#3676,
#3677,#3678,#3679),(#3680,#3681,#3682,#3683,#3684,#3685,#3686,#3687,#3688,
#3689),(#3690,#3691,#3692,#3693,#3694,#3695,#3696,#3697,#3698,#3699),(#3700,
#3701,#3702,#3703,#3704,#3705,#3706,#3707,#3708,#3709),(#3710,#3711,#3712,
#3713,#3714,#3715,#3716,#3717,#3718,#3719),(#3720,#3721,#3722,#3723,#3724,
#3725,#3726,#3727,#3728,#3729),(#3730,#3731,#3732,#3733,#3734,#3735,#3736,
#3737,#3738,#3739),(#3740,#3741,#3742,#3743,#3744,#3745,#3746,#3747,#3748,
#3749),(#3750,#3751,#3752,#3753,#3754,#3755,#3756,#3757,#3758,#3759),(#3760,
#3761,#3762,#3763,#3764,#3765,#3766,#3767,#3768,#3769),(#3770,#3771,#3772,
#3773,#3774,#3775,#3776,#3777,#3778,#3779),(#3780,#3781,#3782,#3783,#3784,
#3785,#3786,#3787,#3788,#3789),(#3790,#3791,#3792,#3793,#3794,#3795,#3796,
#3797,#3798,#3799),(#3800,#3801,#3802,#3803,#3804,#3805,#3806,#3807,#3808,
#3809),(#3810,#3811,#3812,#3813,#3814,#3815,#3816,#3817,#3818,#3819)),
 .UNSPECIFIED.,.F.,.F.,.F.,(4,2,2,2,2,2,2,4),(4,2,2,2,4),(-0.504216211699512,
-0.202212801851647,-0.0512110969277145,0.099790607996218,0.250792312920151,
0.401794017844083,0.552795722768016,0.703797427691948),(-0.404877253377504,
-0.177364930440005,0.0501473924974937,0.277659715434992,0.505172038372491),
 .UNSPECIFIED.);
#20=B_SPLINE_SURFACE_WITH_KNOTS('',3,3,((#4167,#4168,#4169,#4170,#4171,
#4172),(#4173,#4174,#4175,#4176,#4177,#4178),(#4179,#4180,#4181,#4182,#4183,
#4184),(#4185,#4186,#4187,#4188,#4189,#4190),(#4191,#4192,#4193,#4194,#4195,
#4196),(#4197,#4198,#4199,#4200,#4201,#4202),(#4203,#4204,#4205,#4206,#4207,
#4208),(#4209,#4210,#4211,#4212,#4213,#4214),(#4215,#4216,#4217,#4218,#4219,
#4220),(#4221,#4222,#4223,#4224,#4225,#4226),(#4227,#4228,#4229,#4230,#4231,
#4232),(#4233,#4234,#4235,#4236,#4237,#4238),(#4239,#4240,#4241,#4242,#4243,
#4244),(#4245,#4246,#4247,#4248,#4249,#4250)),.UNSPECIFIED.,.F.,.F.,.F.,
(4,2,2,2,2,2,4),(4,2,4),(3.31745979277681,3.43824110233362,3.56268418949852,
3.81157036382831,4.06045653815811,4.184899625323,4.30544211672028),(-0.00381902056197239,
0.3103819737485,0.624592914299622),.UNSPECIFIED.);
#21=B_SPLINE_SURFACE_WITH_KNOTS('',3,3,((#4275,#4276,#4277,#4278,#4279,
#4280,#4281,#4282,#4283,#4284),(#4285,#4286,#4287,#4288,#4289,#4290,#4291,
#4292,#4293,#4294),(#4295,#4296,#4297,#4298,#4299,#4300,#4301,#4302,#4303,
#4304),(#4305,#4306,#4307,#4308,#4309,#4310,#4311,#4312,#4313,#4314),(#4315,
#4316,#4317,#4318,#4319,#4320,#4321,#4322,#4323,#4324),(#4325,#4326,#4327,
#4328,#4329,#4330,#4331,#4332,#4333,#4334),(#4335,#4336,#4337,#4338,#4339,
#4340,#4341,#4342,#4343,#4344),(#4345,#4346,#4347,#4348,#4349,#4350,#4351,
#4352,#4353,#4354),(#4355,#4356,#4357,#4358,#4359,#4360,#4361,#4362,#4363,
#4364),(#4365,#4366,#4367,#4368,#4369,#4370,#4371,#4372,#4373,#4374)),
 .UNSPECIFIED.,.F.,.F.,.F.,(4,2,2,2,4),(4,2,2,2,4),(-0.630980589020932,
-0.347840908322787,-0.0647012276246404,0.218438453073506,0.501578133771651),
(-0.335814715320931,-0.138395368536257,0.0590239782484171,0.256443325033091,
0.453862671817765),.UNSPECIFIED.);
#22=B_SPLINE_SURFACE_WITH_KNOTS('',3,3,((#4383,#4384,#4385,#4386,#4387,
#4388,#4389,#4390,#4391,#4392,#4393,#4394,#4395,#4396),(#4397,#4398,#4399,
#4400,#4401,#4402,#4403,#4404,#4405,#4406,#4407,#4408,#4409,#4410),(#4411,
#4412,#4413,#4414,#4415,#4416,#4417,#4418,#4419,#4420,#4421,#4422,#4423,
#4424),(#4425,#4426,#4427,#4428,#4429,#4430,#4431,#4432,#4433,#4434,#4435,
#4436,#4437,#4438),(#4439,#4440,#4441,#4442,#4443,#4444,#4445,#4446,#4447,
#4448,#4449,#4450,#4451,#4452),(#4453,#4454,#4455,#4456,#4457,#4458,#4459,
#4460,#4461,#4462,#4463,#4464,#4465,#4466),(#4467,#4468,#4469,#4470,#4471,
#4472,#4473,#4474,#4475,#4476,#4477,#4478,#4479,#4480),(#4481,#4482,#4483,
#4484,#4485,#4486,#4487,#4488,#4489,#4490,#4491,#4492,#4493,#4494),(#4495,
#4496,#4497,#4498,#4499,#4500,#4501,#4502,#4503,#4504,#4505,#4506,#4507,
#4508),(#4509,#4510,#4511,#4512,#4513,#4514,#4515,#4516,#4517,#4518,#4519,
#4520,#4521,#4522),(#4523,#4524,#4525,#4526,#4527,#4528,#4529,#4530,#4531,
#4532,#4533,#4534,#4535,#4536),(#4537,#4538,#4539,#4540,#4541,#4542,#4543,
#4544,#4545,#4546,#4547,#4548,#4549,#4550)),.UNSPECIFIED.,.F.,.F.,.F.,(4,
2,2,2,2,4),(4,2,2,2,2,2,4),(-0.562137584631304,-0.393732830098337,-0.225328075565371,
0.11148143350056,0.448290942566493,0.785100451632425),(-0.453496801671225,
-0.319273452927985,-0.185050104184744,-0.0508267554415046,0.0833965933017355,
0.351843290788215,0.620289988274696),.UNSPECIFIED.);
#23=B_SPLINE_SURFACE_WITH_KNOTS('',3,3,((#4559,#4560,#4561,#4562,#4563,
#4564,#4565,#4566,#4567,#4568),(#4569,#4570,#4571,#4572,#4573,#4574,#4575,
#4576,#4577,#4578),(#4579,#4580,#4581,#4582,#4583,#4584,#4585,#4586,#4587,
#4588),(#4589,#4590,#4591,#4592,#4593,#4594,#4595,#4596,#4597,#4598),(#4599,
#4600,#4601,#4602,#4603,#4604,#4605,#4606,#4607,#4608),(#4609,#4610,#4611,
#4612,#4613,#4614,#4615,#4616,#4617,#4618),(#4619,#4620,#4621,#4622,#4623,
#4624,#4625,#4626,#4627,#4628),(#4629,#4630,#4631,#4632,#4633,#4634,#4635,
#4636,#4637,#4638),(#4639,#4640,#4641,#4642,#4643,#4644,#4645,#4646,#4647,
#4648),(#4649,#4650,#4651,#4652,#4653,#4654,#4655,#4656,#4657,#4658),(#4659,
#4660,#4661,#4662,#4663,#4664,#4665,#4666,#4667,#4668),(#4669,#4670,#4671,
#4672,#4673,#4674,#4675,#4676,#4677,#4678),(#4679,#4680,#4681,#4682,#4683,
#4684,#4685,#4686,#4687,#4688),(#4689,#4690,#4691,#4692,#4693,#4694,#4695,
#4696,#4697,#4698),(#4699,#4700,#4701,#4702,#4703,#4704,#4705,#4706,#4707,
#4708),(#4709,#4710,#4711,#4712,#4713,#4714,#4715,#4716,#4717,#4718)),
 .UNSPECIFIED.,.F.,.F.,.F.,(4,2,2,2,2,2,2,4),(4,2,2,2,4),(-0.502891356525985,
-0.202169919943816,-0.0518092016527311,0.0985515166383534,0.248912234929438,
0.399272953220522,0.549633671511607,0.699994389802691),(-0.395997328066347,
-0.170800315668853,0.0543966967286417,0.279593709126137,0.504790721523631),
 .UNSPECIFIED.);
#24=B_SPLINE_SURFACE_WITH_KNOTS('',3,3,((#4729,#4730,#4731,#4732),(#4733,
#4734,#4735,#4736),(#4737,#4738,#4739,#4740),(#4741,#4742,#4743,#4744),
(#4745,#4746,#4747,#4748),(#4749,#4750,#4751,#4752),(#4753,#4754,#4755,
#4756),(#4757,#4758,#4759,#4760),(#4761,#4762,#4763,#4764),(#4765,#4766,
#4767,#4768),(#4769,#4770,#4771,#4772),(#4773,#4774,#4775,#4776),(#4777,
#4778,#4779,#4780),(#4781,#4782,#4783,#4784),(#4785,#4786,#4787,#4788)),
 .RULED_SURF.,.F.,.F.,.F.,(4,1,1,1,2,2,2,2,4),(4,4),(12.7717807536,16.9503237509875,
21.128866748375,25.3074097457625,29.48595274315,33.6644957405375,37.843038737925,
42.0215817353125,46.2001247327),(-1.66533453694E-16,0.703973964512),
 .UNSPECIFIED.);
#25=B_SPLINE_SURFACE_WITH_KNOTS('',1,3,((#4794,#4795,#4796,#4797),(#4798,
#4799,#4800,#4801)),.RULED_SURF.,.F.,.F.,.F.,(2,2),(4,4),(0.0625959581161611,
0.756500923022516),(0.00634948186267678,0.00708265262924327),
 .PIECEWISE_BEZIER_KNOTS.);
#26=CYLINDRICAL_SURFACE('',#1669,0.001);
#27=CYLINDRICAL_SURFACE('',#1672,0.001);
#28=CYLINDRICAL_SURFACE('',#1674,0.00449401554038741);
#29=CYLINDRICAL_SURFACE('',#1691,0.00275);
#30=CYLINDRICAL_SURFACE('',#1695,0.00275);
#31=CYLINDRICAL_SURFACE('',#1698,0.00135);
#32=CYLINDRICAL_SURFACE('',#1700,0.00135);
#33=CYLINDRICAL_SURFACE('',#1703,0.001);
#34=CYLINDRICAL_SURFACE('',#1710,0.00157714808132673);
#35=CYLINDRICAL_SURFACE('',#1718,0.002);
#36=CYLINDRICAL_SURFACE('',#1720,0.0241013507384139);
#37=CYLINDRICAL_SURFACE('',#1723,0.001);
#38=CYLINDRICAL_SURFACE('',#1724,0.002);
#39=CYLINDRICAL_SURFACE('',#1729,0.00100111869166);
#40=CYLINDRICAL_SURFACE('',#1738,0.00449418749546809);
#41=CYLINDRICAL_SURFACE('',#1748,0.001);
#42=CYLINDRICAL_SURFACE('',#1749,0.00100003549531);
#43=CYLINDRICAL_SURFACE('',#1751,0.02);
#44=CYLINDRICAL_SURFACE('',#1752,0.001);
#45=CYLINDRICAL_SURFACE('',#1755,0.045);
#46=CYLINDRICAL_SURFACE('',#1757,0.001);
#47=CYLINDRICAL_SURFACE('',#1761,0.001);
#48=CYLINDRICAL_SURFACE('',#1765,0.0471027817129755);
#49=CYLINDRICAL_SURFACE('',#1768,0.0569922434275543);
#50=CONICAL_SURFACE('',#1663,0.,0.785398163397);
#51=CONICAL_SURFACE('',#1670,0.,0.785398163397);
#52=CONICAL_SURFACE('',#1675,0.000454757299985108,0.868950719327896);
#53=CONICAL_SURFACE('',#1696,0.,0.785398163397);
#54=CONICAL_SURFACE('',#1713,0.,0.785398163397);
#55=CONICAL_SURFACE('',#1715,0.,0.785398163397);
#56=CONICAL_SURFACE('',#1740,0.,0.785398163397);
#57=CONICAL_SURFACE('',#1763,0.0447059943462059,0.791593406962064);
#58=CONICAL_SURFACE('',#1764,0.00052829409567169,0.865592245328065);
#59=CIRCLE('',#1657,0.0204999999999728);
#60=CIRCLE('',#1658,0.000499999999999549);
#61=CIRCLE('',#1659,0.000499999999999533);
#62=CIRCLE('',#1660,0.0454999999999592);
#63=CIRCLE('',#1661,0.002);
#64=CIRCLE('',#1664,0.001);
#65=CIRCLE('',#1671,0.045);
#66=CIRCLE('',#1678,0.00185);
#67=CIRCLE('',#1679,0.00185);
#68=CIRCLE('',#1682,0.000499999999999552);
#69=CIRCLE('',#1683,0.002);
#70=CIRCLE('',#1686,0.001);
#71=CIRCLE('',#1687,0.002);
#72=CIRCLE('',#1689,0.00275);
#73=CIRCLE('',#1690,0.00135);
#74=CIRCLE('',#1693,0.00275);
#75=CIRCLE('',#1694,0.00135);
#76=CIRCLE('',#1697,0.001);
#77=CIRCLE('',#1699,0.00135);
#78=CIRCLE('',#1701,0.00135);
#79=CIRCLE('',#1714,0.001);
#80=CIRCLE('',#1716,0.02);
#81=CIRCLE('',#1726,0.002);
#82=CIRCLE('',#1732,0.000499999999999773);
#83=CIRCLE('',#1733,0.0798390368010166);
#84=CIRCLE('',#1741,0.000999999999999103);
#85=B_SPLINE_CURVE_WITH_KNOTS('',3,(#2183,#2184,#2185,#2186),
 .UNSPECIFIED.,.F.,.F.,(4,4),(1.55156091368571E-14,0.000724576790656123),
 .UNSPECIFIED.);
#86=B_SPLINE_CURVE_WITH_KNOTS('',3,(#2212,#2213,#2214,#2215),
 .UNSPECIFIED.,.F.,.F.,(4,4),(0.,0.70706459255539),.UNSPECIFIED.);
#87=B_SPLINE_CURVE_WITH_KNOTS('',3,(#2217,#2218,#2219,#2220),
 .UNSPECIFIED.,.F.,.F.,(4,4),(0.,0.707106781202837),.UNSPECIFIED.);
#88=B_SPLINE_CURVE_WITH_KNOTS('',3,(#2229,#2230,#2231,#2232),
 .UNSPECIFIED.,.F.,.F.,(4,4),(-0.364079955633,0.364079955633),
 .UNSPECIFIED.);
#89=B_SPLINE_CURVE_WITH_KNOTS('',3,(#2248,#2249,#2250,#2251),
 .UNSPECIFIED.,.F.,.F.,(4,4),(0.,1.),.UNSPECIFIED.);
#90=B_SPLINE_CURVE_WITH_KNOTS('',3,(#2258,#2259,#2260,#2261),
 .UNSPECIFIED.,.F.,.F.,(4,4),(0.,0.43592108410046),.UNSPECIFIED.);
#91=B_SPLINE_CURVE_WITH_KNOTS('',3,(#2262,#2263,#2264,#2265),
 .UNSPECIFIED.,.F.,.F.,(4,4),(0.,1.),.UNSPECIFIED.);
#92=B_SPLINE_CURVE_WITH_KNOTS('',3,(#2267,#2268,#2269,#2270),
 .UNSPECIFIED.,.F.,.F.,(4,4),(-0.608617376482,0.608617376482),
 .UNSPECIFIED.);
#93=B_SPLINE_CURVE_WITH_KNOTS('',3,(#2274,#2275,#2276,#2277),
 .UNSPECIFIED.,.F.,.F.,(4,4),(0.,0.000306828893252428),.UNSPECIFIED.);
#94=B_SPLINE_CURVE_WITH_KNOTS('',3,(#2278,#2279,#2280,#2281),
 .UNSPECIFIED.,.F.,.F.,(4,4),(1.03628385789991E-9,0.000358608327173979),
 .UNSPECIFIED.);
#95=B_SPLINE_CURVE_WITH_KNOTS('',3,(#2283,#2284,#2285,#2286),
 .UNSPECIFIED.,.F.,.F.,(4,4),(0.,0.754672136723652),.UNSPECIFIED.);
#96=B_SPLINE_CURVE_WITH_KNOTS('',3,(#2287,#2288,#2289,#2290),
 .UNSPECIFIED.,.F.,.F.,(4,4),(-0.514670782481022,0.514671031466),
 .UNSPECIFIED.);
#97=B_SPLINE_CURVE_WITH_KNOTS('',3,(#2292,#2293,#2294,#2295),
 .UNSPECIFIED.,.F.,.F.,(4,4),(0.,1.),.UNSPECIFIED.);
#98=B_SPLINE_CURVE_WITH_KNOTS('',3,(#2315,#2316,#2317,#2318),
 .UNSPECIFIED.,.F.,.F.,(4,4),(0.,0.00046858975188817),.UNSPECIFIED.);
#99=B_SPLINE_CURVE_WITH_KNOTS('',3,(#2344,#2345,#2346,#2347),
 .UNSPECIFIED.,.F.,.F.,(4,4),(-0.000153789410398785,0.000425201754826021),
 .UNSPECIFIED.);
#100=B_SPLINE_CURVE_WITH_KNOTS('',3,(#2363,#2364,#2365,#2366,#2367,#2368,
#2369),.UNSPECIFIED.,.F.,.F.,(4,1,1,1,4),(13.8400249379,17.299914719825,
20.75980450175,24.219694283675,27.6795840656),.UNSPECIFIED.);
#101=B_SPLINE_CURVE_WITH_KNOTS('',3,(#2372,#2373,#2374,#2375,#2376,#2377,
#2378),.UNSPECIFIED.,.F.,.F.,(4,1,1,1,4),(0.,3.459878904025,6.91975780805,
10.379636712075,13.8395156161),.UNSPECIFIED.);
#102=B_SPLINE_CURVE_WITH_KNOTS('',3,(#2385,#2386,#2387,#2388,#2389,#2390,
#2391),.UNSPECIFIED.,.F.,.F.,(4,1,1,1,4),(13.9050100185,17.38135834625,
20.857706674,24.33405500175,27.8104033295),.UNSPECIFIED.);
#103=B_SPLINE_CURVE_WITH_KNOTS('',3,(#2394,#2395,#2396,#2397,#2398,#2399,
#2400),.UNSPECIFIED.,.F.,.F.,(4,1,1,1,4),(0.,3.47625606235,6.9525121247,
10.42876818705,13.9050242494),.UNSPECIFIED.);
#104=B_SPLINE_CURVE_WITH_KNOTS('',3,(#2681,#2682,#2683,#2684,#2685),
 .UNSPECIFIED.,.F.,.F.,(4,1,4),(0.,0.5,1.),.UNSPECIFIED.);
#105=B_SPLINE_CURVE_WITH_KNOTS('',3,(#2687,#2688,#2689,#2690,#2691,#2692,
#2693),.UNSPECIFIED.,.F.,.F.,(4,1,1,1,4),(13.9050100185,17.38135834625,
20.857706674,24.33405500175,27.8104033295),.UNSPECIFIED.);
#106=B_SPLINE_CURVE_WITH_KNOTS('',3,(#2695,#2696,#2697,#2698),
 .UNSPECIFIED.,.F.,.F.,(4,4),(0.,1.),.UNSPECIFIED.);
#107=B_SPLINE_CURVE_WITH_KNOTS('',3,(#2979,#2980,#2981,#2982,#2983,#2984,
#2985),.UNSPECIFIED.,.F.,.F.,(4,1,1,1,4),(0.,3.47625606235,6.9525121247,
10.42876818705,13.9050242494),.UNSPECIFIED.);
#108=B_SPLINE_CURVE_WITH_KNOTS('',3,(#3266,#3267,#3268,#3269),
 .UNSPECIFIED.,.F.,.F.,(4,4),(0.,1.),.UNSPECIFIED.);
#109=B_SPLINE_CURVE_WITH_KNOTS('',3,(#3271,#3272,#3273,#3274,#3275,#3276,
#3277),.UNSPECIFIED.,.F.,.F.,(4,1,1,1,4),(13.8400249379,17.299914719825,
20.75980450175,24.219694283675,27.6795840656),.UNSPECIFIED.);
#110=B_SPLINE_CURVE_WITH_KNOTS('',3,(#3279,#3280,#3281,#3282,#3283),
 .UNSPECIFIED.,.F.,.F.,(4,1,4),(0.,0.5,1.),.UNSPECIFIED.);
#111=B_SPLINE_CURVE_WITH_KNOTS('',3,(#3564,#3565,#3566,#3567,#3568,#3569,
#3570),.UNSPECIFIED.,.F.,.F.,(4,1,1,1,4),(0.,3.459878904025,6.91975780805,
10.379636712075,13.8395156161),.UNSPECIFIED.);
#112=B_SPLINE_CURVE_WITH_KNOTS('',3,(#3580,#3581,#3582,#3583),
 .UNSPECIFIED.,.F.,.F.,(4,4),(0.,1.),.UNSPECIFIED.);
#113=B_SPLINE_CURVE_WITH_KNOTS('',3,(#3586,#3587,#3588,#3589),
 .UNSPECIFIED.,.F.,.F.,(4,4),(0.000229717899312032,0.000381337436607389),
 .UNSPECIFIED.);
#114=B_SPLINE_CURVE_WITH_KNOTS('',3,(#3607,#3608,#3609,#3610),
 .UNSPECIFIED.,.F.,.F.,(4,4),(0.,1.),.UNSPECIFIED.);
#115=B_SPLINE_CURVE_WITH_KNOTS('',3,(#3612,#3613,#3614,#3615),
 .UNSPECIFIED.,.F.,.F.,(4,4),(0.,1.),.UNSPECIFIED.);
#116=B_SPLINE_CURVE_WITH_KNOTS('',3,(#3617,#3618,#3619,#3620),
 .UNSPECIFIED.,.F.,.F.,(4,4),(0.,0.000234110718613277),.UNSPECIFIED.);
#117=B_SPLINE_CURVE_WITH_KNOTS('',3,(#3626,#3627,#3628,#3629),
 .UNSPECIFIED.,.F.,.F.,(4,4),(-0.388134258693,0.388134258693),
 .UNSPECIFIED.);
#118=B_SPLINE_CURVE_WITH_KNOTS('',3,(#3646,#3647,#3648,#3649),
 .UNSPECIFIED.,.F.,.F.,(4,4),(0.,0.465513279971163),.UNSPECIFIED.);
#119=B_SPLINE_CURVE_WITH_KNOTS('',3,(#3651,#3652,#3653,#3654),
 .UNSPECIFIED.,.F.,.F.,(4,4),(2.72524174701654E-16,0.00336626898995217),
 .UNSPECIFIED.);
#120=B_SPLINE_CURVE_WITH_KNOTS('',3,(#3656,#3657,#3658,#3659),
 .UNSPECIFIED.,.F.,.F.,(4,4),(0.,1.),.UNSPECIFIED.);
#121=B_SPLINE_CURVE_WITH_KNOTS('',3,(#3820,#3821,#3822,#3823,#3824,#3825,
#3826,#3827,#3828,#3829),.UNSPECIFIED.,.F.,.F.,(4,1,1,1,1,1,1,4),(0.,0.125,
0.25,0.375,0.5,0.625,0.75,1.),.UNSPECIFIED.);
#122=B_SPLINE_CURVE_WITH_KNOTS('',3,(#3841,#3842,#3843,#3844),
 .UNSPECIFIED.,.F.,.F.,(4,4),(329.146370873726,365.559999997629),
 .UNSPECIFIED.);
#123=B_SPLINE_CURVE_WITH_KNOTS('',3,(#3868,#3869,#3870,#3871),
 .UNSPECIFIED.,.F.,.F.,(4,4),(0.,0.000307168317018407),.UNSPECIFIED.);
#124=B_SPLINE_CURVE_WITH_KNOTS('',3,(#3893,#3894,#3895,#3896),
 .UNSPECIFIED.,.F.,.F.,(4,4),(2.81027058345177E-7,14.2910345988144),
 .UNSPECIFIED.);
#125=B_SPLINE_CURVE_WITH_KNOTS('',3,(#3903,#3904,#3905,#3906),
 .UNSPECIFIED.,.F.,.F.,(4,4),(-0.421212430615,0.421208110705223),
 .UNSPECIFIED.);
#126=B_SPLINE_CURVE_WITH_KNOTS('',3,(#3912,#3913,#3914,#3915),
 .UNSPECIFIED.,.F.,.F.,(4,4),(-0.40363554956,0.403024788326),
 .UNSPECIFIED.);
#127=B_SPLINE_CURVE_WITH_KNOTS('',3,(#3919,#3920,#3921,#3922),
 .UNSPECIFIED.,.F.,.F.,(4,4),(-0.514669804742494,0.514670336118248),
 .UNSPECIFIED.);
#128=B_SPLINE_CURVE_WITH_KNOTS('',3,(#3934,#3935,#3936,#3937),
 .UNSPECIFIED.,.F.,.F.,(4,4),(2.0886771575641E-5,0.707086587441127),
 .UNSPECIFIED.);
#129=B_SPLINE_CURVE_WITH_KNOTS('',3,(#3939,#3940,#3941,#3942),
 .UNSPECIFIED.,.F.,.F.,(4,4),(0.,0.000291902116076564),.UNSPECIFIED.);
#130=B_SPLINE_CURVE_WITH_KNOTS('',3,(#3944,#3945,#3946,#3947),
 .UNSPECIFIED.,.F.,.F.,(4,4),(4.53325703476E-5,0.701263741312),
 .UNSPECIFIED.);
#131=B_SPLINE_CURVE_WITH_KNOTS('',3,(#3961,#3962,#3963,#3964),
 .UNSPECIFIED.,.F.,.F.,(4,4),(1.41482348889876E-5,0.724218078598),
 .UNSPECIFIED.);
#132=B_SPLINE_CURVE_WITH_KNOTS('',3,(#3970,#3971,#3972,#3973),
 .UNSPECIFIED.,.F.,.F.,(4,4),(1.53609222309776E-6,0.927767994984),
 .UNSPECIFIED.);
#133=B_SPLINE_CURVE_WITH_KNOTS('',3,(#3979,#3980,#3981,#3982,#3983,#3984,
#3985,#3986,#3987,#3988,#3989,#3990,#3991,#3992,#3993,#3994,#3995,#3996,
#3997,#3998,#3999,#4000,#4001,#4002,#4003,#4004,#4005,#4006,#4007,#4008,
#4009,#4010,#4011,#4012,#4013,#4014,#4015,#4016,#4017,#4018),
 .UNSPECIFIED.,.F.,.F.,(4,1,1,1,1,1,1,1,1,1,1,1,1,1,1,1,1,1,1,1,1,1,1,1,
1,1,1,1,1,1,1,1,1,1,1,1,1,4),(0.,0.0625,0.09375,0.125,0.140625,0.15625,
0.1875,0.25,0.3125,0.34375,0.3515625,0.359375,0.375,0.40625,0.4375,0.453125,
0.4609375,0.46875,0.484375,0.5,0.53125,0.5625,0.59375,0.625,0.65625,0.671875,
0.67578125,0.6796875,0.6875,0.703125,0.71875,0.75,0.765625,0.78125,0.8125,
0.84375,0.875,1.),.UNSPECIFIED.);
#134=B_SPLINE_CURVE_WITH_KNOTS('',3,(#4024,#4025,#4026,#4027,#4028,#4029,
#4030,#4031,#4032,#4033,#4034),.UNSPECIFIED.,.F.,.F.,(4,1,1,1,1,1,1,1,4),
(0.,0.25,0.375,0.5,0.625,0.75,0.875,0.9375,1.),.UNSPECIFIED.);
#135=B_SPLINE_CURVE_WITH_KNOTS('',3,(#4038,#4039,#4040,#4041),
 .UNSPECIFIED.,.F.,.F.,(4,4),(0.,1.),.UNSPECIFIED.);
#136=B_SPLINE_CURVE_WITH_KNOTS('',3,(#4047,#4048,#4049,#4050),
 .UNSPECIFIED.,.F.,.F.,(4,4),(0.,1.),.UNSPECIFIED.);
#137=B_SPLINE_CURVE_WITH_KNOTS('',3,(#4052,#4053,#4054,#4055),
 .UNSPECIFIED.,.F.,.F.,(4,4),(0.,0.999999200838951),.UNSPECIFIED.);
#138=B_SPLINE_CURVE_WITH_KNOTS('',3,(#4057,#4058,#4059,#4060),
 .UNSPECIFIED.,.F.,.F.,(4,4),(4.46864089785268E-13,0.000181103443383261),
 .UNSPECIFIED.);
#139=B_SPLINE_CURVE_WITH_KNOTS('',3,(#4062,#4063,#4064,#4065,#4066),
 .UNSPECIFIED.,.F.,.F.,(4,1,4),(-0.0202955179448448,-0.00972349979863772,
0.000848518347569315),.UNSPECIFIED.);
#140=B_SPLINE_CURVE_WITH_KNOTS('',3,(#4068,#4069,#4070,#4071),
 .UNSPECIFIED.,.F.,.F.,(4,4),(0.,1.),.UNSPECIFIED.);
#141=B_SPLINE_CURVE_WITH_KNOTS('',3,(#4073,#4074,#4075,#4076,#4077,#4078,
#4079,#4080),.UNSPECIFIED.,.F.,.F.,(4,1,1,1,1,4),(0.,0.25,0.5,0.625,0.75,
1.),.UNSPECIFIED.);
#142=B_SPLINE_CURVE_WITH_KNOTS('',3,(#4082,#4083,#4084,#4085,#4086,#4087,
#4088,#4089,#4090,#4091),.UNSPECIFIED.,.F.,.F.,(4,1,1,1,1,1,1,4),(0.,0.25,
0.375,0.5,0.5625,0.625,0.75,1.),.UNSPECIFIED.);
#143=B_SPLINE_CURVE_WITH_KNOTS('',3,(#4097,#4098,#4099,#4100),
 .UNSPECIFIED.,.F.,.F.,(4,4),(0.,1.),.UNSPECIFIED.);
#144=B_SPLINE_CURVE_WITH_KNOTS('',3,(#4102,#4103,#4104,#4105,#4106,#4107),
 .UNSPECIFIED.,.F.,.F.,(4,1,1,4),(0.,0.249999994817053,0.499999989634105,
0.99999997926821),.UNSPECIFIED.);
#145=B_SPLINE_CURVE_WITH_KNOTS('',3,(#4109,#4110,#4111,#4112),
 .UNSPECIFIED.,.F.,.F.,(4,4),(0.,1.),.UNSPECIFIED.);
#146=B_SPLINE_CURVE_WITH_KNOTS('',3,(#4116,#4117,#4118,#4119,#4120,#4121),
 .UNSPECIFIED.,.F.,.F.,(4,1,1,4),(0.,0.25,0.5,1.),.UNSPECIFIED.);
#147=B_SPLINE_CURVE_WITH_KNOTS('',3,(#4123,#4124,#4125,#4126,#4127,#4128,
#4129),.UNSPECIFIED.,.F.,.F.,(4,1,1,1,4),(0.,0.5,0.75,0.875,1.),
 .UNSPECIFIED.);
#148=B_SPLINE_CURVE_WITH_KNOTS('',3,(#4131,#4132,#4133,#4134),
 .UNSPECIFIED.,.F.,.F.,(4,4),(0.,1.),.UNSPECIFIED.);
#149=B_SPLINE_CURVE_WITH_KNOTS('',3,(#4140,#4141,#4142,#4143),
 .UNSPECIFIED.,.F.,.F.,(4,4),(0.,0.000315757813177177),.UNSPECIFIED.);
#150=B_SPLINE_CURVE_WITH_KNOTS('',3,(#4153,#4154,#4155,#4156),
 .UNSPECIFIED.,.F.,.F.,(4,4),(3.32365489336,4.29958342715),
 .UNSPECIFIED.);
#151=B_SPLINE_CURVE_WITH_KNOTS('',3,(#4158,#4159,#4160,#4161),
 .UNSPECIFIED.,.F.,.F.,(4,4),(0.,1.),.UNSPECIFIED.);
#152=B_SPLINE_CURVE_WITH_KNOTS('',3,(#4163,#4164,#4165,#4166),
 .UNSPECIFIED.,.F.,.F.,(4,4),(13.2503185787,14.1882526906657),
 .UNSPECIFIED.);
#153=B_SPLINE_CURVE_WITH_KNOTS('',3,(#4251,#4252,#4253,#4254),
 .UNSPECIFIED.,.F.,.F.,(4,4),(0.,1.),.UNSPECIFIED.);
#154=B_SPLINE_CURVE_WITH_KNOTS('',3,(#4255,#4256,#4257,#4258,#4259,#4260,
#4261,#4262,#4263,#4264),.UNSPECIFIED.,.F.,.F.,(4,1,1,1,1,1,1,4),(0.,0.25,
0.375,0.5,0.5625,0.625,0.75,1.),.UNSPECIFIED.);
#155=B_SPLINE_CURVE_WITH_KNOTS('',3,(#4266,#4267,#4268,#4269),
 .UNSPECIFIED.,.F.,.F.,(4,4),(0.,1.),.UNSPECIFIED.);
#156=B_SPLINE_CURVE_WITH_KNOTS('',3,(#4271,#4272,#4273,#4274),
 .UNSPECIFIED.,.F.,.F.,(4,4),(4.81471815638861E-6,0.99999767764339),
 .UNSPECIFIED.);
#157=B_SPLINE_CURVE_WITH_KNOTS('',3,(#4375,#4376,#4377,#4378),
 .UNSPECIFIED.,.F.,.F.,(4,4),(0.,1.),.UNSPECIFIED.);
#158=B_SPLINE_CURVE_WITH_KNOTS('',3,(#4379,#4380,#4381,#4382),
 .UNSPECIFIED.,.F.,.F.,(4,4),(0.,0.999999807389713),.UNSPECIFIED.);
#159=B_SPLINE_CURVE_WITH_KNOTS('',3,(#4551,#4552,#4553,#4554),
 .UNSPECIFIED.,.F.,.F.,(4,4),(0.,0.999997938889291),.UNSPECIFIED.);
#160=B_SPLINE_CURVE_WITH_KNOTS('',3,(#4555,#4556,#4557,#4558),
 .UNSPECIFIED.,.F.,.F.,(4,4),(0.,1.),.UNSPECIFIED.);
#161=B_SPLINE_CURVE_WITH_KNOTS('',3,(#4719,#4720,#4721,#4722),
 .UNSPECIFIED.,.F.,.F.,(4,4),(6.35814791147495E-7,1.),.UNSPECIFIED.);
#162=B_SPLINE_CURVE_WITH_KNOTS('',3,(#4723,#4724,#4725,#4726),
 .UNSPECIFIED.,.F.,.F.,(4,4),(3.42663646717893E-7,1.),.UNSPECIFIED.);
#163=ELLIPSE('',#1654,0.000511798562955545,0.000506723270467119);
#164=ELLIPSE('',#1667,0.00769959397150552,0.00449401554038741);
#165=ELLIPSE('',#1668,0.0313575317350838,0.0241013507384139);
#166=ELLIPSE('',#1707,0.00282842712474619,0.002);
#167=ELLIPSE('',#1709,0.00282842712474619,0.002);
#168=ELLIPSE('',#1712,0.00282842712474619,0.002);
#169=ELLIPSE('',#1725,0.00282842712474619,0.002);
#170=ELLIPSE('',#1739,0.00769983926829775,0.00449418749546809);
#171=ELLIPSE('',#1760,0.0455073497240086,0.0455054291666149);
#172=ORIENTED_EDGE('',*,*,#642,.T.);
#173=ORIENTED_EDGE('',*,*,#643,.T.);
#174=ORIENTED_EDGE('',*,*,#644,.T.);
#175=ORIENTED_EDGE('',*,*,#645,.T.);
#176=ORIENTED_EDGE('',*,*,#646,.T.);
#177=ORIENTED_EDGE('',*,*,#647,.T.);
#178=ORIENTED_EDGE('',*,*,#648,.F.);
#179=ORIENTED_EDGE('',*,*,#649,.F.);
#180=ORIENTED_EDGE('',*,*,#650,.F.);
#181=ORIENTED_EDGE('',*,*,#651,.F.);
#182=ORIENTED_EDGE('',*,*,#652,.F.);
#183=ORIENTED_EDGE('',*,*,#653,.F.);
#184=ORIENTED_EDGE('',*,*,#654,.F.);
#185=ORIENTED_EDGE('',*,*,#655,.T.);
#186=ORIENTED_EDGE('',*,*,#656,.F.);
#187=ORIENTED_EDGE('',*,*,#657,.T.);
#188=ORIENTED_EDGE('',*,*,#654,.T.);
#189=ORIENTED_EDGE('',*,*,#658,.T.);
#190=ORIENTED_EDGE('',*,*,#659,.F.);
#191=ORIENTED_EDGE('',*,*,#660,.F.);
#192=ORIENTED_EDGE('',*,*,#661,.T.);
#193=ORIENTED_EDGE('',*,*,#662,.T.);
#194=ORIENTED_EDGE('',*,*,#663,.F.);
#195=ORIENTED_EDGE('',*,*,#664,.F.);
#196=ORIENTED_EDGE('',*,*,#665,.F.);
#197=ORIENTED_EDGE('',*,*,#666,.F.);
#198=ORIENTED_EDGE('',*,*,#667,.F.);
#199=ORIENTED_EDGE('',*,*,#668,.F.);
#200=ORIENTED_EDGE('',*,*,#669,.F.);
#201=ORIENTED_EDGE('',*,*,#670,.F.);
#202=ORIENTED_EDGE('',*,*,#662,.F.);
#203=ORIENTED_EDGE('',*,*,#671,.T.);
#204=ORIENTED_EDGE('',*,*,#651,.T.);
#205=ORIENTED_EDGE('',*,*,#672,.F.);
#206=ORIENTED_EDGE('',*,*,#673,.T.);
#207=ORIENTED_EDGE('',*,*,#667,.T.);
#208=ORIENTED_EDGE('',*,*,#674,.F.);
#209=ORIENTED_EDGE('',*,*,#675,.F.);
#210=ORIENTED_EDGE('',*,*,#676,.F.);
#211=ORIENTED_EDGE('',*,*,#677,.F.);
#212=ORIENTED_EDGE('',*,*,#678,.T.);
#213=ORIENTED_EDGE('',*,*,#679,.T.);
#214=ORIENTED_EDGE('',*,*,#680,.T.);
#215=ORIENTED_EDGE('',*,*,#681,.T.);
#216=ORIENTED_EDGE('',*,*,#682,.T.);
#217=ORIENTED_EDGE('',*,*,#683,.T.);
#218=ORIENTED_EDGE('',*,*,#684,.F.);
#219=ORIENTED_EDGE('',*,*,#678,.F.);
#220=ORIENTED_EDGE('',*,*,#685,.F.);
#221=ORIENTED_EDGE('',*,*,#686,.F.);
#222=ORIENTED_EDGE('',*,*,#687,.F.);
#223=ORIENTED_EDGE('',*,*,#688,.F.);
#224=ORIENTED_EDGE('',*,*,#648,.T.);
#225=ORIENTED_EDGE('',*,*,#689,.T.);
#226=ORIENTED_EDGE('',*,*,#690,.F.);
#227=ORIENTED_EDGE('',*,*,#668,.T.);
#228=ORIENTED_EDGE('',*,*,#673,.F.);
#229=ORIENTED_EDGE('',*,*,#691,.F.);
#230=ORIENTED_EDGE('',*,*,#663,.T.);
#231=ORIENTED_EDGE('',*,*,#692,.T.);
#232=ORIENTED_EDGE('',*,*,#680,.F.);
#233=ORIENTED_EDGE('',*,*,#693,.F.);
#234=ORIENTED_EDGE('',*,*,#681,.F.);
#235=ORIENTED_EDGE('',*,*,#694,.T.);
#236=ORIENTED_EDGE('',*,*,#649,.T.);
#237=ORIENTED_EDGE('',*,*,#695,.F.);
#238=ORIENTED_EDGE('',*,*,#695,.T.);
#239=ORIENTED_EDGE('',*,*,#688,.T.);
#240=ORIENTED_EDGE('',*,*,#696,.T.);
#241=ORIENTED_EDGE('',*,*,#682,.F.);
#242=ORIENTED_EDGE('',*,*,#672,.T.);
#243=ORIENTED_EDGE('',*,*,#650,.T.);
#244=ORIENTED_EDGE('',*,*,#694,.F.);
#245=ORIENTED_EDGE('',*,*,#692,.F.);
#246=ORIENTED_EDGE('',*,*,#697,.T.);
#247=ORIENTED_EDGE('',*,*,#698,.T.);
#248=ORIENTED_EDGE('',*,*,#699,.F.);
#249=ORIENTED_EDGE('',*,*,#700,.F.);
#250=ORIENTED_EDGE('',*,*,#701,.T.);
#251=ORIENTED_EDGE('',*,*,#702,.T.);
#252=ORIENTED_EDGE('',*,*,#703,.T.);
#253=ORIENTED_EDGE('',*,*,#704,.F.);
#254=ORIENTED_EDGE('',*,*,#705,.T.);
#255=ORIENTED_EDGE('',*,*,#706,.F.);
#256=ORIENTED_EDGE('',*,*,#698,.F.);
#257=ORIENTED_EDGE('',*,*,#707,.F.);
#258=ORIENTED_EDGE('',*,*,#708,.T.);
#259=ORIENTED_EDGE('',*,*,#697,.F.);
#260=ORIENTED_EDGE('',*,*,#709,.T.);
#261=ORIENTED_EDGE('',*,*,#710,.T.);
#262=ORIENTED_EDGE('',*,*,#656,.T.);
#263=ORIENTED_EDGE('',*,*,#711,.F.);
#264=ORIENTED_EDGE('',*,*,#712,.F.);
#265=ORIENTED_EDGE('',*,*,#713,.T.);
#266=ORIENTED_EDGE('',*,*,#714,.F.);
#267=ORIENTED_EDGE('',*,*,#715,.T.);
#268=ORIENTED_EDGE('',*,*,#708,.F.);
#269=ORIENTED_EDGE('',*,*,#712,.T.);
#270=ORIENTED_EDGE('',*,*,#716,.F.);
#271=ORIENTED_EDGE('',*,*,#703,.F.);
#272=ORIENTED_EDGE('',*,*,#717,.T.);
#273=ORIENTED_EDGE('',*,*,#718,.T.);
#274=ORIENTED_EDGE('',*,*,#719,.F.);
#275=ORIENTED_EDGE('',*,*,#653,.T.);
#276=ORIENTED_EDGE('',*,*,#720,.T.);
#277=ORIENTED_EDGE('',*,*,#721,.F.);
#278=ORIENTED_EDGE('',*,*,#722,.F.);
#279=ORIENTED_EDGE('',*,*,#723,.T.);
#280=ORIENTED_EDGE('',*,*,#724,.T.);
#281=ORIENTED_EDGE('',*,*,#725,.F.);
#282=ORIENTED_EDGE('',*,*,#724,.F.);
#283=ORIENTED_EDGE('',*,*,#726,.T.);
#284=ORIENTED_EDGE('',*,*,#727,.T.);
#285=ORIENTED_EDGE('',*,*,#728,.T.);
#286=ORIENTED_EDGE('',*,*,#729,.F.);
#287=ORIENTED_EDGE('',*,*,#728,.F.);
#288=ORIENTED_EDGE('',*,*,#730,.T.);
#289=ORIENTED_EDGE('',*,*,#731,.T.);
#290=ORIENTED_EDGE('',*,*,#732,.T.);
#291=ORIENTED_EDGE('',*,*,#733,.T.);
#292=ORIENTED_EDGE('',*,*,#734,.F.);
#293=ORIENTED_EDGE('',*,*,#730,.F.);
#294=ORIENTED_EDGE('',*,*,#734,.T.);
#295=ORIENTED_EDGE('',*,*,#735,.T.);
#296=ORIENTED_EDGE('',*,*,#732,.F.);
#297=ORIENTED_EDGE('',*,*,#731,.F.);
#298=ORIENTED_EDGE('',*,*,#736,.T.);
#299=ORIENTED_EDGE('',*,*,#737,.T.);
#300=ORIENTED_EDGE('',*,*,#738,.F.);
#301=ORIENTED_EDGE('',*,*,#726,.F.);
#302=ORIENTED_EDGE('',*,*,#738,.T.);
#303=ORIENTED_EDGE('',*,*,#739,.T.);
#304=ORIENTED_EDGE('',*,*,#736,.F.);
#305=ORIENTED_EDGE('',*,*,#727,.F.);
#306=ORIENTED_EDGE('',*,*,#659,.T.);
#307=ORIENTED_EDGE('',*,*,#740,.F.);
#308=ORIENTED_EDGE('',*,*,#716,.T.);
#309=ORIENTED_EDGE('',*,*,#711,.T.);
#310=ORIENTED_EDGE('',*,*,#741,.T.);
#311=ORIENTED_EDGE('',*,*,#729,.T.);
#312=ORIENTED_EDGE('',*,*,#742,.T.);
#313=ORIENTED_EDGE('',*,*,#725,.T.);
#314=ORIENTED_EDGE('',*,*,#706,.T.);
#315=ORIENTED_EDGE('',*,*,#743,.T.);
#316=ORIENTED_EDGE('',*,*,#717,.F.);
#317=ORIENTED_EDGE('',*,*,#744,.F.);
#318=ORIENTED_EDGE('',*,*,#658,.F.);
#319=ORIENTED_EDGE('',*,*,#719,.T.);
#320=ORIENTED_EDGE('',*,*,#745,.T.);
#321=ORIENTED_EDGE('',*,*,#704,.T.);
#322=ORIENTED_EDGE('',*,*,#740,.T.);
#323=ORIENTED_EDGE('',*,*,#746,.T.);
#324=ORIENTED_EDGE('',*,*,#715,.F.);
#325=ORIENTED_EDGE('',*,*,#747,.T.);
#326=ORIENTED_EDGE('',*,*,#748,.T.);
#327=ORIENTED_EDGE('',*,*,#699,.T.);
#328=ORIENTED_EDGE('',*,*,#744,.T.);
#329=ORIENTED_EDGE('',*,*,#749,.F.);
#330=ORIENTED_EDGE('',*,*,#713,.F.);
#331=ORIENTED_EDGE('',*,*,#707,.T.);
#332=ORIENTED_EDGE('',*,*,#750,.T.);
#333=ORIENTED_EDGE('',*,*,#751,.T.);
#334=ORIENTED_EDGE('',*,*,#723,.F.);
#335=ORIENTED_EDGE('',*,*,#752,.T.);
#336=ORIENTED_EDGE('',*,*,#753,.T.);
#337=ORIENTED_EDGE('',*,*,#749,.T.);
#338=ORIENTED_EDGE('',*,*,#754,.T.);
#339=ORIENTED_EDGE('',*,*,#693,.T.);
#340=ORIENTED_EDGE('',*,*,#755,.F.);
#341=ORIENTED_EDGE('',*,*,#756,.F.);
#342=ORIENTED_EDGE('',*,*,#757,.F.);
#343=ORIENTED_EDGE('',*,*,#758,.T.);
#344=ORIENTED_EDGE('',*,*,#669,.T.);
#345=ORIENTED_EDGE('',*,*,#759,.T.);
#346=ORIENTED_EDGE('',*,*,#760,.T.);
#347=ORIENTED_EDGE('',*,*,#665,.T.);
#348=ORIENTED_EDGE('',*,*,#761,.F.);
#349=ORIENTED_EDGE('',*,*,#762,.F.);
#350=ORIENTED_EDGE('',*,*,#761,.T.);
#351=ORIENTED_EDGE('',*,*,#664,.T.);
#352=ORIENTED_EDGE('',*,*,#754,.F.);
#353=ORIENTED_EDGE('',*,*,#763,.F.);
#354=ORIENTED_EDGE('',*,*,#764,.T.);
#355=ORIENTED_EDGE('',*,*,#765,.T.);
#356=ORIENTED_EDGE('',*,*,#660,.T.);
#357=ORIENTED_EDGE('',*,*,#766,.T.);
#358=ORIENTED_EDGE('',*,*,#721,.T.);
#359=ORIENTED_EDGE('',*,*,#767,.F.);
#360=ORIENTED_EDGE('',*,*,#752,.F.);
#361=ORIENTED_EDGE('',*,*,#722,.T.);
#362=ORIENTED_EDGE('',*,*,#766,.F.);
#363=ORIENTED_EDGE('',*,*,#670,.T.);
#364=ORIENTED_EDGE('',*,*,#758,.F.);
#365=ORIENTED_EDGE('',*,*,#690,.T.);
#366=ORIENTED_EDGE('',*,*,#768,.F.);
#367=ORIENTED_EDGE('',*,*,#759,.F.);
#368=ORIENTED_EDGE('',*,*,#769,.F.);
#369=ORIENTED_EDGE('',*,*,#755,.T.);
#370=ORIENTED_EDGE('',*,*,#686,.T.);
#371=ORIENTED_EDGE('',*,*,#770,.F.);
#372=ORIENTED_EDGE('',*,*,#770,.T.);
#373=ORIENTED_EDGE('',*,*,#685,.T.);
#374=ORIENTED_EDGE('',*,*,#677,.T.);
#375=ORIENTED_EDGE('',*,*,#771,.F.);
#376=ORIENTED_EDGE('',*,*,#674,.T.);
#377=ORIENTED_EDGE('',*,*,#666,.T.);
#378=ORIENTED_EDGE('',*,*,#760,.F.);
#379=ORIENTED_EDGE('',*,*,#772,.F.);
#380=ORIENTED_EDGE('',*,*,#696,.F.);
#381=ORIENTED_EDGE('',*,*,#773,.T.);
#382=ORIENTED_EDGE('',*,*,#774,.T.);
#383=ORIENTED_EDGE('',*,*,#683,.F.);
#384=ORIENTED_EDGE('',*,*,#775,.F.);
#385=ORIENTED_EDGE('',*,*,#771,.T.);
#386=ORIENTED_EDGE('',*,*,#776,.T.);
#387=ORIENTED_EDGE('',*,*,#777,.T.);
#388=ORIENTED_EDGE('',*,*,#778,.F.);
#389=ORIENTED_EDGE('',*,*,#779,.F.);
#390=ORIENTED_EDGE('',*,*,#747,.F.);
#391=ORIENTED_EDGE('',*,*,#714,.T.);
#392=ORIENTED_EDGE('',*,*,#751,.F.);
#393=ORIENTED_EDGE('',*,*,#780,.F.);
#394=ORIENTED_EDGE('',*,*,#781,.T.);
#395=ORIENTED_EDGE('',*,*,#782,.T.);
#396=ORIENTED_EDGE('',*,*,#783,.T.);
#397=ORIENTED_EDGE('',*,*,#748,.F.);
#398=ORIENTED_EDGE('',*,*,#779,.T.);
#399=ORIENTED_EDGE('',*,*,#784,.F.);
#400=ORIENTED_EDGE('',*,*,#785,.F.);
#401=ORIENTED_EDGE('',*,*,#773,.F.);
#402=ORIENTED_EDGE('',*,*,#687,.T.);
#403=ORIENTED_EDGE('',*,*,#786,.F.);
#404=ORIENTED_EDGE('',*,*,#787,.T.);
#405=ORIENTED_EDGE('',*,*,#788,.T.);
#406=ORIENTED_EDGE('',*,*,#786,.T.);
#407=ORIENTED_EDGE('',*,*,#689,.F.);
#408=ORIENTED_EDGE('',*,*,#647,.F.);
#409=ORIENTED_EDGE('',*,*,#789,.T.);
#410=ORIENTED_EDGE('',*,*,#790,.F.);
#411=ORIENTED_EDGE('',*,*,#791,.T.);
#412=ORIENTED_EDGE('',*,*,#780,.T.);
#413=ORIENTED_EDGE('',*,*,#750,.F.);
#414=ORIENTED_EDGE('',*,*,#700,.T.);
#415=ORIENTED_EDGE('',*,*,#753,.F.);
#416=ORIENTED_EDGE('',*,*,#767,.T.);
#417=ORIENTED_EDGE('',*,*,#757,.T.);
#418=ORIENTED_EDGE('',*,*,#792,.F.);
#419=ORIENTED_EDGE('',*,*,#793,.F.);
#420=ORIENTED_EDGE('',*,*,#644,.F.);
#421=ORIENTED_EDGE('',*,*,#794,.F.);
#422=ORIENTED_EDGE('',*,*,#795,.T.);
#423=ORIENTED_EDGE('',*,*,#796,.T.);
#424=ORIENTED_EDGE('',*,*,#797,.T.);
#425=ORIENTED_EDGE('',*,*,#798,.T.);
#426=ORIENTED_EDGE('',*,*,#799,.T.);
#427=ORIENTED_EDGE('',*,*,#800,.T.);
#428=ORIENTED_EDGE('',*,*,#784,.T.);
#429=ORIENTED_EDGE('',*,*,#778,.T.);
#430=ORIENTED_EDGE('',*,*,#791,.F.);
#431=ORIENTED_EDGE('',*,*,#801,.T.);
#432=ORIENTED_EDGE('',*,*,#794,.T.);
#433=ORIENTED_EDGE('',*,*,#802,.T.);
#434=ORIENTED_EDGE('',*,*,#781,.F.);
#435=ORIENTED_EDGE('',*,*,#803,.F.);
#436=ORIENTED_EDGE('',*,*,#804,.F.);
#437=ORIENTED_EDGE('',*,*,#805,.T.);
#438=ORIENTED_EDGE('',*,*,#806,.T.);
#439=ORIENTED_EDGE('',*,*,#788,.F.);
#440=ORIENTED_EDGE('',*,*,#787,.F.);
#441=ORIENTED_EDGE('',*,*,#646,.F.);
#442=ORIENTED_EDGE('',*,*,#645,.F.);
#443=ORIENTED_EDGE('',*,*,#807,.F.);
#444=ORIENTED_EDGE('',*,*,#808,.T.);
#445=ORIENTED_EDGE('',*,*,#809,.F.);
#446=ORIENTED_EDGE('',*,*,#810,.T.);
#447=ORIENTED_EDGE('',*,*,#804,.T.);
#448=ORIENTED_EDGE('',*,*,#789,.F.);
#449=ORIENTED_EDGE('',*,*,#809,.T.);
#450=ORIENTED_EDGE('',*,*,#811,.T.);
#451=ORIENTED_EDGE('',*,*,#812,.T.);
#452=ORIENTED_EDGE('',*,*,#813,.F.);
#453=ORIENTED_EDGE('',*,*,#797,.F.);
#454=ORIENTED_EDGE('',*,*,#813,.T.);
#455=ORIENTED_EDGE('',*,*,#814,.T.);
#456=ORIENTED_EDGE('',*,*,#815,.F.);
#457=ORIENTED_EDGE('',*,*,#798,.F.);
#458=ORIENTED_EDGE('',*,*,#815,.T.);
#459=ORIENTED_EDGE('',*,*,#816,.T.);
#460=ORIENTED_EDGE('',*,*,#817,.F.);
#461=ORIENTED_EDGE('',*,*,#799,.F.);
#462=ORIENTED_EDGE('',*,*,#818,.F.);
#463=ORIENTED_EDGE('',*,*,#803,.T.);
#464=ORIENTED_EDGE('',*,*,#801,.F.);
#465=ORIENTED_EDGE('',*,*,#819,.T.);
#466=ORIENTED_EDGE('',*,*,#795,.F.);
#467=ORIENTED_EDGE('',*,*,#818,.T.);
#468=ORIENTED_EDGE('',*,*,#790,.T.);
#469=ORIENTED_EDGE('',*,*,#807,.T.);
#470=ORIENTED_EDGE('',*,*,#800,.F.);
#471=ORIENTED_EDGE('',*,*,#817,.T.);
#472=ORIENTED_EDGE('',*,*,#820,.T.);
#473=ORIENTED_EDGE('',*,*,#821,.T.);
#474=ORIENTED_EDGE('',*,*,#811,.F.);
#475=ORIENTED_EDGE('',*,*,#796,.F.);
#476=ORIENTED_EDGE('',*,*,#819,.F.);
#477=ORIENTED_EDGE('',*,*,#822,.F.);
#478=ORIENTED_EDGE('',*,*,#675,.T.);
#479=ORIENTED_EDGE('',*,*,#823,.T.);
#480=ORIENTED_EDGE('',*,*,#824,.F.);
#481=ORIENTED_EDGE('',*,*,#825,.F.);
#482=ORIENTED_EDGE('',*,*,#777,.F.);
#483=ORIENTED_EDGE('',*,*,#826,.T.);
#484=ORIENTED_EDGE('',*,*,#827,.F.);
#485=ORIENTED_EDGE('',*,*,#826,.F.);
#486=ORIENTED_EDGE('',*,*,#776,.F.);
#487=ORIENTED_EDGE('',*,*,#676,.T.);
#488=ORIENTED_EDGE('',*,*,#828,.T.);
#489=ORIENTED_EDGE('',*,*,#829,.F.);
#490=ORIENTED_EDGE('',*,*,#830,.F.);
#491=ORIENTED_EDGE('',*,*,#831,.F.);
#492=ORIENTED_EDGE('',*,*,#763,.T.);
#493=ORIENTED_EDGE('',*,*,#756,.T.);
#494=ORIENTED_EDGE('',*,*,#769,.T.);
#495=ORIENTED_EDGE('',*,*,#775,.T.);
#496=ORIENTED_EDGE('',*,*,#825,.T.);
#497=ORIENTED_EDGE('',*,*,#832,.F.);
#498=ORIENTED_EDGE('',*,*,#762,.T.);
#499=ORIENTED_EDGE('',*,*,#831,.T.);
#500=ORIENTED_EDGE('',*,*,#833,.F.);
#501=ORIENTED_EDGE('',*,*,#823,.F.);
#502=ORIENTED_EDGE('',*,*,#772,.T.);
#503=ORIENTED_EDGE('',*,*,#832,.T.);
#504=ORIENTED_EDGE('',*,*,#834,.F.);
#505=ORIENTED_EDGE('',*,*,#835,.F.);
#506=ORIENTED_EDGE('',*,*,#836,.F.);
#507=ORIENTED_EDGE('',*,*,#792,.T.);
#508=ORIENTED_EDGE('',*,*,#768,.T.);
#509=ORIENTED_EDGE('',*,*,#837,.F.);
#510=ORIENTED_EDGE('',*,*,#838,.F.);
#511=ORIENTED_EDGE('',*,*,#839,.F.);
#512=ORIENTED_EDGE('',*,*,#840,.F.);
#513=ORIENTED_EDGE('',*,*,#841,.F.);
#514=ORIENTED_EDGE('',*,*,#842,.F.);
#515=ORIENTED_EDGE('',*,*,#843,.F.);
#516=ORIENTED_EDGE('',*,*,#844,.F.);
#517=ORIENTED_EDGE('',*,*,#837,.T.);
#518=ORIENTED_EDGE('',*,*,#691,.T.);
#519=ORIENTED_EDGE('',*,*,#822,.T.);
#520=ORIENTED_EDGE('',*,*,#737,.F.);
#521=ORIENTED_EDGE('',*,*,#739,.F.);
#522=ORIENTED_EDGE('',*,*,#733,.F.);
#523=ORIENTED_EDGE('',*,*,#735,.F.);
#524=ORIENTED_EDGE('',*,*,#845,.T.);
#525=ORIENTED_EDGE('',*,*,#805,.F.);
#526=ORIENTED_EDGE('',*,*,#810,.F.);
#527=ORIENTED_EDGE('',*,*,#808,.F.);
#528=ORIENTED_EDGE('',*,*,#820,.F.);
#529=ORIENTED_EDGE('',*,*,#846,.F.);
#530=ORIENTED_EDGE('',*,*,#847,.T.);
#531=ORIENTED_EDGE('',*,*,#848,.T.);
#532=ORIENTED_EDGE('',*,*,#849,.T.);
#533=ORIENTED_EDGE('',*,*,#850,.T.);
#534=ORIENTED_EDGE('',*,*,#851,.T.);
#535=ORIENTED_EDGE('',*,*,#852,.T.);
#536=ORIENTED_EDGE('',*,*,#853,.T.);
#537=ORIENTED_EDGE('',*,*,#854,.T.);
#538=ORIENTED_EDGE('',*,*,#846,.T.);
#539=ORIENTED_EDGE('',*,*,#816,.F.);
#540=ORIENTED_EDGE('',*,*,#855,.F.);
#541=ORIENTED_EDGE('',*,*,#856,.T.);
#542=ORIENTED_EDGE('',*,*,#828,.F.);
#543=ORIENTED_EDGE('',*,*,#679,.F.);
#544=ORIENTED_EDGE('',*,*,#684,.T.);
#545=ORIENTED_EDGE('',*,*,#774,.F.);
#546=ORIENTED_EDGE('',*,*,#785,.T.);
#547=ORIENTED_EDGE('',*,*,#806,.F.);
#548=ORIENTED_EDGE('',*,*,#845,.F.);
#549=ORIENTED_EDGE('',*,*,#857,.F.);
#550=ORIENTED_EDGE('',*,*,#855,.T.);
#551=ORIENTED_EDGE('',*,*,#814,.F.);
#552=ORIENTED_EDGE('',*,*,#858,.T.);
#553=ORIENTED_EDGE('',*,*,#859,.T.);
#554=ORIENTED_EDGE('',*,*,#858,.F.);
#555=ORIENTED_EDGE('',*,*,#812,.F.);
#556=ORIENTED_EDGE('',*,*,#860,.T.);
#557=ORIENTED_EDGE('',*,*,#861,.T.);
#558=ORIENTED_EDGE('',*,*,#862,.T.);
#559=ORIENTED_EDGE('',*,*,#863,.T.);
#560=ORIENTED_EDGE('',*,*,#860,.F.);
#561=ORIENTED_EDGE('',*,*,#821,.F.);
#562=ORIENTED_EDGE('',*,*,#793,.T.);
#563=ORIENTED_EDGE('',*,*,#836,.T.);
#564=ORIENTED_EDGE('',*,*,#864,.T.);
#565=ORIENTED_EDGE('',*,*,#842,.T.);
#566=ORIENTED_EDGE('',*,*,#865,.F.);
#567=ORIENTED_EDGE('',*,*,#861,.F.);
#568=ORIENTED_EDGE('',*,*,#865,.T.);
#569=ORIENTED_EDGE('',*,*,#841,.T.);
#570=ORIENTED_EDGE('',*,*,#866,.F.);
#571=ORIENTED_EDGE('',*,*,#859,.F.);
#572=ORIENTED_EDGE('',*,*,#866,.T.);
#573=ORIENTED_EDGE('',*,*,#840,.T.);
#574=ORIENTED_EDGE('',*,*,#867,.F.);
#575=ORIENTED_EDGE('',*,*,#856,.F.);
#576=ORIENTED_EDGE('',*,*,#824,.T.);
#577=ORIENTED_EDGE('',*,*,#868,.T.);
#578=ORIENTED_EDGE('',*,*,#849,.F.);
#579=ORIENTED_EDGE('',*,*,#869,.T.);
#580=ORIENTED_EDGE('',*,*,#870,.T.);
#581=ORIENTED_EDGE('',*,*,#833,.T.);
#582=ORIENTED_EDGE('',*,*,#871,.T.);
#583=ORIENTED_EDGE('',*,*,#851,.F.);
#584=ORIENTED_EDGE('',*,*,#827,.T.);
#585=ORIENTED_EDGE('',*,*,#872,.T.);
#586=ORIENTED_EDGE('',*,*,#853,.F.);
#587=ORIENTED_EDGE('',*,*,#873,.T.);
#588=ORIENTED_EDGE('',*,*,#835,.T.);
#589=ORIENTED_EDGE('',*,*,#844,.T.);
#590=ORIENTED_EDGE('',*,*,#843,.T.);
#591=ORIENTED_EDGE('',*,*,#864,.F.);
#592=ORIENTED_EDGE('',*,*,#863,.F.);
#593=ORIENTED_EDGE('',*,*,#862,.F.);
#594=ORIENTED_EDGE('',*,*,#829,.T.);
#595=ORIENTED_EDGE('',*,*,#857,.T.);
#596=ORIENTED_EDGE('',*,*,#854,.F.);
#597=ORIENTED_EDGE('',*,*,#872,.F.);
#598=ORIENTED_EDGE('',*,*,#852,.F.);
#599=ORIENTED_EDGE('',*,*,#871,.F.);
#600=ORIENTED_EDGE('',*,*,#830,.T.);
#601=ORIENTED_EDGE('',*,*,#873,.F.);
#602=ORIENTED_EDGE('',*,*,#850,.F.);
#603=ORIENTED_EDGE('',*,*,#868,.F.);
#604=ORIENTED_EDGE('',*,*,#834,.T.);
#605=ORIENTED_EDGE('',*,*,#870,.F.);
#606=ORIENTED_EDGE('',*,*,#848,.F.);
#607=ORIENTED_EDGE('',*,*,#847,.F.);
#608=ORIENTED_EDGE('',*,*,#867,.T.);
#609=ORIENTED_EDGE('',*,*,#839,.T.);
#610=ORIENTED_EDGE('',*,*,#838,.T.);
#611=ORIENTED_EDGE('',*,*,#869,.F.);
#612=ORIENTED_EDGE('',*,*,#652,.T.);
#613=ORIENTED_EDGE('',*,*,#874,.T.);
#614=ORIENTED_EDGE('',*,*,#764,.F.);
#615=ORIENTED_EDGE('',*,*,#720,.F.);
#616=ORIENTED_EDGE('',*,*,#765,.F.);
#617=ORIENTED_EDGE('',*,*,#874,.F.);
#618=ORIENTED_EDGE('',*,*,#671,.F.);
#619=ORIENTED_EDGE('',*,*,#661,.F.);
#620=ORIENTED_EDGE('',*,*,#745,.F.);
#621=ORIENTED_EDGE('',*,*,#718,.F.);
#622=ORIENTED_EDGE('',*,*,#743,.F.);
#623=ORIENTED_EDGE('',*,*,#705,.F.);
#624=ORIENTED_EDGE('',*,*,#746,.F.);
#625=ORIENTED_EDGE('',*,*,#783,.F.);
#626=ORIENTED_EDGE('',*,*,#875,.T.);
#627=ORIENTED_EDGE('',*,*,#642,.F.);
#628=ORIENTED_EDGE('',*,*,#876,.T.);
#629=ORIENTED_EDGE('',*,*,#709,.F.);
#630=ORIENTED_EDGE('',*,*,#802,.F.);
#631=ORIENTED_EDGE('',*,*,#643,.F.);
#632=ORIENTED_EDGE('',*,*,#875,.F.);
#633=ORIENTED_EDGE('',*,*,#782,.F.);
#634=ORIENTED_EDGE('',*,*,#876,.F.);
#635=ORIENTED_EDGE('',*,*,#655,.F.);
#636=ORIENTED_EDGE('',*,*,#657,.F.);
#637=ORIENTED_EDGE('',*,*,#710,.F.);
#638=ORIENTED_EDGE('',*,*,#701,.F.);
#639=ORIENTED_EDGE('',*,*,#742,.F.);
#640=ORIENTED_EDGE('',*,*,#702,.F.);
#641=ORIENTED_EDGE('',*,*,#741,.F.);
#642=EDGE_CURVE('',#877,#878,#1023,.T.);
#643=EDGE_CURVE('',#878,#879,#1024,.T.);
#644=EDGE_CURVE('',#879,#880,#1025,.T.);
#645=EDGE_CURVE('',#880,#881,#1026,.T.);
#646=EDGE_CURVE('',#881,#882,#1027,.T.);
#647=EDGE_CURVE('',#882,#883,#1028,.F.);
#648=EDGE_CURVE('',#884,#883,#1029,.T.);
#649=EDGE_CURVE('',#885,#884,#1030,.T.);
#650=EDGE_CURVE('',#886,#885,#163,.T.);
#651=EDGE_CURVE('',#887,#886,#1031,.T.);
#652=EDGE_CURVE('',#888,#887,#1032,.T.);
#653=EDGE_CURVE('',#889,#888,#1033,.T.);
#654=EDGE_CURVE('',#890,#889,#1034,.T.);
#655=EDGE_CURVE('',#890,#877,#1035,.T.);
#656=EDGE_CURVE('',#891,#892,#1036,.T.);
#657=EDGE_CURVE('',#891,#890,#1037,.T.);
#658=EDGE_CURVE('',#889,#893,#1038,.F.);
#659=EDGE_CURVE('',#892,#893,#85,.T.);
#660=EDGE_CURVE('',#894,#895,#1039,.F.);
#661=EDGE_CURVE('',#894,#896,#1040,.T.);
#662=EDGE_CURVE('',#896,#897,#1041,.T.);
#663=EDGE_CURVE('',#898,#897,#1042,.T.);
#664=EDGE_CURVE('',#899,#898,#59,.T.);
#665=EDGE_CURVE('',#900,#899,#60,.T.);
#666=EDGE_CURVE('',#901,#900,#1043,.F.);
#667=EDGE_CURVE('',#902,#901,#61,.T.);
#668=EDGE_CURVE('',#903,#902,#62,.T.);
#669=EDGE_CURVE('',#904,#903,#1044,.F.);
#670=EDGE_CURVE('',#895,#904,#63,.T.);
#671=EDGE_CURVE('',#896,#887,#1045,.F.);
#672=EDGE_CURVE('',#897,#886,#86,.F.);
#673=EDGE_CURVE('',#905,#902,#87,.T.);
#674=EDGE_CURVE('',#906,#901,#1046,.T.);
#675=EDGE_CURVE('',#905,#906,#64,.T.);
#676=EDGE_CURVE('',#907,#908,#1047,.T.);
#677=EDGE_CURVE('',#909,#907,#88,.F.);
#678=EDGE_CURVE('',#909,#910,#1048,.F.);
#679=EDGE_CURVE('',#910,#908,#1049,.T.);
#680=EDGE_CURVE('',#911,#912,#1050,.T.);
#681=EDGE_CURVE('',#912,#913,#1051,.T.);
#682=EDGE_CURVE('',#913,#914,#164,.T.);
#683=EDGE_CURVE('',#914,#915,#1052,.T.);
#684=EDGE_CURVE('',#910,#915,#1053,.T.);
#685=EDGE_CURVE('',#916,#909,#89,.F.);
#686=EDGE_CURVE('',#911,#916,#165,.T.);
#687=EDGE_CURVE('',#917,#918,#1054,.T.);
#688=EDGE_CURVE('',#884,#917,#90,.F.);
#689=EDGE_CURVE('',#883,#918,#91,.T.);
#690=EDGE_CURVE('',#903,#919,#92,.T.);
#691=EDGE_CURVE('',#919,#905,#65,.F.);
#692=EDGE_CURVE('',#897,#912,#93,.T.);
#693=EDGE_CURVE('',#898,#911,#94,.T.);
#694=EDGE_CURVE('',#912,#885,#95,.T.);
#695=EDGE_CURVE('',#913,#884,#96,.F.);
#696=EDGE_CURVE('',#917,#914,#97,.F.);
#697=EDGE_CURVE('',#920,#921,#1055,.T.);
#698=EDGE_CURVE('',#921,#922,#1056,.T.);
#699=EDGE_CURVE('',#923,#922,#1057,.T.);
#700=EDGE_CURVE('',#920,#923,#1058,.F.);
#701=EDGE_CURVE('',#924,#924,#66,.F.);
#702=EDGE_CURVE('',#925,#925,#67,.F.);
#703=EDGE_CURVE('',#921,#926,#1059,.F.);
#704=EDGE_CURVE('',#927,#926,#1060,.T.);
#705=EDGE_CURVE('',#927,#928,#98,.T.);
#706=EDGE_CURVE('',#922,#928,#1061,.T.);
#707=EDGE_CURVE('',#929,#920,#1062,.F.);
#708=EDGE_CURVE('',#929,#921,#1063,.T.);
#709=EDGE_CURVE('',#930,#931,#1064,.T.);
#710=EDGE_CURVE('',#931,#891,#1065,.T.);
#711=EDGE_CURVE('',#932,#892,#68,.F.);
#712=EDGE_CURVE('',#929,#932,#1066,.T.);
#713=EDGE_CURVE('',#929,#933,#1067,.T.);
#714=EDGE_CURVE('',#934,#933,#69,.T.);
#715=EDGE_CURVE('',#934,#930,#1068,.T.);
#716=EDGE_CURVE('',#926,#932,#1069,.F.);
#717=EDGE_CURVE('',#935,#936,#1070,.T.);
#718=EDGE_CURVE('',#936,#937,#99,.T.);
#719=EDGE_CURVE('',#889,#937,#70,.F.);
#720=EDGE_CURVE('',#888,#938,#1071,.T.);
#721=EDGE_CURVE('',#939,#938,#1072,.T.);
#722=EDGE_CURVE('',#940,#939,#71,.F.);
#723=EDGE_CURVE('',#940,#935,#1073,.T.);
#724=EDGE_CURVE('',#941,#941,#72,.T.);
#725=EDGE_CURVE('',#942,#942,#73,.F.);
#726=EDGE_CURVE('',#943,#944,#100,.T.);
#727=EDGE_CURVE('',#944,#943,#101,.T.);
#728=EDGE_CURVE('',#945,#945,#74,.T.);
#729=EDGE_CURVE('',#946,#946,#75,.F.);
#730=EDGE_CURVE('',#947,#948,#102,.T.);
#731=EDGE_CURVE('',#948,#947,#103,.T.);
#732=EDGE_CURVE('',#947,#949,#104,.T.);
#733=EDGE_CURVE('',#949,#950,#105,.F.);
#734=EDGE_CURVE('',#948,#950,#106,.T.);
#735=EDGE_CURVE('',#950,#949,#107,.F.);
#736=EDGE_CURVE('',#943,#951,#108,.T.);
#737=EDGE_CURVE('',#951,#952,#109,.F.);
#738=EDGE_CURVE('',#944,#952,#110,.F.);
#739=EDGE_CURVE('',#952,#951,#111,.F.);
#740=EDGE_CURVE('',#926,#893,#76,.F.);
#741=EDGE_CURVE('',#953,#953,#77,.T.);
#742=EDGE_CURVE('',#954,#954,#78,.T.);
#743=EDGE_CURVE('',#928,#936,#112,.T.);
#744=EDGE_CURVE('',#922,#935,#1074,.F.);
#745=EDGE_CURVE('',#937,#927,#113,.T.);
#746=EDGE_CURVE('',#955,#930,#1075,.F.);
#747=EDGE_CURVE('',#934,#956,#1076,.T.);
#748=EDGE_CURVE('',#956,#955,#1077,.T.);
#749=EDGE_CURVE('',#923,#935,#1078,.T.);
#750=EDGE_CURVE('',#920,#957,#1079,.T.);
#751=EDGE_CURVE('',#957,#933,#166,.F.);
#752=EDGE_CURVE('',#940,#958,#167,.F.);
#753=EDGE_CURVE('',#958,#923,#1080,.T.);
#754=EDGE_CURVE('',#959,#898,#114,.T.);
#755=EDGE_CURVE('',#960,#911,#115,.F.);
#756=EDGE_CURVE('',#959,#960,#116,.T.);
#757=EDGE_CURVE('',#961,#962,#1081,.F.);
#758=EDGE_CURVE('',#961,#904,#168,.T.);
#759=EDGE_CURVE('',#903,#962,#117,.T.);
#760=EDGE_CURVE('',#963,#900,#1082,.F.);
#761=EDGE_CURVE('',#964,#899,#1083,.T.);
#762=EDGE_CURVE('',#963,#964,#79,.T.);
#763=EDGE_CURVE('',#964,#959,#80,.T.);
#764=EDGE_CURVE('',#938,#965,#1084,.F.);
#765=EDGE_CURVE('',#965,#894,#1085,.F.);
#766=EDGE_CURVE('',#895,#939,#1086,.T.);
#767=EDGE_CURVE('',#958,#961,#1087,.F.);
#768=EDGE_CURVE('',#962,#919,#118,.F.);
#769=EDGE_CURVE('',#960,#966,#119,.T.);
#770=EDGE_CURVE('',#966,#916,#120,.F.);
#771=EDGE_CURVE('',#966,#907,#121,.T.);
#772=EDGE_CURVE('',#906,#963,#1088,.F.);
#773=EDGE_CURVE('',#917,#967,#1089,.F.);
#774=EDGE_CURVE('',#967,#915,#1090,.T.);
#775=EDGE_CURVE('',#966,#968,#1091,.F.);
#776=EDGE_CURVE('',#907,#969,#1092,.T.);
#777=EDGE_CURVE('',#969,#968,#122,.T.);
#778=EDGE_CURVE('',#970,#971,#169,.F.);
#779=EDGE_CURVE('',#956,#970,#81,.T.);
#780=EDGE_CURVE('',#971,#957,#1093,.F.);
#781=EDGE_CURVE('',#972,#973,#1094,.T.);
#782=EDGE_CURVE('',#973,#974,#1095,.T.);
#783=EDGE_CURVE('',#974,#955,#1096,.T.);
#784=EDGE_CURVE('',#972,#970,#1097,.T.);
#785=EDGE_CURVE('',#967,#975,#1098,.T.);
#786=EDGE_CURVE('',#976,#918,#1099,.T.);
#787=EDGE_CURVE('',#976,#977,#1100,.T.);
#788=EDGE_CURVE('',#977,#975,#1101,.T.);
#789=EDGE_CURVE('',#882,#976,#123,.T.);
#790=EDGE_CURVE('',#978,#979,#1102,.T.);
#791=EDGE_CURVE('',#978,#971,#1103,.F.);
#792=EDGE_CURVE('',#980,#962,#1104,.F.);
#793=EDGE_CURVE('',#979,#980,#1105,.F.);
#794=EDGE_CURVE('',#981,#879,#1106,.T.);
#795=EDGE_CURVE('',#981,#982,#1107,.T.);
#796=EDGE_CURVE('',#982,#983,#1108,.T.);
#797=EDGE_CURVE('',#983,#984,#82,.F.);
#798=EDGE_CURVE('',#984,#985,#1109,.F.);
#799=EDGE_CURVE('',#985,#986,#83,.T.);
#800=EDGE_CURVE('',#986,#880,#124,.T.);
#801=EDGE_CURVE('',#978,#972,#1110,.F.);
#802=EDGE_CURVE('',#879,#973,#1111,.F.);
#803=EDGE_CURVE('',#981,#972,#1112,.T.);
#804=EDGE_CURVE('',#987,#976,#125,.F.);
#805=EDGE_CURVE('',#987,#988,#1113,.T.);
#806=EDGE_CURVE('',#988,#975,#1114,.T.);
#807=EDGE_CURVE('',#989,#880,#126,.F.);
#808=EDGE_CURVE('',#989,#990,#1115,.F.);
#809=EDGE_CURVE('',#882,#990,#127,.F.);
#810=EDGE_CURVE('',#990,#987,#170,.F.);
#811=EDGE_CURVE('',#983,#991,#1116,.T.);
#812=EDGE_CURVE('',#991,#992,#84,.F.);
#813=EDGE_CURVE('',#984,#992,#1117,.T.);
#814=EDGE_CURVE('',#992,#993,#1118,.T.);
#815=EDGE_CURVE('',#985,#993,#128,.F.);
#816=EDGE_CURVE('',#993,#994,#129,.T.);
#817=EDGE_CURVE('',#986,#994,#130,.T.);
#818=EDGE_CURVE('',#981,#978,#1119,.T.);
#819=EDGE_CURVE('',#979,#982,#1120,.T.);
#820=EDGE_CURVE('',#994,#989,#1121,.T.);
#821=EDGE_CURVE('',#979,#991,#1122,.F.);
#822=EDGE_CURVE('',#905,#995,#1123,.T.);
#823=EDGE_CURVE('',#906,#996,#1124,.T.);
#824=EDGE_CURVE('',#995,#996,#131,.F.);
#825=EDGE_CURVE('',#968,#997,#1125,.F.);
#826=EDGE_CURVE('',#969,#998,#1126,.F.);
#827=EDGE_CURVE('',#997,#998,#132,.F.);
#828=EDGE_CURVE('',#908,#999,#1127,.T.);
#829=EDGE_CURVE('',#998,#999,#1128,.T.);
#830=EDGE_CURVE('',#1000,#997,#133,.F.);
#831=EDGE_CURVE('',#964,#1000,#1129,.T.);
#832=EDGE_CURVE('',#963,#1001,#1130,.F.);
#833=EDGE_CURVE('',#1001,#1000,#134,.F.);
#834=EDGE_CURVE('',#996,#1001,#1131,.T.);
#835=EDGE_CURVE('',#1002,#1003,#135,.F.);
#836=EDGE_CURVE('',#980,#1002,#1132,.T.);
#837=EDGE_CURVE('',#1003,#919,#1133,.F.);
#838=EDGE_CURVE('',#1004,#995,#136,.F.);
#839=EDGE_CURVE('',#1005,#1004,#137,.F.);
#840=EDGE_CURVE('',#1006,#1005,#138,.T.);
#841=EDGE_CURVE('',#1007,#1006,#139,.T.);
#842=EDGE_CURVE('',#1008,#1007,#140,.F.);
#843=EDGE_CURVE('',#1009,#1008,#141,.F.);
#844=EDGE_CURVE('',#1003,#1009,#142,.F.);
#845=EDGE_CURVE('',#1010,#988,#1134,.T.);
#846=EDGE_CURVE('',#1011,#994,#1135,.T.);
#847=EDGE_CURVE('',#1011,#1012,#143,.T.);
#848=EDGE_CURVE('',#1012,#1013,#144,.T.);
#849=EDGE_CURVE('',#1013,#1014,#145,.T.);
#850=EDGE_CURVE('',#1014,#1015,#1136,.T.);
#851=EDGE_CURVE('',#1015,#1016,#146,.T.);
#852=EDGE_CURVE('',#1016,#1017,#147,.T.);
#853=EDGE_CURVE('',#1017,#1018,#148,.T.);
#854=EDGE_CURVE('',#1018,#1010,#1137,.T.);
#855=EDGE_CURVE('',#1019,#993,#1138,.T.);
#856=EDGE_CURVE('',#1019,#1011,#149,.T.);
#857=EDGE_CURVE('',#999,#1010,#1139,.T.);
#858=EDGE_CURVE('',#992,#1020,#1140,.T.);
#859=EDGE_CURVE('',#1020,#1019,#171,.F.);
#860=EDGE_CURVE('',#991,#1021,#1141,.F.);
#861=EDGE_CURVE('',#1021,#1020,#150,.T.);
#862=EDGE_CURVE('',#1002,#1022,#151,.T.);
#863=EDGE_CURVE('',#1022,#1021,#152,.T.);
#864=EDGE_CURVE('',#1021,#1008,#153,.F.);
#865=EDGE_CURVE('',#1020,#1007,#154,.T.);
#866=EDGE_CURVE('',#1019,#1006,#155,.F.);
#867=EDGE_CURVE('',#1011,#1005,#156,.T.);
#868=EDGE_CURVE('',#996,#1014,#157,.F.);
#869=EDGE_CURVE('',#1013,#995,#158,.F.);
#870=EDGE_CURVE('',#1015,#1001,#159,.F.);
#871=EDGE_CURVE('',#1000,#1016,#160,.T.);
#872=EDGE_CURVE('',#998,#1018,#161,.F.);
#873=EDGE_CURVE('',#1017,#997,#162,.T.);
#874=EDGE_CURVE('',#887,#965,#1142,.T.);
#875=EDGE_CURVE('',#974,#878,#1143,.F.);
#876=EDGE_CURVE('',#877,#931,#1144,.T.);
#877=VERTEX_POINT('',#2149);
#878=VERTEX_POINT('',#2150);
#879=VERTEX_POINT('',#2152);
#880=VERTEX_POINT('',#2154);
#881=VERTEX_POINT('',#2156);
#882=VERTEX_POINT('',#2158);
#883=VERTEX_POINT('',#2160);
#884=VERTEX_POINT('',#2162);
#885=VERTEX_POINT('',#2164);
#886=VERTEX_POINT('',#2166);
#887=VERTEX_POINT('',#2168);
#888=VERTEX_POINT('',#2170);
#889=VERTEX_POINT('',#2172);
#890=VERTEX_POINT('',#2174);
#891=VERTEX_POINT('',#2178);
#892=VERTEX_POINT('',#2179);
#893=VERTEX_POINT('',#2182);
#894=VERTEX_POINT('',#2189);
#895=VERTEX_POINT('',#2190);
#896=VERTEX_POINT('',#2192);
#897=VERTEX_POINT('',#2194);
#898=VERTEX_POINT('',#2196);
#899=VERTEX_POINT('',#2198);
#900=VERTEX_POINT('',#2200);
#901=VERTEX_POINT('',#2202);
#902=VERTEX_POINT('',#2204);
#903=VERTEX_POINT('',#2206);
#904=VERTEX_POINT('',#2208);
#905=VERTEX_POINT('',#2221);
#906=VERTEX_POINT('',#2223);
#907=VERTEX_POINT('',#2227);
#908=VERTEX_POINT('',#2228);
#909=VERTEX_POINT('',#2233);
#910=VERTEX_POINT('',#2235);
#911=VERTEX_POINT('',#2239);
#912=VERTEX_POINT('',#2240);
#913=VERTEX_POINT('',#2242);
#914=VERTEX_POINT('',#2244);
#915=VERTEX_POINT('',#2246);
#916=VERTEX_POINT('',#2252);
#917=VERTEX_POINT('',#2256);
#918=VERTEX_POINT('',#2257);
#919=VERTEX_POINT('',#2271);
#920=VERTEX_POINT('',#2299);
#921=VERTEX_POINT('',#2300);
#922=VERTEX_POINT('',#2302);
#923=VERTEX_POINT('',#2304);
#924=VERTEX_POINT('',#2308);
#925=VERTEX_POINT('',#2310);
#926=VERTEX_POINT('',#2312);
#927=VERTEX_POINT('',#2314);
#928=VERTEX_POINT('',#2319);
#929=VERTEX_POINT('',#2323);
#930=VERTEX_POINT('',#2327);
#931=VERTEX_POINT('',#2328);
#932=VERTEX_POINT('',#2331);
#933=VERTEX_POINT('',#2334);
#934=VERTEX_POINT('',#2336);
#935=VERTEX_POINT('',#2342);
#936=VERTEX_POINT('',#2343);
#937=VERTEX_POINT('',#2348);
#938=VERTEX_POINT('',#2351);
#939=VERTEX_POINT('',#2353);
#940=VERTEX_POINT('',#2355);
#941=VERTEX_POINT('',#2359);
#942=VERTEX_POINT('',#2361);
#943=VERTEX_POINT('',#2370);
#944=VERTEX_POINT('',#2371);
#945=VERTEX_POINT('',#2381);
#946=VERTEX_POINT('',#2383);
#947=VERTEX_POINT('',#2392);
#948=VERTEX_POINT('',#2393);
#949=VERTEX_POINT('',#2686);
#950=VERTEX_POINT('',#2694);
#951=VERTEX_POINT('',#3270);
#952=VERTEX_POINT('',#3278);
#953=VERTEX_POINT('',#3575);
#954=VERTEX_POINT('',#3578);
#955=VERTEX_POINT('',#3592);
#956=VERTEX_POINT('',#3594);
#957=VERTEX_POINT('',#3600);
#958=VERTEX_POINT('',#3604);
#959=VERTEX_POINT('',#3611);
#960=VERTEX_POINT('',#3616);
#961=VERTEX_POINT('',#3623);
#962=VERTEX_POINT('',#3624);
#963=VERTEX_POINT('',#3632);
#964=VERTEX_POINT('',#3634);
#965=VERTEX_POINT('',#3640);
#966=VERTEX_POINT('',#3655);
#967=VERTEX_POINT('',#3834);
#968=VERTEX_POINT('',#3838);
#969=VERTEX_POINT('',#3840);
#970=VERTEX_POINT('',#3847);
#971=VERTEX_POINT('',#3848);
#972=VERTEX_POINT('',#3853);
#973=VERTEX_POINT('',#3854);
#974=VERTEX_POINT('',#3856);
#975=VERTEX_POINT('',#3861);
#976=VERTEX_POINT('',#3863);
#977=VERTEX_POINT('',#3865);
#978=VERTEX_POINT('',#3874);
#979=VERTEX_POINT('',#3875);
#980=VERTEX_POINT('',#3878);
#981=VERTEX_POINT('',#3882);
#982=VERTEX_POINT('',#3884);
#983=VERTEX_POINT('',#3886);
#984=VERTEX_POINT('',#3888);
#985=VERTEX_POINT('',#3890);
#986=VERTEX_POINT('',#3892);
#987=VERTEX_POINT('',#3907);
#988=VERTEX_POINT('',#3909);
#989=VERTEX_POINT('',#3916);
#990=VERTEX_POINT('',#3918);
#991=VERTEX_POINT('',#3927);
#992=VERTEX_POINT('',#3929);
#993=VERTEX_POINT('',#3933);
#994=VERTEX_POINT('',#3943);
#995=VERTEX_POINT('',#3958);
#996=VERTEX_POINT('',#3960);
#997=VERTEX_POINT('',#3967);
#998=VERTEX_POINT('',#3969);
#999=VERTEX_POINT('',#3976);
#1000=VERTEX_POINT('',#4019);
#1001=VERTEX_POINT('',#4023);
#1002=VERTEX_POINT('',#4042);
#1003=VERTEX_POINT('',#4043);
#1004=VERTEX_POINT('',#4051);
#1005=VERTEX_POINT('',#4056);
#1006=VERTEX_POINT('',#4061);
#1007=VERTEX_POINT('',#4067);
#1008=VERTEX_POINT('',#4072);
#1009=VERTEX_POINT('',#4081);
#1010=VERTEX_POINT('',#4094);
#1011=VERTEX_POINT('',#4096);
#1012=VERTEX_POINT('',#4101);
#1013=VERTEX_POINT('',#4108);
#1014=VERTEX_POINT('',#4113);
#1015=VERTEX_POINT('',#4115);
#1016=VERTEX_POINT('',#4122);
#1017=VERTEX_POINT('',#4130);
#1018=VERTEX_POINT('',#4135);
#1019=VERTEX_POINT('',#4139);
#1020=VERTEX_POINT('',#4148);
#1021=VERTEX_POINT('',#4152);
#1022=VERTEX_POINT('',#4162);
#1023=LINE('',#2148,#1145);
#1024=LINE('',#2151,#1146);
#1025=LINE('',#2153,#1147);
#1026=LINE('',#2155,#1148);
#1027=LINE('',#2157,#1149);
#1028=LINE('',#2159,#1150);
#1029=LINE('',#2161,#1151);
#1030=LINE('',#2163,#1152);
#1031=LINE('',#2167,#1153);
#1032=LINE('',#2169,#1154);
#1033=LINE('',#2171,#1155);
#1034=LINE('',#2173,#1156);
#1035=LINE('',#2175,#1157);
#1036=LINE('',#2177,#1158);
#1037=LINE('',#2180,#1159);
#1038=LINE('',#2181,#1160);
#1039=LINE('',#2188,#1161);
#1040=LINE('',#2191,#1162);
#1041=LINE('',#2193,#1163);
#1042=LINE('',#2195,#1164);
#1043=LINE('',#2201,#1165);
#1044=LINE('',#2207,#1166);
#1045=LINE('',#2211,#1167);
#1046=LINE('',#2222,#1168);
#1047=LINE('',#2226,#1169);
#1048=LINE('',#2234,#1170);
#1049=LINE('',#2236,#1171);
#1050=LINE('',#2238,#1172);
#1051=LINE('',#2241,#1173);
#1052=LINE('',#2245,#1174);
#1053=LINE('',#2247,#1175);
#1054=LINE('',#2255,#1176);
#1055=LINE('',#2298,#1177);
#1056=LINE('',#2301,#1178);
#1057=LINE('',#2303,#1179);
#1058=LINE('',#2305,#1180);
#1059=LINE('',#2311,#1181);
#1060=LINE('',#2313,#1182);
#1061=LINE('',#2320,#1183);
#1062=LINE('',#2322,#1184);
#1063=LINE('',#2324,#1185);
#1064=LINE('',#2326,#1186);
#1065=LINE('',#2329,#1187);
#1066=LINE('',#2332,#1188);
#1067=LINE('',#2333,#1189);
#1068=LINE('',#2337,#1190);
#1069=LINE('',#2339,#1191);
#1070=LINE('',#2341,#1192);
#1071=LINE('',#2350,#1193);
#1072=LINE('',#2352,#1194);
#1073=LINE('',#2356,#1195);
#1074=LINE('',#3584,#1196);
#1075=LINE('',#3591,#1197);
#1076=LINE('',#3593,#1198);
#1077=LINE('',#3595,#1199);
#1078=LINE('',#3597,#1200);
#1079=LINE('',#3599,#1201);
#1080=LINE('',#3605,#1202);
#1081=LINE('',#3622,#1203);
#1082=LINE('',#3631,#1204);
#1083=LINE('',#3633,#1205);
#1084=LINE('',#3639,#1206);
#1085=LINE('',#3641,#1207);
#1086=LINE('',#3642,#1208);
#1087=LINE('',#3644,#1209);
#1088=LINE('',#3831,#1210);
#1089=LINE('',#3833,#1211);
#1090=LINE('',#3835,#1212);
#1091=LINE('',#3837,#1213);
#1092=LINE('',#3839,#1214);
#1093=LINE('',#3850,#1215);
#1094=LINE('',#3852,#1216);
#1095=LINE('',#3855,#1217);
#1096=LINE('',#3857,#1218);
#1097=LINE('',#3858,#1219);
#1098=LINE('',#3860,#1220);
#1099=LINE('',#3862,#1221);
#1100=LINE('',#3864,#1222);
#1101=LINE('',#3866,#1223);
#1102=LINE('',#3873,#1224);
#1103=LINE('',#3876,#1225);
#1104=LINE('',#3877,#1226);
#1105=LINE('',#3879,#1227);
#1106=LINE('',#3881,#1228);
#1107=LINE('',#3883,#1229);
#1108=LINE('',#3885,#1230);
#1109=LINE('',#3889,#1231);
#1110=LINE('',#3898,#1232);
#1111=LINE('',#3900,#1233);
#1112=LINE('',#3901,#1234);
#1113=LINE('',#3908,#1235);
#1114=LINE('',#3910,#1236);
#1115=LINE('',#3917,#1237);
#1116=LINE('',#3926,#1238);
#1117=LINE('',#3930,#1239);
#1118=LINE('',#3932,#1240);
#1119=LINE('',#3949,#1241);
#1120=LINE('',#3951,#1242);
#1121=LINE('',#3953,#1243);
#1122=LINE('',#3955,#1244);
#1123=LINE('',#3957,#1245);
#1124=LINE('',#3959,#1246);
#1125=LINE('',#3966,#1247);
#1126=LINE('',#3968,#1248);
#1127=LINE('',#3975,#1249);
#1128=LINE('',#3977,#1250);
#1129=LINE('',#4020,#1251);
#1130=LINE('',#4022,#1252);
#1131=LINE('',#4036,#1253);
#1132=LINE('',#4044,#1254);
#1133=LINE('',#4045,#1255);
#1134=LINE('',#4093,#1256);
#1135=LINE('',#4095,#1257);
#1136=LINE('',#4114,#1258);
#1137=LINE('',#4136,#1259);
#1138=LINE('',#4138,#1260);
#1139=LINE('',#4145,#1261);
#1140=LINE('',#4147,#1262);
#1141=LINE('',#4151,#1263);
#1142=LINE('',#4792,#1264);
#1143=LINE('',#4803,#1265);
#1144=LINE('',#4804,#1266);
#1145=VECTOR('',#1780,1.);
#1146=VECTOR('',#1781,1.);
#1147=VECTOR('',#1782,1.);
#1148=VECTOR('',#1783,1.);
#1149=VECTOR('',#1784,1.);
#1150=VECTOR('',#1785,1.);
#1151=VECTOR('',#1786,1.);
#1152=VECTOR('',#1787,1.);
#1153=VECTOR('',#1790,1.);
#1154=VECTOR('',#1791,1.);
#1155=VECTOR('',#1792,1.);
#1156=VECTOR('',#1793,1.);
#1157=VECTOR('',#1794,1.);
#1158=VECTOR('',#1797,1.);
#1159=VECTOR('',#1798,1.);
#1160=VECTOR('',#1799,1.);
#1161=VECTOR('',#1802,1.);
#1162=VECTOR('',#1803,1.);
#1163=VECTOR('',#1804,1.);
#1164=VECTOR('',#1805,1.);
#1165=VECTOR('',#1810,1.);
#1166=VECTOR('',#1815,1.);
#1167=VECTOR('',#1820,1.);
#1168=VECTOR('',#1823,1.);
#1169=VECTOR('',#1828,1.);
#1170=VECTOR('',#1829,1.);
#1171=VECTOR('',#1830,1.);
#1172=VECTOR('',#1833,1.);
#1173=VECTOR('',#1834,1.);
#1174=VECTOR('',#1837,1.);
#1175=VECTOR('',#1838,1.);
#1176=VECTOR('',#1843,1.);
#1177=VECTOR('',#1858,1.);
#1178=VECTOR('',#1859,1.);
#1179=VECTOR('',#1860,1.);
#1180=VECTOR('',#1861,1.);
#1181=VECTOR('',#1868,1.);
#1182=VECTOR('',#1869,1.);
#1183=VECTOR('',#1870,1.);
#1184=VECTOR('',#1873,1.);
#1185=VECTOR('',#1874,1.);
#1186=VECTOR('',#1877,1.);
#1187=VECTOR('',#1878,1.);
#1188=VECTOR('',#1881,1.);
#1189=VECTOR('',#1882,1.);
#1190=VECTOR('',#1885,1.);
#1191=VECTOR('',#1888,1.);
#1192=VECTOR('',#1891,1.);
#1193=VECTOR('',#1894,1.);
#1194=VECTOR('',#1895,1.);
#1195=VECTOR('',#1898,1.);
#1196=VECTOR('',#1929,1.);
#1197=VECTOR('',#1934,1.);
#1198=VECTOR('',#1935,1.);
#1199=VECTOR('',#1936,1.);
#1200=VECTOR('',#1939,1.);
#1201=VECTOR('',#1942,1.);
#1202=VECTOR('',#1949,1.);
#1203=VECTOR('',#1954,1.);
#1204=VECTOR('',#1959,1.);
#1205=VECTOR('',#1960,1.);
#1206=VECTOR('',#1969,1.);
#1207=VECTOR('',#1970,1.);
#1208=VECTOR('',#1971,1.);
#1209=VECTOR('',#1974,1.);
#1210=VECTOR('',#1981,1.);
#1211=VECTOR('',#1984,1.);
#1212=VECTOR('',#1985,1.);
#1213=VECTOR('',#1988,1.);
#1214=VECTOR('',#1989,1.);
#1215=VECTOR('',#1996,1.);
#1216=VECTOR('',#1999,1.);
#1217=VECTOR('',#2000,1.);
#1218=VECTOR('',#2001,1.);
#1219=VECTOR('',#2002,1.);
#1220=VECTOR('',#2005,1.);
#1221=VECTOR('',#2006,1.);
#1222=VECTOR('',#2007,1.);
#1223=VECTOR('',#2008,1.);
#1224=VECTOR('',#2013,1.);
#1225=VECTOR('',#2014,1.);
#1226=VECTOR('',#2015,1.);
#1227=VECTOR('',#2016,1.);
#1228=VECTOR('',#2019,1.);
#1229=VECTOR('',#2020,1.);
#1230=VECTOR('',#2021,1.);
#1231=VECTOR('',#2024,1.);
#1232=VECTOR('',#2029,1.);
#1233=VECTOR('',#2032,1.);
#1234=VECTOR('',#2033,1.);
#1235=VECTOR('',#2036,1.);
#1236=VECTOR('',#2037,1.);
#1237=VECTOR('',#2040,1.);
#1238=VECTOR('',#2047,1.);
#1239=VECTOR('',#2050,1.);
#1240=VECTOR('',#2053,1.);
#1241=VECTOR('',#2058,1.);
#1242=VECTOR('',#2061,1.);
#1243=VECTOR('',#2064,1.);
#1244=VECTOR('',#2067,1.);
#1245=VECTOR('',#2070,1.);
#1246=VECTOR('',#2071,1.);
#1247=VECTOR('',#2074,1.);
#1248=VECTOR('',#2075,1.);
#1249=VECTOR('',#2078,1.);
#1250=VECTOR('',#2079,1.);
#1251=VECTOR('',#2082,1.);
#1252=VECTOR('',#2085,1.);
#1253=VECTOR('',#2088,1.);
#1254=VECTOR('',#2091,1.);
#1255=VECTOR('',#2092,1.);
#1256=VECTOR('',#2097,1.);
#1257=VECTOR('',#2098,1.);
#1258=VECTOR('',#2099,1.);
#1259=VECTOR('',#2100,1.);
#1260=VECTOR('',#2103,1.);
#1261=VECTOR('',#2106,1.);
#1262=VECTOR('',#2109,1.);
#1263=VECTOR('',#2114,1.);
#1264=VECTOR('',#2131,1.);
#1265=VECTOR('',#2136,1.);
#1266=VECTOR('',#2137,1.);
#1267=EDGE_LOOP('',(#172,#173,#174,#175,#176,#177,#178,#179,#180,#181,#182,
#183,#184,#185));
#1268=EDGE_LOOP('',(#186,#187,#188,#189,#190));
#1269=EDGE_LOOP('',(#191,#192,#193,#194,#195,#196,#197,#198,#199,#200,#201));
#1270=EDGE_LOOP('',(#202,#203,#204,#205));
#1271=EDGE_LOOP('',(#206,#207,#208,#209));
#1272=EDGE_LOOP('',(#210,#211,#212,#213));
#1273=EDGE_LOOP('',(#214,#215,#216,#217,#218,#219,#220,#221));
#1274=EDGE_LOOP('',(#222,#223,#224,#225));
#1275=EDGE_LOOP('',(#226,#227,#228,#229));
#1276=EDGE_LOOP('',(#230,#231,#232,#233));
#1277=EDGE_LOOP('',(#234,#235,#236,#237));
#1278=EDGE_LOOP('',(#238,#239,#240,#241));
#1279=EDGE_LOOP('',(#242,#243,#244,#245));
#1280=EDGE_LOOP('',(#246,#247,#248,#249));
#1281=EDGE_LOOP('',(#250));
#1282=EDGE_LOOP('',(#251));
#1283=EDGE_LOOP('',(#252,#253,#254,#255,#256));
#1284=EDGE_LOOP('',(#257,#258,#259));
#1285=EDGE_LOOP('',(#260,#261,#262,#263,#264,#265,#266,#267));
#1286=EDGE_LOOP('',(#268,#269,#270,#271));
#1287=EDGE_LOOP('',(#272,#273,#274,#275,#276,#277,#278,#279));
#1288=EDGE_LOOP('',(#280));
#1289=EDGE_LOOP('',(#281));
#1290=EDGE_LOOP('',(#282));
#1291=EDGE_LOOP('',(#283,#284));
#1292=EDGE_LOOP('',(#285));
#1293=EDGE_LOOP('',(#286));
#1294=EDGE_LOOP('',(#287));
#1295=EDGE_LOOP('',(#288,#289));
#1296=EDGE_LOOP('',(#290,#291,#292,#293));
#1297=EDGE_LOOP('',(#294,#295,#296,#297));
#1298=EDGE_LOOP('',(#298,#299,#300,#301));
#1299=EDGE_LOOP('',(#302,#303,#304,#305));
#1300=EDGE_LOOP('',(#306,#307,#308,#309));
#1301=EDGE_LOOP('',(#310));
#1302=EDGE_LOOP('',(#311));
#1303=EDGE_LOOP('',(#312));
#1304=EDGE_LOOP('',(#313));
#1305=EDGE_LOOP('',(#314,#315,#316,#317));
#1306=EDGE_LOOP('',(#318,#319,#320,#321,#322));
#1307=EDGE_LOOP('',(#323,#324,#325,#326));
#1308=EDGE_LOOP('',(#327,#328,#329));
#1309=EDGE_LOOP('',(#330,#331,#332,#333));
#1310=EDGE_LOOP('',(#334,#335,#336,#337));
#1311=EDGE_LOOP('',(#338,#339,#340,#341));
#1312=EDGE_LOOP('',(#342,#343,#344,#345));
#1313=EDGE_LOOP('',(#346,#347,#348,#349));
#1314=EDGE_LOOP('',(#350,#351,#352,#353));
#1315=EDGE_LOOP('',(#354,#355,#356,#357,#358));
#1316=EDGE_LOOP('',(#359,#360,#361,#362,#363,#364));
#1317=EDGE_LOOP('',(#365,#366,#367));
#1318=EDGE_LOOP('',(#368,#369,#370,#371));
#1319=EDGE_LOOP('',(#372,#373,#374,#375));
#1320=EDGE_LOOP('',(#376,#377,#378,#379));
#1321=EDGE_LOOP('',(#380,#381,#382,#383));
#1322=EDGE_LOOP('',(#384,#385,#386,#387));
#1323=EDGE_LOOP('',(#388,#389,#390,#391,#392,#393));
#1324=EDGE_LOOP('',(#394,#395,#396,#397,#398,#399));
#1325=EDGE_LOOP('',(#400,#401,#402,#403,#404,#405));
#1326=EDGE_LOOP('',(#406,#407,#408,#409));
#1327=EDGE_LOOP('',(#410,#411,#412,#413,#414,#415,#416,#417,#418,#419));
#1328=EDGE_LOOP('',(#420,#421,#422,#423,#424,#425,#426,#427));
#1329=EDGE_LOOP('',(#428,#429,#430,#431));
#1330=EDGE_LOOP('',(#432,#433,#434,#435));
#1331=EDGE_LOOP('',(#436,#437,#438,#439,#440));
#1332=EDGE_LOOP('',(#441,#442,#443,#444,#445));
#1333=EDGE_LOOP('',(#446,#447,#448,#449));
#1334=EDGE_LOOP('',(#450,#451,#452,#453));
#1335=EDGE_LOOP('',(#454,#455,#456,#457));
#1336=EDGE_LOOP('',(#458,#459,#460,#461));
#1337=EDGE_LOOP('',(#462,#463,#464));
#1338=EDGE_LOOP('',(#465,#466,#467,#468));
#1339=EDGE_LOOP('',(#469,#470,#471,#472));
#1340=EDGE_LOOP('',(#473,#474,#475,#476));
#1341=EDGE_LOOP('',(#477,#478,#479,#480));
#1342=EDGE_LOOP('',(#481,#482,#483,#484));
#1343=EDGE_LOOP('',(#485,#486,#487,#488,#489));
#1344=EDGE_LOOP('',(#490,#491,#492,#493,#494,#495,#496));
#1345=EDGE_LOOP('',(#497,#498,#499,#500));
#1346=EDGE_LOOP('',(#501,#502,#503,#504));
#1347=EDGE_LOOP('',(#505,#506,#507,#508,#509));
#1348=EDGE_LOOP('',(#510,#511,#512,#513,#514,#515,#516,#517,#518,#519));
#1349=EDGE_LOOP('',(#520,#521));
#1350=EDGE_LOOP('',(#522,#523));
#1351=EDGE_LOOP('',(#524,#525,#526,#527,#528,#529,#530,#531,#532,#533,#534,
#535,#536,#537));
#1352=EDGE_LOOP('',(#538,#539,#540,#541));
#1353=EDGE_LOOP('',(#542,#543,#544,#545,#546,#547,#548,#549));
#1354=EDGE_LOOP('',(#550,#551,#552,#553));
#1355=EDGE_LOOP('',(#554,#555,#556,#557));
#1356=EDGE_LOOP('',(#558,#559,#560,#561,#562,#563));
#1357=EDGE_LOOP('',(#564,#565,#566,#567));
#1358=EDGE_LOOP('',(#568,#569,#570,#571));
#1359=EDGE_LOOP('',(#572,#573,#574,#575));
#1360=EDGE_LOOP('',(#576,#577,#578,#579));
#1361=EDGE_LOOP('',(#580,#581,#582,#583));
#1362=EDGE_LOOP('',(#584,#585,#586,#587));
#1363=EDGE_LOOP('',(#588,#589,#590,#591,#592,#593));
#1364=EDGE_LOOP('',(#594,#595,#596,#597));
#1365=EDGE_LOOP('',(#598,#599,#600,#601));
#1366=EDGE_LOOP('',(#602,#603,#604,#605));
#1367=EDGE_LOOP('',(#606,#607,#608,#609,#610,#611));
#1368=EDGE_LOOP('',(#612,#613,#614,#615));
#1369=EDGE_LOOP('',(#616,#617,#618,#619));
#1370=EDGE_LOOP('',(#620,#621,#622,#623));
#1371=EDGE_LOOP('',(#624,#625,#626,#627,#628,#629));
#1372=EDGE_LOOP('',(#630,#631,#632,#633));
#1373=EDGE_LOOP('',(#634,#635,#636,#637));
#1374=EDGE_LOOP('',(#638));
#1375=EDGE_LOOP('',(#639));
#1376=EDGE_LOOP('',(#640));
#1377=EDGE_LOOP('',(#641));
#1378=FACE_BOUND('',#1267,.T.);
#1379=FACE_BOUND('',#1268,.T.);
#1380=FACE_BOUND('',#1269,.T.);
#1381=FACE_BOUND('',#1270,.T.);
#1382=FACE_BOUND('',#1271,.T.);
#1383=FACE_BOUND('',#1272,.T.);
#1384=FACE_BOUND('',#1273,.T.);
#1385=FACE_BOUND('',#1274,.T.);
#1386=FACE_BOUND('',#1275,.T.);
#1387=FACE_BOUND('',#1276,.T.);
#1388=FACE_BOUND('',#1277,.T.);
#1389=FACE_BOUND('',#1278,.T.);
#1390=FACE_BOUND('',#1279,.T.);
#1391=FACE_BOUND('',#1280,.T.);
#1392=FACE_BOUND('',#1281,.T.);
#1393=FACE_BOUND('',#1282,.T.);
#1394=FACE_BOUND('',#1283,.T.);
#1395=FACE_BOUND('',#1284,.T.);
#1396=FACE_BOUND('',#1285,.T.);
#1397=FACE_BOUND('',#1286,.T.);
#1398=FACE_BOUND('',#1287,.T.);
#1399=FACE_BOUND('',#1288,.T.);
#1400=FACE_BOUND('',#1289,.T.);
#1401=FACE_BOUND('',#1290,.T.);
#1402=FACE_BOUND('',#1291,.T.);
#1403=FACE_BOUND('',#1292,.T.);
#1404=FACE_BOUND('',#1293,.T.);
#1405=FACE_BOUND('',#1294,.T.);
#1406=FACE_BOUND('',#1295,.T.);
#1407=FACE_BOUND('',#1296,.T.);
#1408=FACE_BOUND('',#1297,.T.);
#1409=FACE_BOUND('',#1298,.T.);
#1410=FACE_BOUND('',#1299,.T.);
#1411=FACE_BOUND('',#1300,.T.);
#1412=FACE_BOUND('',#1301,.T.);
#1413=FACE_BOUND('',#1302,.T.);
#1414=FACE_BOUND('',#1303,.T.);
#1415=FACE_BOUND('',#1304,.T.);
#1416=FACE_BOUND('',#1305,.T.);
#1417=FACE_BOUND('',#1306,.T.);
#1418=FACE_BOUND('',#1307,.T.);
#1419=FACE_BOUND('',#1308,.T.);
#1420=FACE_BOUND('',#1309,.T.);
#1421=FACE_BOUND('',#1310,.T.);
#1422=FACE_BOUND('',#1311,.T.);
#1423=FACE_BOUND('',#1312,.T.);
#1424=FACE_BOUND('',#1313,.T.);
#1425=FACE_BOUND('',#1314,.T.);
#1426=FACE_BOUND('',#1315,.T.);
#1427=FACE_BOUND('',#1316,.T.);
#1428=FACE_BOUND('',#1317,.T.);
#1429=FACE_BOUND('',#1318,.T.);
#1430=FACE_BOUND('',#1319,.T.);
#1431=FACE_BOUND('',#1320,.T.);
#1432=FACE_BOUND('',#1321,.T.);
#1433=FACE_BOUND('',#1322,.T.);
#1434=FACE_BOUND('',#1323,.T.);
#1435=FACE_BOUND('',#1324,.T.);
#1436=FACE_BOUND('',#1325,.T.);
#1437=FACE_BOUND('',#1326,.T.);
#1438=FACE_BOUND('',#1327,.T.);
#1439=FACE_BOUND('',#1328,.T.);
#1440=FACE_BOUND('',#1329,.T.);
#1441=FACE_BOUND('',#1330,.T.);
#1442=FACE_BOUND('',#1331,.T.);
#1443=FACE_BOUND('',#1332,.T.);
#1444=FACE_BOUND('',#1333,.T.);
#1445=FACE_BOUND('',#1334,.T.);
#1446=FACE_BOUND('',#1335,.T.);
#1447=FACE_BOUND('',#1336,.T.);
#1448=FACE_BOUND('',#1337,.T.);
#1449=FACE_BOUND('',#1338,.T.);
#1450=FACE_BOUND('',#1339,.T.);
#1451=FACE_BOUND('',#1340,.T.);
#1452=FACE_BOUND('',#1341,.T.);
#1453=FACE_BOUND('',#1342,.T.);
#1454=FACE_BOUND('',#1343,.T.);
#1455=FACE_BOUND('',#1344,.T.);
#1456=FACE_BOUND('',#1345,.T.);
#1457=FACE_BOUND('',#1346,.T.);
#1458=FACE_BOUND('',#1347,.T.);
#1459=FACE_BOUND('',#1348,.T.);
#1460=FACE_BOUND('',#1349,.T.);
#1461=FACE_BOUND('',#1350,.T.);
#1462=FACE_BOUND('',#1351,.T.);
#1463=FACE_BOUND('',#1352,.T.);
#1464=FACE_BOUND('',#1353,.T.);
#1465=FACE_BOUND('',#1354,.T.);
#1466=FACE_BOUND('',#1355,.T.);
#1467=FACE_BOUND('',#1356,.T.);
#1468=FACE_BOUND('',#1357,.T.);
#1469=FACE_BOUND('',#1358,.T.);
#1470=FACE_BOUND('',#1359,.T.);
#1471=FACE_BOUND('',#1360,.T.);
#1472=FACE_BOUND('',#1361,.T.);
#1473=FACE_BOUND('',#1362,.T.);
#1474=FACE_BOUND('',#1363,.T.);
#1475=FACE_BOUND('',#1364,.T.);
#1476=FACE_BOUND('',#1365,.T.);
#1477=FACE_BOUND('',#1366,.T.);
#1478=FACE_BOUND('',#1367,.T.);
#1479=FACE_BOUND('',#1368,.T.);
#1480=FACE_BOUND('',#1369,.T.);
#1481=FACE_BOUND('',#1370,.T.);
#1482=FACE_BOUND('',#1371,.T.);
#1483=FACE_BOUND('',#1372,.T.);
#1484=FACE_BOUND('',#1373,.T.);
#1485=FACE_BOUND('',#1374,.T.);
#1486=FACE_BOUND('',#1375,.T.);
#1487=FACE_BOUND('',#1376,.T.);
#1488=FACE_BOUND('',#1377,.T.);
#1489=PLANE('',#1653);
#1490=PLANE('',#1655);
#1491=PLANE('',#1656);
#1492=PLANE('',#1662);
#1493=PLANE('',#1665);
#1494=PLANE('',#1666);
#1495=PLANE('',#1673);
#1496=PLANE('',#1676);
#1497=PLANE('',#1677);
#1498=PLANE('',#1680);
#1499=PLANE('',#1681);
#1500=PLANE('',#1684);
#1501=PLANE('',#1685);
#1502=PLANE('',#1688);
#1503=PLANE('',#1692);
#1504=PLANE('',#1702);
#1505=PLANE('',#1704);
#1506=PLANE('',#1705);
#1507=PLANE('',#1706);
#1508=PLANE('',#1708);
#1509=PLANE('',#1711);
#1510=PLANE('',#1717);
#1511=PLANE('',#1719);
#1512=PLANE('',#1721);
#1513=PLANE('',#1722);
#1514=PLANE('',#1727);
#1515=PLANE('',#1728);
#1516=PLANE('',#1730);
#1517=PLANE('',#1731);
#1518=PLANE('',#1734);
#1519=PLANE('',#1735);
#1520=PLANE('',#1736);
#1521=PLANE('',#1737);
#1522=PLANE('',#1742);
#1523=PLANE('',#1744);
#1524=PLANE('',#1745);
#1525=PLANE('',#1746);
#1526=PLANE('',#1747);
#1527=PLANE('',#1750);
#1528=PLANE('',#1753);
#1529=PLANE('',#1754);
#1530=PLANE('',#1756);
#1531=PLANE('',#1758);
#1532=PLANE('',#1759);
#1533=PLANE('',#1762);
#1534=PLANE('',#1766);
#1535=PLANE('',#1767);
#1536=PLANE('',#1769);
#1537=PLANE('',#1770);
#1538=PLANE('',#1771);
#1539=PLANE('',#1772);
#1540=PLANE('',#1773);
#1541=ADVANCED_FACE('FINGER PAD_t30_R',(#1378),#1489,.F.);
#1542=ADVANCED_FACE('FINGER PAD_t30_R',(#1379),#1490,.F.);
#1543=ADVANCED_FACE('FINGER PAD_t30_R',(#1380),#1491,.T.);
#1544=ADVANCED_FACE('FINGER PAD_t30_R',(#1381),#1492,.T.);
#1545=ADVANCED_FACE('FINGER PAD_t30_R',(#1382),#50,.T.);
#1546=ADVANCED_FACE('FINGER PAD_t30_R',(#1383),#1493,.T.);
#1547=ADVANCED_FACE('FINGER PAD_t30_R',(#1384),#1494,.T.);
#1548=ADVANCED_FACE('FINGER PAD_t30_R',(#1385),#26,.T.);
#1549=ADVANCED_FACE('FINGER PAD_t30_R',(#1386),#51,.F.);
#1550=ADVANCED_FACE('FINGER PAD_t30_R',(#1387),#27,.T.);
#1551=ADVANCED_FACE('FINGER PAD_t30_R',(#1388),#1495,.T.);
#1552=ADVANCED_FACE('FINGER PAD_t30_R',(#1389),#28,.T.);
#1553=ADVANCED_FACE('FINGER PAD_t30_R',(#1390),#52,.T.);
#1554=ADVANCED_FACE('FINGER PAD_t30_R',(#1391),#1496,.F.);
#1555=ADVANCED_FACE('FINGER PAD_t30_R',(#1392,#1393,#1394),#1497,.T.);
#1556=ADVANCED_FACE('FINGER PAD_t30_R',(#1395),#1498,.F.);
#1557=ADVANCED_FACE('FINGER PAD_t30_R',(#1396),#1499,.T.);
#1558=ADVANCED_FACE('FINGER PAD_t30_R',(#1397),#1500,.F.);
#1559=ADVANCED_FACE('FINGER PAD_t30_R',(#1398),#1501,.T.);
#1560=ADVANCED_FACE('FINGER PAD_t30_R',(#1399,#1400),#1502,.F.);
#1561=ADVANCED_FACE('FINGER PAD_t30_R',(#1401,#1402),#29,.F.);
#1562=ADVANCED_FACE('FINGER PAD_t30_R',(#1403,#1404),#1503,.F.);
#1563=ADVANCED_FACE('FINGER PAD_t30_R',(#1405,#1406),#30,.F.);
#1564=ADVANCED_FACE('FINGER PAD_t30_R',(#1407),#15,.F.);
#1565=ADVANCED_FACE('FINGER PAD_t30_R',(#1408),#16,.F.);
#1566=ADVANCED_FACE('FINGER PAD_t30_R',(#1409),#17,.F.);
#1567=ADVANCED_FACE('FINGER PAD_t30_R',(#1410),#18,.F.);
#1568=ADVANCED_FACE('FINGER PAD_t30_R',(#1411),#53,.T.);
#1569=ADVANCED_FACE('FINGER PAD_t30_R',(#1412,#1413),#31,.F.);
#1570=ADVANCED_FACE('FINGER PAD_t30_R',(#1414,#1415),#32,.F.);
#1571=ADVANCED_FACE('FINGER PAD_t30_R',(#1416),#1504,.T.);
#1572=ADVANCED_FACE('FINGER PAD_t30_R',(#1417),#33,.T.);
#1573=ADVANCED_FACE('FINGER PAD_t30_R',(#1418),#1505,.T.);
#1574=ADVANCED_FACE('FINGER PAD_t30_R',(#1419),#1506,.T.);
#1575=ADVANCED_FACE('FINGER PAD_t30_R',(#1420),#1507,.T.);
#1576=ADVANCED_FACE('FINGER PAD_t30_R',(#1421),#1508,.T.);
#1577=ADVANCED_FACE('FINGER PAD_t30_R',(#1422),#34,.T.);
#1578=ADVANCED_FACE('FINGER PAD_t30_R',(#1423),#1509,.T.);
#1579=ADVANCED_FACE('FINGER PAD_t30_R',(#1424),#54,.T.);
#1580=ADVANCED_FACE('FINGER PAD_t30_R',(#1425),#55,.F.);
#1581=ADVANCED_FACE('FINGER PAD_t30_R',(#1426),#1510,.T.);
#1582=ADVANCED_FACE('FINGER PAD_t30_R',(#1427),#35,.T.);
#1583=ADVANCED_FACE('FINGER PAD_t30_R',(#1428),#1511,.T.);
#1584=ADVANCED_FACE('FINGER PAD_t30_R',(#1429),#36,.F.);
#1585=ADVANCED_FACE('FINGER PAD_t30_R',(#1430),#19,.T.);
#1586=ADVANCED_FACE('FINGER PAD_t30_R',(#1431),#1512,.T.);
#1587=ADVANCED_FACE('FINGER PAD_t30_R',(#1432),#1513,.F.);
#1588=ADVANCED_FACE('FINGER PAD_t30_R',(#1433),#37,.T.);
#1589=ADVANCED_FACE('FINGER PAD_t30_R',(#1434),#38,.T.);
#1590=ADVANCED_FACE('FINGER PAD_t30_R',(#1435),#1514,.F.);
#1591=ADVANCED_FACE('FINGER PAD_t30_R',(#1436),#1515,.T.);
#1592=ADVANCED_FACE('FINGER PAD_t30_R',(#1437),#39,.T.);
#1593=ADVANCED_FACE('FINGER PAD_t30_R',(#1438),#1516,.F.);
#1594=ADVANCED_FACE('FINGER PAD_t30_R',(#1439),#1517,.T.);
#1595=ADVANCED_FACE('FINGER PAD_t30_R',(#1440),#1518,.T.);
#1596=ADVANCED_FACE('FINGER PAD_t30_R',(#1441),#1519,.F.);
#1597=ADVANCED_FACE('FINGER PAD_t30_R',(#1442),#1520,.F.);
#1598=ADVANCED_FACE('FINGER PAD_t30_R',(#1443),#1521,.T.);
#1599=ADVANCED_FACE('FINGER PAD_t30_R',(#1444),#40,.T.);
#1600=ADVANCED_FACE('FINGER PAD_t30_R',(#1445),#56,.T.);
#1601=ADVANCED_FACE('FINGER PAD_t30_R',(#1446),#1522,.F.);
#1602=ADVANCED_FACE('FINGER PAD_t30_R',(#1447),#14,.T.);
#1603=ADVANCED_FACE('FINGER PAD_t30_R',(#1448),#1523,.F.);
#1604=ADVANCED_FACE('FINGER PAD_t30_R',(#1449),#1524,.F.);
#1605=ADVANCED_FACE('FINGER PAD_t30_R',(#1450),#1525,.F.);
#1606=ADVANCED_FACE('FINGER PAD_t30_R',(#1451),#1526,.T.);
#1607=ADVANCED_FACE('FINGER PAD_t30_R',(#1452),#41,.T.);
#1608=ADVANCED_FACE('FINGER PAD_t30_R',(#1453),#42,.T.);
#1609=ADVANCED_FACE('FINGER PAD_t30_R',(#1454),#1527,.T.);
#1610=ADVANCED_FACE('FINGER PAD_t30_R',(#1455),#43,.F.);
#1611=ADVANCED_FACE('FINGER PAD_t30_R',(#1456),#44,.T.);
#1612=ADVANCED_FACE('FINGER PAD_t30_R',(#1457),#1528,.T.);
#1613=ADVANCED_FACE('FINGER PAD_t30_R',(#1458),#1529,.F.);
#1614=ADVANCED_FACE('FINGER PAD_t30_R',(#1459,#1460,#1461),#45,.F.);
#1615=ADVANCED_FACE('FINGER PAD_t30_R',(#1462),#1530,.T.);
#1616=ADVANCED_FACE('FINGER PAD_t30_R',(#1463),#46,.T.);
#1617=ADVANCED_FACE('FINGER PAD_t30_R',(#1464),#1531,.T.);
#1618=ADVANCED_FACE('FINGER PAD_t30_R',(#1465),#1532,.T.);
#1619=ADVANCED_FACE('FINGER PAD_t30_R',(#1466),#47,.T.);
#1620=ADVANCED_FACE('FINGER PAD_t30_R',(#1467),#1533,.F.);
#1621=ADVANCED_FACE('FINGER PAD_t30_R',(#1468),#20,.T.);
#1622=ADVANCED_FACE('FINGER PAD_t30_R',(#1469),#57,.F.);
#1623=ADVANCED_FACE('FINGER PAD_t30_R',(#1470),#58,.T.);
#1624=ADVANCED_FACE('FINGER PAD_t30_R',(#1471),#21,.T.);
#1625=ADVANCED_FACE('FINGER PAD_t30_R',(#1472),#22,.F.);
#1626=ADVANCED_FACE('FINGER PAD_t30_R',(#1473),#23,.F.);
#1627=ADVANCED_FACE('FINGER PAD_t30_R',(#1474),#48,.F.);
#1628=ADVANCED_FACE('FINGER PAD_t30_R',(#1475),#1534,.T.);
#1629=ADVANCED_FACE('FINGER PAD_t30_R',(#1476),#24,.T.);
#1630=ADVANCED_FACE('FINGER PAD_t30_R',(#1477),#1535,.F.);
#1631=ADVANCED_FACE('FINGER PAD_t30_R',(#1478),#49,.F.);
#1632=ADVANCED_FACE('',(#1479),#1536,.T.);
#1633=ADVANCED_FACE('',(#1480),#1537,.F.);
#1634=ADVANCED_FACE('',(#1481),#25,.T.);
#1635=ADVANCED_FACE('',(#1482),#1538,.T.);
#1636=ADVANCED_FACE('',(#1483),#1539,.F.);
#1637=ADVANCED_FACE('',(#1484),#1540,.T.);
#1638=ADVANCED_FACE('',(#1485,#1486),#12,.T.);
#1639=ADVANCED_FACE('',(#1487,#1488),#13,.T.);
#1640=CLOSED_SHELL('',(#1541,#1542,#1543,#1544,#1545,#1546,#1547,#1548,
#1549,#1550,#1551,#1552,#1553,#1554,#1555,#1556,#1557,#1558,#1559,#1560,
#1561,#1562,#1563,#1564,#1565,#1566,#1567,#1568,#1569,#1570,#1571,#1572,
#1573,#1574,#1575,#1576,#1577,#1578,#1579,#1580,#1581,#1582,#1583,#1584,
#1585,#1586,#1587,#1588,#1589,#1590,#1591,#1592,#1593,#1594,#1595,#1596,
#1597,#1598,#1599,#1600,#1601,#1602,#1603,#1604,#1605,#1606,#1607,#1608,
#1609,#1610,#1611,#1612,#1613,#1614,#1615,#1616,#1617,#1618,#1619,#1620,
#1621,#1622,#1623,#1624,#1625,#1626,#1627,#1628,#1629,#1630,#1631,#1632,
#1633,#1634,#1635,#1636,#1637,#1638,#1639));
#1641=STYLED_ITEM('',(#1642),#1649);
#1642=PRESENTATION_STYLE_ASSIGNMENT((#1643));
#1643=SURFACE_STYLE_USAGE(.BOTH.,#1644);
#1644=SURFACE_SIDE_STYLE('',(#1645));
#1645=SURFACE_STYLE_FILL_AREA(#1646);
#1646=FILL_AREA_STYLE('',(#1647));
#1647=FILL_AREA_STYLE_COLOUR('',#1648);
#1648=COLOUR_RGB('',1.,0.501960784313726,0.501960784313726);
#1649=MANIFOLD_SOLID_BREP('FINGER PAD_t30_R',#1640);
#1650=SHAPE_DEFINITION_REPRESENTATION(#4815,#1651);
#1651=SHAPE_REPRESENTATION('FINGER PAD_t30_R',(#1652),#4810);
#1652=AXIS2_PLACEMENT_3D('',#2146,#1776,#1777);
#1653=AXIS2_PLACEMENT_3D('',#2147,#1778,#1779);
#1654=AXIS2_PLACEMENT_3D('',#2165,#1788,#1789);
#1655=AXIS2_PLACEMENT_3D('',#2176,#1795,#1796);
#1656=AXIS2_PLACEMENT_3D('',#2187,#1800,#1801);
#1657=AXIS2_PLACEMENT_3D('',#2197,#1806,#1807);
#1658=AXIS2_PLACEMENT_3D('',#2199,#1808,#1809);
#1659=AXIS2_PLACEMENT_3D('',#2203,#1811,#1812);
#1660=AXIS2_PLACEMENT_3D('',#2205,#1813,#1814);
#1661=AXIS2_PLACEMENT_3D('',#2209,#1816,#1817);
#1662=AXIS2_PLACEMENT_3D('',#2210,#1818,#1819);
#1663=AXIS2_PLACEMENT_3D('',#2216,#1821,#1822);
#1664=AXIS2_PLACEMENT_3D('',#2224,#1824,#1825);
#1665=AXIS2_PLACEMENT_3D('',#2225,#1826,#1827);
#1666=AXIS2_PLACEMENT_3D('',#2237,#1831,#1832);
#1667=AXIS2_PLACEMENT_3D('',#2243,#1835,#1836);
#1668=AXIS2_PLACEMENT_3D('',#2253,#1839,#1840);
#1669=AXIS2_PLACEMENT_3D('',#2254,#1841,#1842);
#1670=AXIS2_PLACEMENT_3D('',#2266,#1844,#1845);
#1671=AXIS2_PLACEMENT_3D('',#2272,#1846,#1847);
#1672=AXIS2_PLACEMENT_3D('',#2273,#1848,#1849);
#1673=AXIS2_PLACEMENT_3D('',#2282,#1850,#1851);
#1674=AXIS2_PLACEMENT_3D('',#2291,#1852,#1853);
#1675=AXIS2_PLACEMENT_3D('',#2296,#1854,#1855);
#1676=AXIS2_PLACEMENT_3D('',#2297,#1856,#1857);
#1677=AXIS2_PLACEMENT_3D('',#2306,#1862,#1863);
#1678=AXIS2_PLACEMENT_3D('',#2307,#1864,#1865);
#1679=AXIS2_PLACEMENT_3D('',#2309,#1866,#1867);
#1680=AXIS2_PLACEMENT_3D('',#2321,#1871,#1872);
#1681=AXIS2_PLACEMENT_3D('',#2325,#1875,#1876);
#1682=AXIS2_PLACEMENT_3D('',#2330,#1879,#1880);
#1683=AXIS2_PLACEMENT_3D('',#2335,#1883,#1884);
#1684=AXIS2_PLACEMENT_3D('',#2338,#1886,#1887);
#1685=AXIS2_PLACEMENT_3D('',#2340,#1889,#1890);
#1686=AXIS2_PLACEMENT_3D('',#2349,#1892,#1893);
#1687=AXIS2_PLACEMENT_3D('',#2354,#1896,#1897);
#1688=AXIS2_PLACEMENT_3D('',#2357,#1899,#1900);
#1689=AXIS2_PLACEMENT_3D('',#2358,#1901,#1902);
#1690=AXIS2_PLACEMENT_3D('',#2360,#1903,#1904);
#1691=AXIS2_PLACEMENT_3D('',#2362,#1905,#1906);
#1692=AXIS2_PLACEMENT_3D('',#2379,#1907,#1908);
#1693=AXIS2_PLACEMENT_3D('',#2380,#1909,#1910);
#1694=AXIS2_PLACEMENT_3D('',#2382,#1911,#1912);
#1695=AXIS2_PLACEMENT_3D('',#2384,#1913,#1914);
#1696=AXIS2_PLACEMENT_3D('',#3571,#1915,#1916);
#1697=AXIS2_PLACEMENT_3D('',#3572,#1917,#1918);
#1698=AXIS2_PLACEMENT_3D('',#3573,#1919,#1920);
#1699=AXIS2_PLACEMENT_3D('',#3574,#1921,#1922);
#1700=AXIS2_PLACEMENT_3D('',#3576,#1923,#1924);
#1701=AXIS2_PLACEMENT_3D('',#3577,#1925,#1926);
#1702=AXIS2_PLACEMENT_3D('',#3579,#1927,#1928);
#1703=AXIS2_PLACEMENT_3D('',#3585,#1930,#1931);
#1704=AXIS2_PLACEMENT_3D('',#3590,#1932,#1933);
#1705=AXIS2_PLACEMENT_3D('',#3596,#1937,#1938);
#1706=AXIS2_PLACEMENT_3D('',#3598,#1940,#1941);
#1707=AXIS2_PLACEMENT_3D('',#3601,#1943,#1944);
#1708=AXIS2_PLACEMENT_3D('',#3602,#1945,#1946);
#1709=AXIS2_PLACEMENT_3D('',#3603,#1947,#1948);
#1710=AXIS2_PLACEMENT_3D('',#3606,#1950,#1951);
#1711=AXIS2_PLACEMENT_3D('',#3621,#1952,#1953);
#1712=AXIS2_PLACEMENT_3D('',#3625,#1955,#1956);
#1713=AXIS2_PLACEMENT_3D('',#3630,#1957,#1958);
#1714=AXIS2_PLACEMENT_3D('',#3635,#1961,#1962);
#1715=AXIS2_PLACEMENT_3D('',#3636,#1963,#1964);
#1716=AXIS2_PLACEMENT_3D('',#3637,#1965,#1966);
#1717=AXIS2_PLACEMENT_3D('',#3638,#1967,#1968);
#1718=AXIS2_PLACEMENT_3D('',#3643,#1972,#1973);
#1719=AXIS2_PLACEMENT_3D('',#3645,#1975,#1976);
#1720=AXIS2_PLACEMENT_3D('',#3650,#1977,#1978);
#1721=AXIS2_PLACEMENT_3D('',#3830,#1979,#1980);
#1722=AXIS2_PLACEMENT_3D('',#3832,#1982,#1983);
#1723=AXIS2_PLACEMENT_3D('',#3836,#1986,#1987);
#1724=AXIS2_PLACEMENT_3D('',#3845,#1990,#1991);
#1725=AXIS2_PLACEMENT_3D('',#3846,#1992,#1993);
#1726=AXIS2_PLACEMENT_3D('',#3849,#1994,#1995);
#1727=AXIS2_PLACEMENT_3D('',#3851,#1997,#1998);
#1728=AXIS2_PLACEMENT_3D('',#3859,#2003,#2004);
#1729=AXIS2_PLACEMENT_3D('',#3867,#2009,#2010);
#1730=AXIS2_PLACEMENT_3D('',#3872,#2011,#2012);
#1731=AXIS2_PLACEMENT_3D('',#3880,#2017,#2018);
#1732=AXIS2_PLACEMENT_3D('',#3887,#2022,#2023);
#1733=AXIS2_PLACEMENT_3D('',#3891,#2025,#2026);
#1734=AXIS2_PLACEMENT_3D('',#3897,#2027,#2028);
#1735=AXIS2_PLACEMENT_3D('',#3899,#2030,#2031);
#1736=AXIS2_PLACEMENT_3D('',#3902,#2034,#2035);
#1737=AXIS2_PLACEMENT_3D('',#3911,#2038,#2039);
#1738=AXIS2_PLACEMENT_3D('',#3923,#2041,#2042);
#1739=AXIS2_PLACEMENT_3D('',#3924,#2043,#2044);
#1740=AXIS2_PLACEMENT_3D('',#3925,#2045,#2046);
#1741=AXIS2_PLACEMENT_3D('',#3928,#2048,#2049);
#1742=AXIS2_PLACEMENT_3D('',#3931,#2051,#2052);
#1743=AXIS2_PLACEMENT_3D('',#3938,#2054,#2055);
#1744=AXIS2_PLACEMENT_3D('',#3948,#2056,#2057);
#1745=AXIS2_PLACEMENT_3D('',#3950,#2059,#2060);
#1746=AXIS2_PLACEMENT_3D('',#3952,#2062,#2063);
#1747=AXIS2_PLACEMENT_3D('',#3954,#2065,#2066);
#1748=AXIS2_PLACEMENT_3D('',#3956,#2068,#2069);
#1749=AXIS2_PLACEMENT_3D('',#3965,#2072,#2073);
#1750=AXIS2_PLACEMENT_3D('',#3974,#2076,#2077);
#1751=AXIS2_PLACEMENT_3D('',#3978,#2080,#2081);
#1752=AXIS2_PLACEMENT_3D('',#4021,#2083,#2084);
#1753=AXIS2_PLACEMENT_3D('',#4035,#2086,#2087);
#1754=AXIS2_PLACEMENT_3D('',#4037,#2089,#2090);
#1755=AXIS2_PLACEMENT_3D('',#4046,#2093,#2094);
#1756=AXIS2_PLACEMENT_3D('',#4092,#2095,#2096);
#1757=AXIS2_PLACEMENT_3D('',#4137,#2101,#2102);
#1758=AXIS2_PLACEMENT_3D('',#4144,#2104,#2105);
#1759=AXIS2_PLACEMENT_3D('',#4146,#2107,#2108);
#1760=AXIS2_PLACEMENT_3D('',#4149,#2110,#2111);
#1761=AXIS2_PLACEMENT_3D('',#4150,#2112,#2113);
#1762=AXIS2_PLACEMENT_3D('',#4157,#2115,#2116);
#1763=AXIS2_PLACEMENT_3D('',#4265,#2117,#2118);
#1764=AXIS2_PLACEMENT_3D('',#4270,#2119,#2120);
#1765=AXIS2_PLACEMENT_3D('',#4727,#2121,#2122);
#1766=AXIS2_PLACEMENT_3D('',#4728,#2123,#2124);
#1767=AXIS2_PLACEMENT_3D('',#4789,#2125,#2126);
#1768=AXIS2_PLACEMENT_3D('',#4790,#2127,#2128);
#1769=AXIS2_PLACEMENT_3D('',#4791,#2129,#2130);
#1770=AXIS2_PLACEMENT_3D('',#4793,#2132,#2133);
#1771=AXIS2_PLACEMENT_3D('',#4802,#2134,#2135);
#1772=AXIS2_PLACEMENT_3D('',#4805,#2138,#2139);
#1773=AXIS2_PLACEMENT_3D('',#4806,#2140,#2141);
#1774=AXIS2_PLACEMENT_3D('',#4807,#2142,#2143);
#1775=AXIS2_PLACEMENT_3D('',#4808,#2144,#2145);
#1776=DIRECTION('',(0.,0.,1.));
#1777=DIRECTION('',(1.,0.,0.));
#1778=DIRECTION('',(-2.373312428397E-44,-0.992364352219202,-0.123340960125025));
#1779=DIRECTION('',(5.84385250200459E-44,-0.123340960125025,0.992364352219202));
#1780=DIRECTION('',(-1.,-7.55664748571E-75,0.));
#1781=DIRECTION('',(-2.18952885050752E-47,0.123340960125025,-0.992364352219202));
#1782=DIRECTION('',(-1.,1.63544120577596E-44,6.08907973326143E-44));
#1783=DIRECTION('',(0.280934696841,-0.118373635602718,0.952398749739336));
#1784=DIRECTION('',(0.280934696793948,-0.118373635604414,0.952398749753004));
#1785=DIRECTION('',(-1.,1.63544120577596E-44,6.08907973326143E-44));
#1786=DIRECTION('',(-1.,1.64214663788064E-47,0.));
#1787=DIRECTION('',(-0.280934696841877,-0.118373635602876,0.952398749739058));
#1788=DIRECTION('',(-2.373312428397E-44,-0.992364352219202,-0.123340960125025));
#1789=DIRECTION('',(-0.899933649546208,0.0537799720863406,-0.432697516767585));
#1790=DIRECTION('',(-3.29013734032279E-13,-0.123340960125025,0.992364352219202));
#1791=DIRECTION('',(1.,-2.12729798223927E-44,-2.12712727826806E-44));
#1792=DIRECTION('',(0.,-0.123340960125025,0.992364352219202));
#1793=DIRECTION('',(1.,7.55664748571E-75,0.));
#1794=DIRECTION('',(2.18952885050752E-47,-0.123340960125025,0.992364352219202));
#1795=DIRECTION('',(0.,1.89091402091994E-121,1.));
#1796=DIRECTION('',(7.55664748571E-75,-1.,7.45142972001459E-106));
#1797=DIRECTION('',(7.55664748571E-75,-1.,7.45142972001459E-106));
#1798=DIRECTION('',(0.704391652959142,0.709811523745203,1.09476442525376E-47));
#1799=DIRECTION('',(1.,7.55664748571E-75,0.));
#1800=DIRECTION('',(1.,7.55664748571E-75,0.));
#1801=DIRECTION('',(7.55664748571E-75,-1.,7.45142972001459E-106));
#1802=DIRECTION('',(0.,1.89091402091994E-121,1.));
#1803=DIRECTION('',(0.,0.707106781186548,0.707106781186548));
#1804=DIRECTION('',(-9.78546801500225E-32,-0.123340960128213,0.992364352218806));
#1805=DIRECTION('',(6.93889390390724E-18,0.995295283161201,-0.0968880762378196));
#1806=DIRECTION('',(1.,5.5271478752551E-73,2.84217094304E-14));
#1807=DIRECTION('',(-2.84217094304E-14,1.94469227433E-59,1.));
#1808=DIRECTION('',(-1.,6.2172489379E-15,-2.84217094304E-14));
#1809=DIRECTION('',(2.84217094304E-14,-1.94469227433E-59,-1.));
#1810=DIRECTION('',(4.80054200473775E-44,-4.7994472403125E-44,-1.));
#1811=DIRECTION('',(-1.,1.7763568394E-15,2.84217094304E-14));
#1812=DIRECTION('',(-2.84217094304E-14,-1.94469227433E-59,-1.));
#1813=DIRECTION('',(1.,5.47382212626882E-48,0.));
#1814=DIRECTION('',(0.,1.94469227433E-59,1.));
#1815=DIRECTION('',(5.03412628478721E-72,1.,-5.04960229883794E-72));
#1816=DIRECTION('',(-1.,0.,0.));
#1817=DIRECTION('',(0.,-1.94469227433E-59,-1.));
#1818=DIRECTION('',(0.707106781186756,0.701707562861758,0.08721522930267));
#1819=DIRECTION('',(-1.64444846628698E-13,-0.123340960125188,0.992364352219182));
#1820=DIRECTION('',(0.668335206707506,-0.703513028603067,0.241655684934115));
#1821=DIRECTION('',(-1.,1.7763568394E-15,2.84217094304E-14));
#1822=DIRECTION('',(1.91548605433693E-14,-0.696571426468997,0.717487454821997));
#1823=DIRECTION('',(0.707106781186548,0.707106781186548,1.09476442525376E-47));
#1824=DIRECTION('',(-1.,0.,0.));
#1825=DIRECTION('',(0.,-1.94469227433E-59,-1.));
#1826=DIRECTION('',(0.677285461478939,-0.684093778377938,0.270739923272975));
#1827=DIRECTION('',(0.287347885566247,-0.0928019461452492,-0.953319983768442));
#1828=DIRECTION('',(-0.287347885563592,0.0928019461451745,0.953319983769249));
#1829=DIRECTION('',(0.287347885566247,-0.0928019461452492,-0.953319983768442));
#1830=DIRECTION('',(-0.722171101920841,-0.688460143214347,0.0670188835755994));
#1831=DIRECTION('',(0.95782628522101,0.0278405838435003,0.285995995131003));
#1832=DIRECTION('',(0.287347885566816,-0.0928019461451275,-0.953319983768282));
#1833=DIRECTION('',(8.43006220385689E-14,0.995295283161198,-0.0968880762378432));
#1834=DIRECTION('',(-0.280934696841811,-0.118373635612431,0.95239874973789));
#1835=DIRECTION('',(0.95782628522101,0.0278405838435003,0.285995995131003));
#1836=DIRECTION('',(0.194606438783226,-0.795141343139716,-0.57435057100527));
#1837=DIRECTION('',(-0.252062519258214,-0.39645408468778,0.882773269373046));
#1838=DIRECTION('',(-3.3882958961604E-45,0.995295283161201,-0.0968880762378196));
#1839=DIRECTION('',(0.95782628522101,0.0278405838435003,0.285995995131003));
#1840=DIRECTION('',(0.0155400386658978,-0.998857539175858,0.0451898620247115));
#1841=DIRECTION('',(-1.,1.64214663788064E-47,0.));
#1842=DIRECTION('',(5.47382212626882E-48,0.912228251277685,0.409682337391858));
#1843=DIRECTION('',(-1.,-5.53950799178404E-45,4.29147654699475E-45));
#1844=DIRECTION('',(1.,5.47382212626882E-48,0.));
#1845=DIRECTION('',(3.28429327576129E-47,0.50000000000019,-0.866025403784329));
#1846=DIRECTION('',(-1.,0.,0.));
#1847=DIRECTION('',(0.,-1.94469227433E-59,-1.));
#1848=DIRECTION('',(6.93889390390724E-18,0.995295283161201,-0.0968880762378196));
#1849=DIRECTION('',(0.95782628522101,0.0278405838435738,0.285995995130996));
#1850=DIRECTION('',(0.678629389324762,0.677205778857762,0.2843492307469));
#1851=DIRECTION('',(-0.280934696841877,-0.118373635602876,0.952398749739058));
#1852=DIRECTION('',(0.717072450746637,-0.62939837875191,-0.299440780797605));
#1853=DIRECTION('',(-0.659667286311791,-0.751557763162644,-6.50482165780585E-32));
#1854=DIRECTION('',(-0.0816224490152167,-0.983396487102179,-0.162077527658376));
#1855=DIRECTION('',(9.72950226155268E-32,0.162620138828765,-0.986688750542598));
#1856=DIRECTION('',(-6.79082372984909E-44,-0.707106781186548,0.707106781186548));
#1857=DIRECTION('',(1.,-4.7994472403125E-44,4.80054200473775E-44));
#1858=DIRECTION('',(-1.09476442525376E-47,0.707106781186548,0.707106781186548));
#1859=DIRECTION('',(1.,-4.7994472403125E-44,4.80054200473775E-44));
#1860=DIRECTION('',(-6.97261119368233E-32,0.707106781186548,0.707106781186548));
#1861=DIRECTION('',(-1.,-7.55664748571E-75,0.));
#1862=DIRECTION('',(-7.55664748571E-75,1.,-7.45142972001459E-106));
#1863=DIRECTION('',(0.,-1.89091402091994E-121,-1.));
#1864=DIRECTION('',(-7.55664748571E-75,1.,-7.45142972001459E-106));
#1865=DIRECTION('',(-9.86076131526E-32,0.,1.));
#1866=DIRECTION('',(-7.55664748571E-75,1.,-7.45142972001459E-106));
#1867=DIRECTION('',(-9.86076131526E-32,0.,1.));
#1868=DIRECTION('',(0.,-1.89091402091994E-121,-1.));
#1869=DIRECTION('',(-1.,2.73691106313441E-48,0.));
#1870=DIRECTION('',(-4.80054200473775E-44,-4.7994472403125E-44,1.));
#1871=DIRECTION('',(0.577350269189626,-0.577350269189626,0.577350269189626));
#1872=DIRECTION('',(0.408248290463863,-0.408248290463863,-0.816496580927726));
#1873=DIRECTION('',(-0.707106781186548,1.76868732008334E-74,0.707106781186548));
#1874=DIRECTION('',(0.707106781186548,0.707106781186548,6.97261119368233E-32));
#1875=DIRECTION('',(-1.,-7.55664748571E-75,0.));
#1876=DIRECTION('',(7.55664748571E-75,-1.,7.45142972001459E-106));
#1877=DIRECTION('',(0.,0.707106781186548,0.707106781186548));
#1878=DIRECTION('',(0.,0.123340960125025,-0.992364352219202));
#1879=DIRECTION('',(-1.,-7.55664748571E-75,0.));
#1880=DIRECTION('',(0.,-1.94469227433E-59,-1.));
#1881=DIRECTION('',(-4.80054200473775E-44,4.7994472403125E-44,1.));
#1882=DIRECTION('',(7.55664748571E-75,-1.,7.45142972001459E-106));
#1883=DIRECTION('',(-1.,0.,0.));
#1884=DIRECTION('',(0.,-1.94469227433E-59,-1.));
#1885=DIRECTION('',(0.,1.89091402091994E-121,1.));
#1886=DIRECTION('',(0.707106781186548,-0.707106781186548,6.79082372984909E-44));
#1887=DIRECTION('',(-4.80054200473775E-44,4.7994472403125E-44,1.));
#1888=DIRECTION('',(0.707106781186865,0.707106781186231,3.43457725336922E-16));
#1889=DIRECTION('',(1.,7.55664748571E-75,0.));
#1890=DIRECTION('',(-7.55664748571E-75,1.,-7.45142972001459E-106));
#1891=DIRECTION('',(0.,1.89091402091994E-121,1.));
#1892=DIRECTION('',(1.,7.55664748571E-75,0.));
#1893=DIRECTION('',(0.,1.94469227433E-59,1.));
#1894=DIRECTION('',(0.,-0.707106781186548,-0.707106781186548));
#1895=DIRECTION('',(0.,1.89091402091994E-121,1.));
#1896=DIRECTION('',(-1.,0.,0.));
#1897=DIRECTION('',(0.,-1.94469227433E-59,-1.));
#1898=DIRECTION('',(-7.55664748571E-75,1.,-7.45142972001459E-106));
#1899=DIRECTION('',(-7.55664748571E-75,1.,-7.45142972001459E-106));
#1900=DIRECTION('',(-1.,-7.55664748571E-75,0.));
#1901=DIRECTION('',(7.55664748571E-75,-1.,7.45142972001459E-106));
#1902=DIRECTION('',(9.86076131526E-32,0.,-1.));
#1903=DIRECTION('',(-7.55664748571E-75,1.,-7.45142972001459E-106));
#1904=DIRECTION('',(-9.86076131526E-32,0.,1.));
#1905=DIRECTION('',(7.55664748571E-75,-1.,7.45142972001459E-106));
#1906=DIRECTION('',(0.,-1.89091402091994E-121,-1.));
#1907=DIRECTION('',(-7.55664748571E-75,1.,-7.45142972001459E-106));
#1908=DIRECTION('',(-1.,-7.55664748571E-75,0.));
#1909=DIRECTION('',(7.55664748571E-75,-1.,7.45142972001459E-106));
#1910=DIRECTION('',(9.86076131526E-32,0.,-1.));
#1911=DIRECTION('',(-7.55664748571E-75,1.,-7.45142972001459E-106));
#1912=DIRECTION('',(-9.86076131526E-32,0.,1.));
#1913=DIRECTION('',(7.55664748571E-75,-1.,7.45142972001459E-106));
#1914=DIRECTION('',(0.,-1.89091402091994E-121,-1.));
#1915=DIRECTION('',(1.,-6.84227765783602E-49,0.));
#1916=DIRECTION('',(-4.10536659470161E-48,-0.998089262596078,-0.0617885417405048));
#1917=DIRECTION('',(-1.,2.73691106313441E-48,0.));
#1918=DIRECTION('',(0.,-1.94469227433E-59,-1.));
#1919=DIRECTION('',(7.55664748571E-75,-1.,7.45142972001459E-106));
#1920=DIRECTION('',(0.,-1.89091402091994E-121,-1.));
#1921=DIRECTION('',(-7.55664748571E-75,1.,-7.45142972001459E-106));
#1922=DIRECTION('',(-9.86076131526E-32,0.,1.));
#1923=DIRECTION('',(7.55664748571E-75,-1.,7.45142972001459E-106));
#1924=DIRECTION('',(0.,-1.89091402091994E-121,-1.));
#1925=DIRECTION('',(-7.55664748571E-75,1.,-7.45142972001459E-106));
#1926=DIRECTION('',(-9.86076131526E-32,0.,1.));
#1927=DIRECTION('',(0.707106781186548,0.707106781186548,6.79082372984909E-44));
#1928=DIRECTION('',(-4.80054200473775E-44,-4.7994472403125E-44,1.));
#1929=DIRECTION('',(-0.707106781186548,0.707106781186548,-6.97261119368233E-32));
#1930=DIRECTION('',(-1.,2.73691106313441E-48,0.));
#1931=DIRECTION('',(1.3684555315672E-47,0.992364352219202,0.123340960125025));
#1932=DIRECTION('',(-7.55664748571E-75,1.,-7.45142972001459E-106));
#1933=DIRECTION('',(-1.,-7.55664748571E-75,0.));
#1934=DIRECTION('',(-1.,-7.55664748571E-75,0.));
#1935=DIRECTION('',(-1.,-7.55664748571E-75,0.));
#1936=DIRECTION('',(0.,1.89091402091994E-121,1.));
#1937=DIRECTION('',(0.577350269189626,0.577350269189626,-0.577350269189626));
#1938=DIRECTION('',(-0.408248290463863,-0.408248290463863,-0.816496580927726));
#1939=DIRECTION('',(0.707106781186548,1.76868732008334E-74,0.707106781186548));
#1940=DIRECTION('',(-0.707106781186548,-7.13665333653629E-72,-0.707106781186548));
#1941=DIRECTION('',(5.04407515096268E-72,-1.,5.04960229883794E-72));
#1942=DIRECTION('',(5.04407515096268E-72,-1.,5.04960229883794E-72));
#1943=DIRECTION('',(-0.707106781186548,-7.13665333653629E-72,-0.707106781186548));
#1944=DIRECTION('',(-0.707106781186548,7.13665333653629E-72,0.707106781186548));
#1945=DIRECTION('',(0.707106781186548,-7.13665333653629E-72,-0.707106781186548));
#1946=DIRECTION('',(5.03412628478721E-72,1.,-5.04960229883794E-72));
#1947=DIRECTION('',(0.707106781186548,-7.13665333653629E-72,-0.707106781186548));
#1948=DIRECTION('',(-0.707106781186548,-7.13665333653629E-72,-0.707106781186548));
#1949=DIRECTION('',(5.03412628478721E-72,1.,-5.04960229883794E-72));
#1950=DIRECTION('',(0.69837308116031,0.684500540267386,0.209126875088573));
#1951=DIRECTION('',(0.699978094565786,-0.714164313815842,6.90231691642371E-32));
#1952=DIRECTION('',(0.707106781186548,-7.13665333653629E-72,-0.707106781186548));
#1953=DIRECTION('',(5.03412628478721E-72,1.,-5.04960229883794E-72));
#1954=DIRECTION('',(-7.55664748571E-75,1.,-7.45142972001459E-106));
#1955=DIRECTION('',(0.707106781186548,-7.13665333653629E-72,-0.707106781186548));
#1956=DIRECTION('',(-0.707106781186548,-7.13665333653629E-72,-0.707106781186548));
#1957=DIRECTION('',(-1.,6.2172489379E-15,-2.84217094304E-14));
#1958=DIRECTION('',(-2.90903260178357E-14,-0.228713553878066,0.973493764886281));
#1959=DIRECTION('',(-0.707106781186869,-0.707106781186226,1.49158783573373E-15));
#1960=DIRECTION('',(0.707106781186876,0.589255650989712,-0.390867979983301));
#1961=DIRECTION('',(-1.,-7.55664748571E-75,0.));
#1962=DIRECTION('',(0.,-1.94469227433E-59,-1.));
#1963=DIRECTION('',(1.,5.5271478752551E-73,2.84217094304E-14));
#1964=DIRECTION('',(2.46139223857031E-14,0.50000000000019,-0.866025403784329));
#1965=DIRECTION('',(1.,0.,0.));
#1966=DIRECTION('',(0.,1.94469227433E-59,1.));
#1967=DIRECTION('',(-7.55664748571E-75,1.,-7.45142972001459E-106));
#1968=DIRECTION('',(-1.,-7.55664748571E-75,0.));
#1969=DIRECTION('',(-1.,-7.55664748571E-75,0.));
#1970=DIRECTION('',(-0.577350269189625,-4.42171830020836E-75,-0.816496580927726));
#1971=DIRECTION('',(-1.,-7.55664748571E-75,0.));
#1972=DIRECTION('',(-1.,0.,0.));
#1973=DIRECTION('',(-2.43086534291451E-63,1.,1.83697019872E-16));
#1974=DIRECTION('',(-1.,-7.55664748571E-75,0.));
#1975=DIRECTION('',(0.757252419701068,-0.461386170748041,-0.462267859903041));
#1976=DIRECTION('',(-0.643612629251823,-0.647498917549826,-0.408053838652891));
#1977=DIRECTION('',(-0.726242359617653,-0.660398868414744,-0.190906704160723));
#1978=DIRECTION('',(-0.672772372938906,0.739849534844858,-6.63404778905164E-32));
#1979=DIRECTION('',(0.707106781186548,-0.707106781186548,6.79082372984909E-44));
#1980=DIRECTION('',(4.80054200473775E-44,-4.7994472403125E-44,-1.));
#1981=DIRECTION('',(0.,-1.89091402091994E-121,-1.));
#1982=DIRECTION('',(-0.684274976301553,-0.572023003273626,-0.452280267680705));
#1983=DIRECTION('',(0.252062519258391,0.396454084685385,-0.882773269374072));
#1984=DIRECTION('',(0.252062519258391,0.396454084685385,-0.882773269374072));
#1985=DIRECTION('',(0.609088618150719,-0.789370850913054,0.0768421431771029));
#1986=DIRECTION('',(-1.,0.,0.));
#1987=DIRECTION('',(3.28429327576129E-47,-0.858480246136952,-0.512846631062971));
#1988=DIRECTION('',(1.,0.,0.));
#1989=DIRECTION('',(-1.,0.,0.));
#1990=DIRECTION('',(-1.,0.,0.));
#1991=DIRECTION('',(-2.43086534291451E-63,1.,1.83697019872E-16));
#1992=DIRECTION('',(0.707106781186548,-7.13665333653629E-72,-0.707106781186548));
#1993=DIRECTION('',(-0.707106781186548,-7.13665333653629E-72,-0.707106781186548));
#1994=DIRECTION('',(-1.,0.,0.));
#1995=DIRECTION('',(0.,-1.94469227433E-59,-1.));
#1996=DIRECTION('',(-1.,-7.55664748571E-75,0.));
#1997=DIRECTION('',(-1.,-7.55664748571E-75,0.));
#1998=DIRECTION('',(7.55664748571E-75,-1.,7.45142972001459E-106));
#1999=DIRECTION('',(0.,1.89091402091994E-121,1.));
#2000=DIRECTION('',(0.,-0.123340960125025,0.992364352219202));
#2001=DIRECTION('',(0.,-0.707106781186548,-0.707106781186548));
#2002=DIRECTION('',(-5.03412628478721E-72,-1.,5.04960229883794E-72));
#2003=DIRECTION('',(-3.29524092001383E-45,0.912228251277685,0.409682337391858));
#2004=DIRECTION('',(-6.25110486819899E-45,0.409682337391858,-0.912228251277685));
#2005=DIRECTION('',(-1.,1.71878014764841E-45,5.27019594317162E-44));
#2006=DIRECTION('',(1.,0.,0.));
#2007=DIRECTION('',(0.252062518991813,-0.396454084713631,0.882773269437503));
#2008=DIRECTION('',(0.252062519253467,-0.396454084685708,0.882773269375332));
#2009=DIRECTION('',(1.,0.,0.));
#2010=DIRECTION('',(2.73691106313441E-48,0.99234361731209,0.123507672555011));
#2011=DIRECTION('',(0.,1.89091402091994E-121,1.));
#2012=DIRECTION('',(-7.55664748571E-75,1.,-7.45142972001459E-106));
#2013=DIRECTION('',(-1.,4.7994472403125E-44,-4.80054200473775E-44));
#2014=DIRECTION('',(-7.55664748571E-75,1.,-7.45142972001459E-106));
#2015=DIRECTION('',(-1.,-4.7994472403125E-44,-4.80054200473775E-44));
#2016=DIRECTION('',(-5.04407515096268E-72,1.,-5.04960229883794E-72));
#2017=DIRECTION('',(-7.55664748571E-75,1.,-7.45142972001459E-106));
#2018=DIRECTION('',(0.,-1.89091402091994E-121,-1.));
#2019=DIRECTION('',(-4.80054200473775E-44,-4.7994472403125E-44,1.));
#2020=DIRECTION('',(-1.,-7.55664748571E-75,0.));
#2021=DIRECTION('',(-0.707106781186234,1.37510509450044E-59,0.707106781186862));
#2022=DIRECTION('',(1.97215226305252E-31,-1.,7.1054273576E-15));
#2023=DIRECTION('',(9.86076131526E-32,-7.1054273576E-15,-1.));
#2024=DIRECTION('',(0.,-1.89091402091994E-121,-1.));
#2025=DIRECTION('',(-7.55664748571E-75,1.,-7.45142972001459E-106));
#2026=DIRECTION('',(-9.86076131526E-32,0.,1.));
#2027=DIRECTION('',(0.707106781186548,-7.13665333653629E-72,-0.707106781186548));
#2028=DIRECTION('',(-5.03412628478721E-72,-1.,5.04960229883794E-72));
#2029=DIRECTION('',(-0.707106781186548,-1.76868732008334E-74,-0.707106781186548));
#2030=DIRECTION('',(-0.707106781186548,-0.707106781186548,-6.79082372984909E-44));
#2031=DIRECTION('',(-4.80054200473775E-44,-4.7994472403125E-44,1.));
#2032=DIRECTION('',(-0.706430264477931,0.706430264477931,0.0437328578906023));
#2033=DIRECTION('',(0.707106781186548,-0.707106781186548,6.97261119368233E-32));
#2034=DIRECTION('',(0.684274976301553,-0.572023003273626,-0.452280267680705));
#2035=DIRECTION('',(0.252062519258391,-0.396454084685385,0.882773269374072));
#2036=DIRECTION('',(0.252062519258391,-0.396454084685385,0.882773269374072));
#2037=DIRECTION('',(0.60908861815072,0.789370850913051,-0.076842143177119));
#2038=DIRECTION('',(-0.678629389324762,0.677205778857762,0.2843492307469));
#2039=DIRECTION('',(-0.280934696841877,0.118373635602876,-0.952398749739058));
#2040=DIRECTION('',(-0.280934696841877,0.118373635602876,-0.952398749739058));
#2041=DIRECTION('',(0.717073010291342,0.629403295698544,0.299429105591833));
#2042=DIRECTION('',(0.659669906394744,-0.751555463420465,6.50484749381848E-32));
#2043=DIRECTION('',(-0.95782628522101,0.0278405838435003,0.285995995131003));
#2044=DIRECTION('',(0.19460336237129,0.795150158009147,0.574339409732448));
#2045=DIRECTION('',(1.97215226305252E-31,-1.,7.1054273576E-15));
#2046=DIRECTION('',(-0.130526192219976,-7.04463944155749E-15,-0.99144486137382));
#2047=DIRECTION('',(-0.499999999999773,-0.707106781186868,-0.499999999999774));
#2048=DIRECTION('',(1.97215226305252E-31,-1.,7.1054273576E-15));
#2049=DIRECTION('',(9.86076131526E-32,-7.1054273576E-15,-1.));
#2050=DIRECTION('',(-0.707106781186548,-0.707106781186548,-1.09476442525376E-47));
#2051=DIRECTION('',(0.707106781186548,-0.707106781186548,6.79082372984909E-44));
#2052=DIRECTION('',(-4.80054200473775E-44,4.7994472403125E-44,1.));
#2053=DIRECTION('',(-4.80054200473775E-44,4.7994472403125E-44,1.));
#2054=DIRECTION('',(0.,-1.,1.94469227433E-59));
#2055=DIRECTION('',(-1.,-1.91761463487983E-90,-9.86076131526E-32));
#2056=DIRECTION('',(-0.577350269189626,-0.577350269189626,0.577350269189626));
#2057=DIRECTION('',(-0.408248290463863,-0.408248290463863,-0.816496580927726));
#2058=DIRECTION('',(1.09476442525376E-47,-0.707106781186548,-0.707106781186548));
#2059=DIRECTION('',(-6.79082372984909E-44,-0.707106781186548,0.707106781186548));
#2060=DIRECTION('',(-1.,4.7994472403125E-44,-4.80054200473775E-44));
#2061=DIRECTION('',(0.281084637731639,0.678598344542364,0.678598344542364));
#2062=DIRECTION('',(0.677548095503759,-0.707106781186748,-0.202308127070928));
#2063=DIRECTION('',(0.286106897082013,-7.75490782700672E-14,0.95819770582177));
#2064=DIRECTION('',(0.286106897082013,-7.75490782700672E-14,0.95819770582177));
#2065=DIRECTION('',(-0.49999999999984,0.707106781186774,-0.49999999999984));
#2066=DIRECTION('',(0.707106781186548,-1.37510509449983E-59,-0.707106781186548));
#2067=DIRECTION('',(0.707106781186548,-1.37510509449983E-59,-0.707106781186548));
#2068=DIRECTION('',(-1.,0.,0.));
#2069=DIRECTION('',(1.64214663788064E-47,-0.88043478260863,-0.474167263286801));
#2070=DIRECTION('',(-1.,0.,0.));
#2071=DIRECTION('',(-1.,0.,0.));
#2072=DIRECTION('',(1.,0.,0.));
#2073=DIRECTION('',(1.3684555315672E-48,-0.995296414213877,0.096876456649688));
#2074=DIRECTION('',(1.,0.,0.));
#2075=DIRECTION('',(1.,0.,0.));
#2076=DIRECTION('',(3.3882958961604E-45,-0.995295283161201,0.0968880762378196));
#2077=DIRECTION('',(5.25049018351705E-44,0.0968880762378196,0.995295283161201));
#2078=DIRECTION('',(-1.,1.71330632552214E-45,5.25924829891908E-44));
#2079=DIRECTION('',(0.287347885566247,0.0928019461452492,0.953319983768442));
#2080=DIRECTION('',(1.,0.,0.));
#2081=DIRECTION('',(1.09476442525376E-47,0.928283444548799,0.371873428166919));
#2082=DIRECTION('',(-1.,-7.55664748571E-75,0.));
#2083=DIRECTION('',(-1.,-7.55664748571E-75,0.));
#2084=DIRECTION('',(7.55664748571E-75,-1.,7.45142972001459E-106));
#2085=DIRECTION('',(1.,7.55664748571E-75,0.));
#2086=DIRECTION('',(7.55664748571E-75,-1.,7.45142972001459E-106));
#2087=DIRECTION('',(0.,-1.89091402091994E-121,-1.));
#2088=DIRECTION('',(0.286106897082087,3.31628872515627E-74,0.958197705821748));
#2089=DIRECTION('',(-6.79082372984909E-44,0.707106781186548,0.707106781186548));
#2090=DIRECTION('',(-1.,-4.7994472403125E-44,-4.80054200473775E-44));
#2091=DIRECTION('',(-0.577350269189626,-0.577350269189626,0.577350269189626));
#2092=DIRECTION('',(-1.,0.,0.));
#2093=DIRECTION('',(-1.,0.,0.));
#2094=DIRECTION('',(-1.64214663788064E-47,0.88043478260863,0.474167263286801));
#2095=DIRECTION('',(-0.95782628522101,0.0278405838435003,0.285995995131003));
#2096=DIRECTION('',(0.287347885566816,0.0928019461451275,0.953319983768282));
#2097=DIRECTION('',(-8.43006220385689E-14,0.995295283161198,-0.0968880762378432));
#2098=DIRECTION('',(6.90419943439139E-16,0.995295283161201,-0.0968880762378196));
#2099=DIRECTION('',(0.286106897082525,-1.13416036875079E-12,0.958197705821617));
#2100=DIRECTION('',(0.287347885566816,0.0928019461451275,0.953319983768282));
#2101=DIRECTION('',(6.90419943439139E-16,0.995295283161201,-0.0968880762378196));
#2102=DIRECTION('',(-1.,6.9907109419392E-16,5.53444697699111E-17));
#2103=DIRECTION('',(9.55390194129159E-33,0.995295283160674,-0.0968880762432254));
#2104=DIRECTION('',(5.25049018351705E-44,0.0968880762378196,0.995295283161201));
#2105=DIRECTION('',(-3.3882958961604E-45,0.995295283161201,-0.0968880762378196));
#2106=DIRECTION('',(-0.722171101920844,0.688460143214345,-0.0670188835755798));
#2107=DIRECTION('',(-1.,-7.55664748571E-75,0.));
#2108=DIRECTION('',(7.55664748571E-75,-1.,7.45142972001459E-106));
#2109=DIRECTION('',(7.55664748571E-75,-1.,7.45142972001459E-106));
#2110=DIRECTION('',(-1.,-7.55664748571E-75,0.));
#2111=DIRECTION('',(1.0263416486754E-48,-0.999592573493194,0.0285427226671322));
#2112=DIRECTION('',(-5.52714787526044E-75,1.,-5.45018859520897E-106));
#2113=DIRECTION('',(-0.707106781186548,-1.76868732008334E-74,-0.707106781186548));
#2114=DIRECTION('',(-5.52714787526044E-75,1.,-5.45018859520897E-106));
#2115=DIRECTION('',(0.707106781186548,7.13665333653629E-72,0.707106781186548));
#2116=DIRECTION('',(-5.04407515096268E-72,1.,-5.04960229883794E-72));
#2117=DIRECTION('',(-0.999979160057533,-0.00645333207914482,0.000184270744599717));
#2118=DIRECTION('',(-0.00645333218870855,0.999979177035033,-6.36347684009394E-34));
#2119=DIRECTION('',(0.0870676000760629,0.975946992557422,0.199866707420516));
#2120=DIRECTION('',(-9.66026612202745E-32,-0.20062861351022,0.979667371836465));
#2121=DIRECTION('',(0.84426104777528,-0.535017901050329,0.0312910333016658));
#2122=DIRECTION('',(-0.535280019260029,-0.844674671681934,-5.27826850675092E-32));
#2123=DIRECTION('',(-0.677285461478939,-0.684093778377938,0.270739923272975));
#2124=DIRECTION('',(0.287347885566247,0.0928019461452492,0.953319983768442));
#2125=DIRECTION('',(0.677548095503759,0.707106781186748,-0.202308127070928));
#2126=DIRECTION('',(-0.286106897082013,-7.75490782700672E-14,-0.95819770582177));
#2127=DIRECTION('',(0.724942478810607,-0.669677271365668,-0.161216483748302));
#2128=DIRECTION('',(-0.678553382506757,-0.734551092224794,-6.69105294456145E-32));
#2129=DIRECTION('',(0.,0.707106781186548,-0.707106781186548));
#2130=DIRECTION('',(-6.97261119368233E-32,0.707106781186548,0.707106781186548));
#2131=DIRECTION('',(0.,-0.707106781186548,-0.707106781186548));
#2132=DIRECTION('',(-0.707106781186548,-0.5,0.5));
#2133=DIRECTION('',(0.,0.707106781186548,0.707106781186548));
#2134=DIRECTION('',(1.09476442525376E-47,0.707106781186548,-0.707106781186548));
#2135=DIRECTION('',(-6.97261119368233E-32,0.707106781186548,0.707106781186548));
#2136=DIRECTION('',(0.619377814223353,-0.555144631266439,-0.555144631266439));
#2137=DIRECTION('',(-0.619377814223352,-0.55514463126644,-0.55514463126644));
#2138=DIRECTION('',(-0.707106781186542,-0.701707562861999,-0.0872152293024655));
#2139=DIRECTION('',(0.,-0.123340960125025,0.992364352219202));
#2140=DIRECTION('',(-0.707106781186543,0.701707562861998,0.0872152293024653));
#2141=DIRECTION('',(0.,-0.123340960125025,0.992364352219202));
#2142=DIRECTION('',(-7.55664748571E-75,1.,-7.45142972001459E-106));
#2143=DIRECTION('',(-9.86076131526E-32,0.,1.));
#2144=DIRECTION('',(-7.55664748571E-75,1.,-7.45142972001459E-106));
#2145=DIRECTION('',(-9.86076131526E-32,0.,1.));
#2146=CARTESIAN_POINT('',(0.,0.,0.));
#2147=CARTESIAN_POINT('',(0.01,0.0068647316076,0.0425));
#2148=CARTESIAN_POINT('',(-0.00584578467258754,0.00607430078761853,0.0488595691800185));
#2149=CARTESIAN_POINT('',(-0.00535,0.00607430078761853,0.0488595691800185));
#2150=CARTESIAN_POINT('',(-0.0107,0.00607430078761853,0.0488595691800185));
#2151=CARTESIAN_POINT('',(-0.0107,0.0068647316076,0.0425));
#2152=CARTESIAN_POINT('',(-0.0107,0.0068647316076,0.0425));
#2153=CARTESIAN_POINT('',(0.01,0.0068647316076,0.0425));
#2154=CARTESIAN_POINT('',(-0.0153767141397118,0.00686463432628625,0.0424999118299368));
#2155=CARTESIAN_POINT('',(-0.0153770006754,0.0068647316076,0.0425));
#2156=CARTESIAN_POINT('',(-0.0079196844282023,0.00372254359755085,0.0677811018008852));
#2157=CARTESIAN_POINT('',(-0.0079196844282,0.0037225435975519,0.0677811018009065));
#2158=CARTESIAN_POINT('',(-0.00772311921610085,0.00363977134376425,0.0684478292692849));
#2159=CARTESIAN_POINT('',(0.01,0.00363968084394935,0.0684477906504061));
#2160=CARTESIAN_POINT('',(-0.0025,0.00363968084393565,0.0684477906504044));
#2161=CARTESIAN_POINT('',(-1.7347234759768E-18,0.00363968084392195,0.0684477906504028));
#2162=CARTESIAN_POINT('',(0.0077231193586656,0.00363977186518205,0.0684478294913806));
#2163=CARTESIAN_POINT('',(0.00815551581680132,0.0038219126650772,0.0669816081030035));
#2164=CARTESIAN_POINT('',(0.00944568261175931,0.00436553604789995,0.0626078007999987));
#2165=CARTESIAN_POINT('',(0.00899604475285251,0.0043957778131981,0.0623644613302605));
#2166=CARTESIAN_POINT('',(0.00950001082322805,0.00438429284553625,0.0624568235110726));
#2167=CARTESIAN_POINT('',(0.00949999999997104,0.0068647316076,0.0425));
#2168=CARTESIAN_POINT('',(0.00949999999996893,0.00607430078761853,0.0488595691800185));
#2169=CARTESIAN_POINT('',(0.01,0.00607430078761853,0.0488595691800185));
#2170=CARTESIAN_POINT('',(0.00585,0.00607430078761853,0.0488595691800185));
#2171=CARTESIAN_POINT('',(0.00585,0.0068647316076,0.0425));
#2172=CARTESIAN_POINT('',(0.00585,0.00684202148049014,0.04265));
#2173=CARTESIAN_POINT('',(0.006,0.0068460881084,0.04265));
#2174=CARTESIAN_POINT('',(-0.00535,0.0068460881084,0.04265));
#2175=CARTESIAN_POINT('',(-0.00535,0.00607430078761853,0.0488595691800185));
#2176=CARTESIAN_POINT('',(0.006,-0.0021352683924,0.04265));
#2177=CARTESIAN_POINT('',(-0.00585,-0.0021352683924,0.04265));
#2178=CARTESIAN_POINT('',(-0.00585,0.00634224090863521,0.04265));
#2179=CARTESIAN_POINT('',(-0.00585,0.00631760630953552,0.04265));
#2180=CARTESIAN_POINT('',(-0.00308294565325703,0.00913058607697488,0.04265));
#2181=CARTESIAN_POINT('',(0.006,0.0068420214805,0.04265));
#2182=CARTESIAN_POINT('',(-0.00534999999999476,0.00684202148049505,0.04265));
#2183=CARTESIAN_POINT('',(-0.0058500000000104,0.006317606309524,0.04265));
#2184=CARTESIAN_POINT('',(-0.00568781731328827,0.00649666542458324,0.04265));
#2185=CARTESIAN_POINT('',(-0.00551882444804087,0.00666927391323834,0.04265));
#2186=CARTESIAN_POINT('',(-0.0053499999999972,0.0068420214804921,0.04265));
#2187=CARTESIAN_POINT('',(0.01,-0.0021352683924,-0.0215));
#2188=CARTESIAN_POINT('',(0.01,-0.000135268392399999,-0.0025));
#2189=CARTESIAN_POINT('',(0.01,-0.000135268392399999,0.0433571067811866));
#2190=CARTESIAN_POINT('',(0.01,-0.000135268392399999,0.002));
#2191=CARTESIAN_POINT('',(0.01,-0.0335638217829933,0.00992855339059327));
#2192=CARTESIAN_POINT('',(0.01,0.00554798328891502,0.0490403584625016));
#2193=CARTESIAN_POINT('',(0.01,0.0062800959113,0.04315));
#2194=CARTESIAN_POINT('',(0.00999999962825768,0.0038881513498357,0.0623951773869551));
#2195=CARTESIAN_POINT('',(0.01,-0.0021352683923922,0.0629815243712802));
#2196=CARTESIAN_POINT('',(0.00999999993745551,-0.0044754724814114,0.0632093339381376));
#2197=CARTESIAN_POINT('',(0.00999999999999118,-0.0236352683924,0.0559187768303006));
#2198=CARTESIAN_POINT('',(0.00999999999999565,-0.00655193505906088,0.0445869754633076));
#2199=CARTESIAN_POINT('',(0.01,-0.0061352683924,0.0443105900641));
#2200=CARTESIAN_POINT('',(0.01,-0.00663526839239978,0.0443105900641));
#2201=CARTESIAN_POINT('',(0.01,-0.0066352683924,0.0146317912142));
#2202=CARTESIAN_POINT('',(0.01,-0.0066352683924,0.0428697552485));
#2203=CARTESIAN_POINT('',(0.01,-0.0061352683924,0.0428697552485));
#2204=CARTESIAN_POINT('',(0.01,-0.00657548578372968,0.0426326716168543));
#2205=CARTESIAN_POINT('',(0.01,-0.0466352683924,0.0210580611373));
#2206=CARTESIAN_POINT('',(0.0100001106810972,-0.00604449791876288,0.000499932434280953));
#2207=CARTESIAN_POINT('',(0.01,0.000146141498799997,0.0005));
#2208=CARTESIAN_POINT('',(0.01,-0.000812392736867701,0.0005));
#2209=CARTESIAN_POINT('',(0.01,-0.0021352683924,0.002));
#2210=CARTESIAN_POINT('',(0.0095,0.0088597483934,0.0264486936187));
#2211=CARTESIAN_POINT('',(0.00457081788305875,0.0112629303926491,0.0470772825838639));
#2212=CARTESIAN_POINT('',(0.00950001057546444,0.00438428768560108,0.0624568217068798));
#2213=CARTESIAN_POINT('',(0.00966666729811201,0.00421890269444639,0.0624362725476136));
#2214=CARTESIAN_POINT('',(0.00983332402075959,0.00405351770329169,0.0624157233883473));
#2215=CARTESIAN_POINT('',(0.00999998074340716,0.003888132712137,0.062395174229081));
#2216=CARTESIAN_POINT('',(0.0105,-0.0061352683924,0.0428697552485));
#2217=CARTESIAN_POINT('',(0.00950000000000009,-0.00701570317500028,0.0423955879851998));
#2218=CARTESIAN_POINT('',(0.00966666666666673,-0.00686896404457387,0.0424746158624294));
#2219=CARTESIAN_POINT('',(0.00983333333333337,-0.00672222491414398,0.0425536437396526));
#2220=CARTESIAN_POINT('',(0.01,-0.00657548578371061,0.0426326716168693));
#2221=CARTESIAN_POINT('',(0.00950000000007238,-0.00701570317500908,0.0423955879852013));
#2222=CARTESIAN_POINT('',(0.0095,-0.0071352683924,0.0428697552485));
#2223=CARTESIAN_POINT('',(0.0095,-0.0071352683924,0.0428697552485));
#2224=CARTESIAN_POINT('',(0.0095,-0.0061352683924,0.0428697552485));
#2225=CARTESIAN_POINT('',(0.0065,-0.0059513731567,0.0734740080031));
#2226=CARTESIAN_POINT('',(0.00851605411702,-0.00660247850668868,0.0667854441588989));
#2227=CARTESIAN_POINT('',(0.00851605915830693,-0.0066024834730401,0.0667854454052186));
#2228=CARTESIAN_POINT('',(0.00347798467455724,-0.0049753823192431,0.0835000000000028));
#2229=CARTESIAN_POINT('',(0.00851605411699908,-0.00660247850667887,0.0667854441588916));
#2230=CARTESIAN_POINT('',(0.00865904194034355,-0.00642657860918337,0.0668722006715268));
#2231=CARTESIAN_POINT('',(0.008802029763688,-0.00625067871168788,0.0669589571841619));
#2232=CARTESIAN_POINT('',(0.00894501758703247,-0.00607477881419239,0.067045713696797));
#2233=CARTESIAN_POINT('',(0.00894506028950519,-0.00607482184159234,0.0670457307259735));
#2234=CARTESIAN_POINT('',(0.00697891314262131,-0.0054398052231857,0.0735685619625483));
#2235=CARTESIAN_POINT('',(0.0039999999999853,-0.00447773467761848,0.0834515559619278));
#2236=CARTESIAN_POINT('',(0.00399999999994212,-0.00447773467764156,0.083451555961977));
#2237=CARTESIAN_POINT('',(0.004,-0.0049753823192,0.0835));
#2238=CARTESIAN_POINT('',(0.00995782628522688,-0.00689952341031336,0.0637340120014349));
#2239=CARTESIAN_POINT('',(0.00995782626720368,-0.00465726187513692,0.0635157367312532));
#2240=CARTESIAN_POINT('',(0.00995781154136712,0.0038174650209584,0.0626907474602628));
#2241=CARTESIAN_POINT('',(0.00995782628524472,0.00381748316980075,0.0626907536155074));
#2242=CARTESIAN_POINT('',(0.00843179525736978,0.00317446065328165,0.0678640333637394));
#2243=CARTESIAN_POINT('',(0.00954643265267789,-0.0035007816176359,0.0647809521127794));
#2244=CARTESIAN_POINT('',(0.00816786262037078,0.00290094796414505,0.0687748816025363));
#2245=CARTESIAN_POINT('',(0.00816782353305798,0.00290091434709995,0.0687748580345994));
#2246=CARTESIAN_POINT('',(0.004,-0.00365440640737938,0.0833714081971026));
#2247=CARTESIAN_POINT('',(0.004,-0.0049753823192,0.0835));
#2248=CARTESIAN_POINT('',(0.00894501762039304,-0.00607495628171282,0.0670457308608728));
#2249=CARTESIAN_POINT('',(0.00904957757372572,-0.00610849001486722,0.0666988145590253));
#2250=CARTESIAN_POINT('',(0.00914694128781185,-0.00607896793375259,0.0663698608738177));
#2251=CARTESIAN_POINT('',(0.00923439413526947,-0.00590118531824506,0.0660596669923102));
#2252=CARTESIAN_POINT('',(0.0092343725805377,-0.00590129308234598,0.0660595991521379));
#2253=CARTESIAN_POINT('',(0.0126049057184461,-0.0346716238542302,0.0575722097409552));
#2254=CARTESIAN_POINT('',(-1.7347234759768E-18,0.0026473164917,0.0683244496903));
#2255=CARTESIAN_POINT('',(0.01,0.003559544743184,0.0687341320277826));
#2256=CARTESIAN_POINT('',(0.00764410134285039,0.00355949720744335,0.0687340989880371));
#2257=CARTESIAN_POINT('',(-0.0025,0.00355954461554245,0.0687341323118458));
#2258=CARTESIAN_POINT('',(0.00764415661522,0.00355954474297804,0.0687341320276911));
#2259=CARTESIAN_POINT('',(0.00767005543031941,0.00360027944269833,0.0686434292062592));
#2260=CARTESIAN_POINT('',(0.00769416182343653,0.00362751816455182,0.0685456476523877));
#2261=CARTESIAN_POINT('',(0.00772302717432434,0.00363968080282463,0.0684477909810592));
#2262=CARTESIAN_POINT('',(-0.0025,0.00363968084392197,0.0684477906504028));
#2263=CARTESIAN_POINT('',(-0.0025,0.00362741047586755,0.0685465143496159));
#2264=CARTESIAN_POINT('',(-0.0025,0.0036003013015535,0.0686433805337551));
#2265=CARTESIAN_POINT('',(-0.0025,0.00355954474297804,0.0687341320276911));
#2266=CARTESIAN_POINT('',(-0.0355,-0.0466352683924,0.0210580611373));
#2267=CARTESIAN_POINT('',(0.0100002213621943,-0.00604456535562577,0.000499864868536331));
#2268=CARTESIAN_POINT('',(0.00983289022399417,-0.00626074047440408,0.000441518395919911));
#2269=CARTESIAN_POINT('',(0.00966622116748408,-0.00647723698749282,0.000384577277013745));
#2270=CARTESIAN_POINT('',(0.00950022135729223,-0.00669403407533896,0.000329032468528845));
#2271=CARTESIAN_POINT('',(0.00950011067864611,-0.00669396663996948,0.000329100032771451));
#2272=CARTESIAN_POINT('',(0.00950000000015173,-0.0466352683924,0.0210580611373));
#2273=CARTESIAN_POINT('',(0.009,-0.0021352683924,0.0629815243712));
#2274=CARTESIAN_POINT('',(0.00999999986942169,0.00388960540198485,0.0623955400843884));
#2275=CARTESIAN_POINT('',(0.00999995015013981,0.00386465363577604,0.0624957202934309));
#2276=CARTESIAN_POINT('',(0.00998601207865306,0.00383983063001528,0.0625939557542159));
#2277=CARTESIAN_POINT('',(0.00995801536585353,0.0038155030147203,0.0626903123691328));
#2278=CARTESIAN_POINT('',(0.00999999946035831,-0.00447405284990089,0.0632102396240253));
#2279=CARTESIAN_POINT('',(0.00999990099047366,-0.00453883138735217,0.0633117777038748));
#2280=CARTESIAN_POINT('',(0.00998640951216945,-0.00459816359122879,0.0634146790326274));
#2281=CARTESIAN_POINT('',(0.00995747671041474,-0.00465533318712276,0.0635167171014254));
#2282=CARTESIAN_POINT('',(0.00815551581678,0.0038219126651,0.066981608103));
#2283=CARTESIAN_POINT('',(0.00995782628522749,0.00381748316980747,0.0626907536155032));
#2284=CARTESIAN_POINT('',(0.00978711205479525,0.00400016648964189,0.0626631027373036));
#2285=CARTESIAN_POINT('',(0.00961639782436301,0.00418284980947632,0.0626354518591041));
#2286=CARTESIAN_POINT('',(0.00944568359393077,0.00436553312931074,0.0626078009809045));
#2287=CARTESIAN_POINT('',(0.00772302744334359,0.00363968073141071,0.0684477905092155));
#2288=CARTESIAN_POINT('',(0.00795929405246482,0.00348461838818287,0.0682532116471475));
#2289=CARTESIAN_POINT('',(0.00819556066158604,0.00332955604495504,0.0680586327850795));
#2290=CARTESIAN_POINT('',(0.00843182727070726,0.0031744937017272,0.0678640539230114));
#2291=CARTESIAN_POINT('',(0.0046680244286108,0.0007811598011437,0.0668181163716253));
#2292=CARTESIAN_POINT('',(0.00816782418832158,0.00290091676773925,0.0687748539817201));
#2293=CARTESIAN_POINT('',(0.00799326802235672,0.00312045828739872,0.0687612819036777));
#2294=CARTESIAN_POINT('',(0.00781871185639187,0.0033399998070582,0.0687477098256354));
#2295=CARTESIAN_POINT('',(0.00764415569042701,0.00355954132671767,0.068734137747593));
#2296=CARTESIAN_POINT('',(0.00904904258700022,0.0044335663714007,0.0623950336279247));
#2297=CARTESIAN_POINT('',(-0.00525,0.0063647316076,0.));
#2298=CARTESIAN_POINT('',(-0.00535,0.0063647316076,0.));
#2299=CARTESIAN_POINT('',(-0.00535,0.0063647316076,0.));
#2300=CARTESIAN_POINT('',(-0.00535000000003335,0.0068647316076,0.000499999999991653));
#2301=CARTESIAN_POINT('',(-0.00525,0.0068647316076,0.0005));
#2302=CARTESIAN_POINT('',(0.00535000000002917,0.0068647316076,0.000499999999970854));
#2303=CARTESIAN_POINT('',(0.00535000000002333,0.00636473160762335,-2.33493779866478E-14));
#2304=CARTESIAN_POINT('',(0.00535000000000583,0.00636473160762335,0.));
#2305=CARTESIAN_POINT('',(0.01,0.0063647316076,0.));
#2306=CARTESIAN_POINT('',(0.01,0.0068647316076,-0.010506));
#2307=CARTESIAN_POINT('',(-1.7347234759768E-18,0.0068647316076,0.0055));
#2308=CARTESIAN_POINT('',(-1.73472347597681E-18,0.0068647316076,0.00735));
#2309=CARTESIAN_POINT('',(-1.7347234759768E-18,0.0068647316076,0.0375));
#2310=CARTESIAN_POINT('',(-1.73472347597681E-18,0.0068647316076,0.03935));
#2311=CARTESIAN_POINT('',(-0.00535,0.0068647316076,-0.010506));
#2312=CARTESIAN_POINT('',(-0.00534999999999955,0.00686473160759955,0.0424380931706));
#2313=CARTESIAN_POINT('',(-1.7347234759768E-18,0.0068647316076,0.0424380931706));
#2314=CARTESIAN_POINT('',(0.00572600569118314,0.0068647316076,0.0424380931706));
#2315=CARTESIAN_POINT('',(0.00572600569118326,0.00686473160760001,0.0424380931705998));
#2316=CARTESIAN_POINT('',(0.00559984694426696,0.00686473160760001,0.0423459961070024));
#2317=CARTESIAN_POINT('',(0.00547457764087154,0.00686473160760001,0.0422526882890215));
#2318=CARTESIAN_POINT('',(0.00535,0.00686473160760001,0.0421584639278765));
#2319=CARTESIAN_POINT('',(0.00535,0.0068647316076,0.0421584639278765));
#2320=CARTESIAN_POINT('',(0.00535,0.0068647316076,0.020075));
#2321=CARTESIAN_POINT('',(-0.0055166666667,0.0065313982743,0.000333333333300004));
#2322=CARTESIAN_POINT('',(-0.00535,0.0063647316076,0.));
#2323=CARTESIAN_POINT('',(-0.00585,0.00636473160763335,0.000499999999991653));
#2324=CARTESIAN_POINT('',(-0.00560000000003335,0.00661473160763335,0.000499999999966652));
#2325=CARTESIAN_POINT('',(-0.00585,0.0068647316076,-0.0025));
#2326=CARTESIAN_POINT('',(-0.00585,0.00296951619760926,0.0457547845900093));
#2327=CARTESIAN_POINT('',(-0.00585,-0.000135268392399999,0.04265));
#2328=CARTESIAN_POINT('',(-0.00585,0.00562615377741076,0.0484114221698108));
#2329=CARTESIAN_POINT('',(-0.00585,0.00634986625740236,0.0425886487320831));
#2330=CARTESIAN_POINT('',(-0.00585,0.0058647316076,0.0424380931706));
#2331=CARTESIAN_POINT('',(-0.00585,0.0063647316076,0.0424380931706));
#2332=CARTESIAN_POINT('',(-0.00585,0.0063647316076,0.020325));
#2333=CARTESIAN_POINT('',(-0.00585,0.0068647316076,0.0005));
#2334=CARTESIAN_POINT('',(-0.00585,-0.000812392736867701,0.0005));
#2335=CARTESIAN_POINT('',(-0.00585,-0.0021352683924,0.002));
#2336=CARTESIAN_POINT('',(-0.00585,-0.000135268392399999,0.002));
#2337=CARTESIAN_POINT('',(-0.00585,-0.000135268392399999,-0.0025));
#2338=CARTESIAN_POINT('',(-0.00535,0.0068647316076,0.020325));
#2339=CARTESIAN_POINT('',(-0.00635,0.0058647316076,0.0424380931706));
#2340=CARTESIAN_POINT('',(0.00585,-0.000135268392399999,-0.0025));
#2341=CARTESIAN_POINT('',(0.00585,0.0063647316076,-0.0025));
#2342=CARTESIAN_POINT('',(0.00585,0.00636473160762335,0.000499999999994151));
#2343=CARTESIAN_POINT('',(0.00585,0.00636473160760001,0.042227190585428));
#2344=CARTESIAN_POINT('',(0.00585,0.00636473160760001,0.042227190585428));
#2345=CARTESIAN_POINT('',(0.00585,0.00653446814595746,0.0423192090917247));
#2346=CARTESIAN_POINT('',(0.00585,0.00669892652679502,0.0424204688745375));
#2347=CARTESIAN_POINT('',(0.00585,0.00686090464715894,0.0425254961183099));
#2348=CARTESIAN_POINT('',(0.00585,0.00686090464715272,0.0425254961183094));
#2349=CARTESIAN_POINT('',(0.00585,0.0058647316076,0.0424380931706));
#2350=CARTESIAN_POINT('',(0.00585,0.00349820985671279,0.0462834782491128));
#2351=CARTESIAN_POINT('',(0.00585,-0.000135268392400002,0.04265));
#2352=CARTESIAN_POINT('',(0.00585,-0.000135268392399999,-0.0025));
#2353=CARTESIAN_POINT('',(0.00585,-0.000135268392399999,0.002));
#2354=CARTESIAN_POINT('',(0.00585,-0.0021352683924,0.002));
#2355=CARTESIAN_POINT('',(0.00585,-0.000812392736867701,0.0005));
#2356=CARTESIAN_POINT('',(0.00585,-0.000135268392399999,0.0005));
#2357=CARTESIAN_POINT('',(-0.006,-0.000135268392399999,-0.0025));
#2358=CARTESIAN_POINT('',(-1.7347234759768E-18,-0.000135268392399999,0.0055));
#2359=CARTESIAN_POINT('',(-1.7347234759768E-18,-0.000135268392399999,0.00275));
#2360=CARTESIAN_POINT('',(-1.7347234759768E-18,-0.000135268392399999,0.0055));
#2361=CARTESIAN_POINT('',(-1.73472347597681E-18,-0.000135268392399999,0.00685));
#2362=CARTESIAN_POINT('',(-1.7347234759768E-18,-0.0036352683924,0.0055));
#2363=CARTESIAN_POINT('',(-1.7347234759768E-18,-0.0052045209184,0.00275));
#2364=CARTESIAN_POINT('',(0.000744962986927183,-0.0052045209184,0.00275));
#2365=CARTESIAN_POINT('',(0.00219056836960377,-0.00484877867526135,0.00339793170450776));
#2366=CARTESIAN_POINT('',(0.00302250381986325,-0.00386394989998098,0.005456345374531));
#2367=CARTESIAN_POINT('',(0.0022184510189088,-0.0030394132506286,0.00759820703585585));
#2368=CARTESIAN_POINT('',(0.000744963423198911,-0.00283159698327951,0.00825));
#2369=CARTESIAN_POINT('',(-7.50417224164964E-18,-0.0028315969532,0.00825));
#2370=CARTESIAN_POINT('',(-1.7347234759768E-18,-0.00520452091840008,0.00275));
#2371=CARTESIAN_POINT('',(1.29999656872659E-12,-0.00283159695615,0.0082499999821));
#2372=CARTESIAN_POINT('',(-7.50417224164964E-18,-0.00283159695615,0.00825));
#2373=CARTESIAN_POINT('',(-0.000744960644812681,-0.00283159696877203,0.00825));
#2374=CARTESIAN_POINT('',(-0.00221850485771313,-0.00303937137316717,0.00759819120976372));
#2375=CARTESIAN_POINT('',(-0.00302246570015068,-0.00386402754019245,0.0054562484822008));
#2376=CARTESIAN_POINT('',(-0.00219066386927946,-0.00484874885397298,0.00339804503339689));
#2377=CARTESIAN_POINT('',(-0.000744960644896286,-0.0052045209184,0.00275));
#2378=CARTESIAN_POINT('',(9.80417405536887E-18,-0.0052045209184,0.00275));
#2379=CARTESIAN_POINT('',(-0.006,-0.000135268392399999,-0.0025));
#2380=CARTESIAN_POINT('',(-1.7347234759768E-18,-0.000135268392399999,0.0375));
#2381=CARTESIAN_POINT('',(-1.7347234759768E-18,-0.000135268392399999,0.03475));
#2382=CARTESIAN_POINT('',(-1.7347234759768E-18,-0.000135268392399999,0.0375));
#2383=CARTESIAN_POINT('',(-1.73472347597681E-18,-0.000135268392399999,0.03885));
#2384=CARTESIAN_POINT('',(-1.7347234759768E-18,-0.0036352683924,0.0375));
#2385=CARTESIAN_POINT('',(-1.7347234759768E-18,-0.0030896285528,0.03475));
#2386=CARTESIAN_POINT('',(0.00074850674357815,-0.0030896285528,0.03475));
#2387=CARTESIAN_POINT('',(0.00222644951816061,-0.00331711973288232,0.0354097695119435));
#2388=CARTESIAN_POINT('',(0.00301904484736727,-0.00419826236744281,0.0375469217185089));
#2389=CARTESIAN_POINT('',(0.00219625140378312,-0.00523736875091071,0.0395947634612665));
#2390=CARTESIAN_POINT('',(0.00074849386615913,-0.00561725363750206,0.04025));
#2391=CARTESIAN_POINT('',(-7.50417224164964E-18,-0.00561725353,0.04025));
#2392=CARTESIAN_POINT('',(-2.2811613709095E-15,-0.0030896285528,0.03475));
#2393=CARTESIAN_POINT('',(-2.10000246358977E-12,-0.00561725352825004,0.0402500000145));
#2394=CARTESIAN_POINT('',(-7.50417224164964E-18,-0.0056172535265,0.04025));
#2395=CARTESIAN_POINT('',(-0.000748486877646733,-0.00561725350330129,0.04025));
#2396=CARTESIAN_POINT('',(-0.00219607244922249,-0.00523748611104475,0.0395949777850034));
#2397=CARTESIAN_POINT('',(-0.00301913098765835,-0.00419816028564226,0.0375467378031183));
#2398=CARTESIAN_POINT('',(-0.00222629109832451,-0.00331709526786308,0.03540967299204));
#2399=CARTESIAN_POINT('',(-0.000748486877591561,-0.0030896285528,0.03475));
#2400=CARTESIAN_POINT('',(9.80417405536887E-18,-0.0030896285528,0.03475));
#2401=CARTESIAN_POINT('',(-3.49000030264169E-11,-0.0060680009461,0.0405336051013));
#2402=CARTESIAN_POINT('',(-3.21500031458255E-11,-0.006047746179975,0.0404914147242167));
#2403=CARTESIAN_POINT('',(-2.94006416434733E-11,-0.00602152949798484,0.0404520934493477));
#2404=CARTESIAN_POINT('',(-2.41142019546947E-11,-0.00595921577683216,0.0403822539717537));
#2405=CARTESIAN_POINT('',(-2.15770821349049E-11,-0.00592312676372448,0.0403517408189287));
#2406=CARTESIAN_POINT('',(-1.69104227148998E-11,-0.00584390331628178,0.0403018943400901));
#2407=CARTESIAN_POINT('',(-1.47808622980028E-11,-0.00580077690800156,0.0402825660639767));
#2408=CARTESIAN_POINT('',(-1.11090026067018E-11,-0.0057108482337916,0.0402566163833774));
#2409=CARTESIAN_POINT('',(-9.56666169893428E-12,-0.00566405399391668,0.0402500000287917));
#2410=CARTESIAN_POINT('',(-8.40000118074169E-12,-0.00561725353,0.040250000029));
#2411=CARTESIAN_POINT('',(0.000221145786750738,-0.00606800097246316,0.0405336052254304));
#2412=CARTESIAN_POINT('',(0.000217613293726457,-0.00604774620726972,0.0404914148451837));
#2413=CARTESIAN_POINT('',(0.000214081270493778,-0.00602152952593604,0.0404520935673093));
#2414=CARTESIAN_POINT('',(0.000207293465689979,-0.0059592158055874,0.040382254084397));
#2415=CARTESIAN_POINT('',(0.000204038289923339,-0.00592312679262784,0.0403517409292603));
#2416=CARTESIAN_POINT('',(0.000198058514259479,-0.00584390334508566,0.0403018944467829));
#2417=CARTESIAN_POINT('',(0.000195334520166759,-0.00580077693655844,0.0402825661693434));
#2418=CARTESIAN_POINT('',(0.00019063108844436,-0.0057108482616266,0.0402566164872443));
#2419=CARTESIAN_POINT('',(0.000188652256619157,-0.00566405402127738,0.040250000132486));
#2420=CARTESIAN_POINT('',(0.000187123429447698,-0.0056172535568755,0.0402500001331019));
#2421=CARTESIAN_POINT('',(0.000442271660319198,-0.00605719009895222,0.0405111306856093));
#2422=CARTESIAN_POINT('',(0.000435206756611557,-0.00603706214639194,0.0404691436712471));
#2423=CARTESIAN_POINT('',(0.000428142792591677,-0.00601092889513726,0.0404300426692533));
#2424=CARTESIAN_POINT('',(0.000414567413420398,-0.00594870297180694,0.0403606818363022));
#2425=CARTESIAN_POINT('',(0.000408057210068478,-0.00591261844026978,0.0403304270704439));
#2426=CARTESIAN_POINT('',(0.000396098080427699,-0.00583334428952848,0.0402811319399254));
#2427=CARTESIAN_POINT('',(0.000390650365938279,-0.00579016281086284,0.0402620966403642));
#2428=CARTESIAN_POINT('',(0.000381244223336296,-0.00570009175837284,0.0402367556733004));
#2429=CARTESIAN_POINT('',(0.000377287007023158,-0.00565321032508698,0.0402304550708967));
#2430=CARTESIAN_POINT('',(0.000374229902123216,-0.00560632256207546,0.0402307719238191));
#2431=CARTESIAN_POINT('',(0.000873150408847979,-0.00601508201667016,0.040423052502039));
#2432=CARTESIAN_POINT('',(0.000859103208265799,-0.00599545473096358,0.0403818810485946));
#2433=CARTESIAN_POINT('',(0.000845058005213919,-0.00596965199106376,0.0403436609896981));
#2434=CARTESIAN_POINT('',(0.000818099765960098,-0.00590777502709242,0.0402762038929245));
#2435=CARTESIAN_POINT('',(0.000805189273440598,-0.00587170940644806,0.0402469719598173));
#2436=CARTESIAN_POINT('',(0.000781539987407098,-0.00579223672430968,0.0401998447814499));
#2437=CARTESIAN_POINT('',(0.000770803737575557,-0.0057488382662428,0.0401819546409596));
#2438=CARTESIAN_POINT('',(0.000752372431601197,-0.00565820526201898,0.0401589747969214));
#2439=CARTESIAN_POINT('',(0.000744679919140878,-0.00561097931928918,0.0401538901981435));
#2440=CARTESIAN_POINT('',(0.000738819576893677,-0.00556374661220518,0.0401554161619702));
#2441=CARTESIAN_POINT('',(0.00108289361541238,-0.0059838153562944,0.0403574963718214));
#2442=CARTESIAN_POINT('',(0.00106539638864426,-0.00596456177161514,0.0403169370812617));
#2443=CARTESIAN_POINT('',(0.00104790174755874,-0.00593900604024268,0.0402793775991188));
#2444=CARTESIAN_POINT('',(0.00101434805220154,-0.0058773901917265,0.0402133451884153));
#2445=CARTESIAN_POINT('',(0.000998292268057577,-0.00584133902660906,0.0401848773890432));
#2446=CARTESIAN_POINT('',(0.000968932323635797,-0.00576171862344374,0.0401393658471279));
#2447=CARTESIAN_POINT('',(0.000955631433485659,-0.00571815833742214,0.0401223272337731));
#2448=CARTESIAN_POINT('',(0.000932878291619959,-0.0056271059456734,0.0401010979996072));
#2449=CARTESIAN_POINT('',(0.000923429310032118,-0.00557962279197256,0.0400969125079846));
#2450=CARTESIAN_POINT('',(0.000916294591787938,-0.00553213254482884,0.0400993292588996));
#2451=CARTESIAN_POINT('',(0.00148180658116938,-0.0059038150789883,0.0401880772590361));
#2452=CARTESIAN_POINT('',(0.00145756415417862,-0.00588553874360936,0.0401491590464515));
#2453=CARTESIAN_POINT('',(0.0014333257315363,-0.0058606324760098,0.0401133629749178));
#2454=CARTESIAN_POINT('',(0.00138693866293054,-0.00579970675423326,0.0400511010673559));
#2455=CARTESIAN_POINT('',(0.0013647949707285,-0.00576369719740176,0.0400246403543921));
#2456=CARTESIAN_POINT('',(0.00132450376653718,-0.00568369560804318,0.0399833266467946));
#2457=CARTESIAN_POINT('',(0.0013063612083093,-0.0056397134728616,0.0399684787752254));
#2458=CARTESIAN_POINT('',(0.0012756447907858,-0.00554756475564704,0.0399516958246071));
#2459=CARTESIAN_POINT('',(0.0012630758852516,-0.00549940807095954,0.0399497658686223));
#2460=CARTESIAN_POINT('',(0.0012538363397144,-0.0054512433760671,0.039954381795712));
#2461=CARTESIAN_POINT('',(0.00167096667196608,-0.0058551120104533,0.0400842617899998));
#2462=CARTESIAN_POINT('',(0.00164342893094386,-0.00583743907015416,0.0400463724603571));
#2463=CARTESIAN_POINT('',(0.00161589602498954,-0.00581293518505166,0.0400116791322159));
#2464=CARTESIAN_POINT('',(0.00156327086885028,-0.00575243842767404,0.0399517626415796));
#2465=CARTESIAN_POINT('',(0.00153818453017246,-0.00571645604965808,0.039926544571551));
#2466=CARTESIAN_POINT('',(0.00149267286862738,-0.00563622110230424,0.0398878120980794));
#2467=CARTESIAN_POINT('',(0.00147225345726724,-0.0055919790272255,0.0398743027871029));
#2468=CARTESIAN_POINT('',(0.00143789621657868,-0.00549915355872078,0.039860213712042));
#2469=CARTESIAN_POINT('',(0.0014239642987574,-0.00545058065955394,0.0398596390404241));
#2470=CARTESIAN_POINT('',(0.0014138948855459,-0.0054019991623756,0.0398655618850904));
#2471=CARTESIAN_POINT('',(0.00202195499977272,-0.00574416466110006,0.0398446278457539));
#2472=CARTESIAN_POINT('',(0.0019880482636736,-0.00572790545352172,0.0398092278180095));
#2473=CARTESIAN_POINT('',(0.00195414839063302,-0.00570435090677414,0.0397771890265449));
#2474=CARTESIAN_POINT('',(0.00188954873421468,-0.00564487276248094,0.0397228575692308));
#2475=CARTESIAN_POINT('',(0.0018588570929352,-0.00560896111838806,0.0397005697740932));
#2476=CARTESIAN_POINT('',(0.0018035652768479,-0.00552818876194936,0.0396678372592905));
#2477=CARTESIAN_POINT('',(0.00177897324413838,-0.00548334000305626,0.0396573974103374));
#2478=CARTESIAN_POINT('',(0.00173821648811812,-0.00538892924407928,0.0396493751717793));
#2479=CARTESIAN_POINT('',(0.00172205990690566,-0.00533937919744814,0.0396517976528864));
#2480=CARTESIAN_POINT('',(0.00171088500344116,-0.00528981906422012,0.0396605417119349));
#2481=CARTESIAN_POINT('',(0.00218379941758524,-0.00568194041256832,0.0397088374133075));
#2482=CARTESIAN_POINT('',(0.00214681885244798,-0.0056664914770933,0.0396748981326743));
#2483=CARTESIAN_POINT('',(0.0021098463487054,-0.00564348387552364,0.0396444114164748));
#2484=CARTESIAN_POINT('',(0.00203950998198998,-0.00558459540128316,0.0395933198427291));
#2485=CARTESIAN_POINT('',(0.00200615553422034,-0.00554872734455164,0.0395727196638638));
#2486=CARTESIAN_POINT('',(0.0019463036809667,-0.00546765100778796,0.0395434053775157));
#2487=CARTESIAN_POINT('',(0.00191981569068593,-0.0054224555436951,0.0395346959487137));
#2488=CARTESIAN_POINT('',(0.0018762997509574,-0.00532713631666534,0.0395300451403805));
#2489=CARTESIAN_POINT('',(0.00185928121671286,-0.0052770253696677,0.03953410843953));
#2490=CARTESIAN_POINT('',(0.00184783027262526,-0.00522690343471548,0.0395443654546266));
#2491=CARTESIAN_POINT('',(0.00262209508138748,-0.0054809136952792,0.0392631583408134));
#2492=CARTESIAN_POINT('',(0.00257632358526474,-0.00546816925776558,0.03923427952953));
#2493=CARTESIAN_POINT('',(0.00253056446516508,-0.00544700181122126,0.0392091411799254));
#2494=CARTESIAN_POINT('',(0.00244396348923788,-0.0053901114998196,0.0391690802289641));
#2495=CARTESIAN_POINT('',(0.00240313540484374,-0.00535440445804212,0.0391541612782092));
#2496=CARTESIAN_POINT('',(0.00233077164524446,-0.0052723336897805,0.0391361583260022));
#2497=CARTESIAN_POINT('',(0.00229924974147269,-0.00522598578637622,0.0391330779751518));
#2498=CARTESIAN_POINT('',(0.00224891543485672,-0.00512763382377086,0.039139138980715));
#2499=CARTESIAN_POINT('',(0.0022301168034459,-0.0050756455876496,0.0391482839877304));
#2500=CARTESIAN_POINT('',(0.00221869587027784,-0.00502364308953912,0.0391630622467842));
#2501=CARTESIAN_POINT('',(0.0028509323010733,-0.00532799924006434,0.0389151686131359));
#2502=CARTESIAN_POINT('',(0.0027998618816227,-0.00531742444655018,0.0388905708576124));
#2503=CARTESIAN_POINT('',(0.00274880771519818,-0.0052977512465594,0.0388699235403442));
#2504=CARTESIAN_POINT('',(0.002652607323109,-0.0052425009994334,0.038838968107396));
#2505=CARTESIAN_POINT('',(0.00260747853400856,-0.00520694234922682,0.0388286623575181));
#2506=CARTESIAN_POINT('',(0.002528335273686,-0.0051240989250482,0.0388196081206768));
#2507=CARTESIAN_POINT('',(0.0024943382390281,-0.0050768325480048,0.0388208619995155));
#2508=CARTESIAN_POINT('',(0.00244143783706615,-0.00497604744938588,0.0388348491120126));
#2509=CARTESIAN_POINT('',(0.0024225519063263,-0.00492254712473896,0.0388475847114731));
#2510=CARTESIAN_POINT('',(0.00241232742171696,-0.0048690295914405,0.0388653375625529));
#2511=CARTESIAN_POINT('',(0.00316222707697054,-0.00501174384447216,0.0381650529515951));
#2512=CARTESIAN_POINT('',(0.00310240480137616,-0.00500602103379654,0.0381509871084484));
#2513=CARTESIAN_POINT('',(0.00304260881463592,-0.00498975361812176,0.0381412700345566));
#2514=CARTESIAN_POINT('',(0.00293096327285964,-0.0049383019530304,0.0381318692416374));
#2515=CARTESIAN_POINT('',(0.0028791394990877,-0.00490314234913282,0.0381321827691329));
#2516=CARTESIAN_POINT('',(0.00279028880449324,-0.0048186544663316,0.0381428137461748));
#2517=CARTESIAN_POINT('',(0.00275328766493482,-0.00476935083294696,0.0381531284422442));
#2518=CARTESIAN_POINT('',(0.00269906422681012,-0.00466311017577858,0.0381824551857186));
#2519=CARTESIAN_POINT('',(0.00268186770950796,-0.00460619779751384,0.0382014644796466));
#2520=CARTESIAN_POINT('',(0.0026757306711602,-0.00454926024650366,0.0382235718970901));
#2521=CARTESIAN_POINT('',(0.0032450050453429,-0.00484835944850186,0.0377626631215851));
#2522=CARTESIAN_POINT('',(0.00318172815223386,-0.00484532198649158,0.0377548653682057));
#2523=CARTESIAN_POINT('',(0.003118483762499,-0.00483096887123024,0.0377516044506848));
#2524=CARTESIAN_POINT('',(0.00300098919559106,-0.00478167937246504,0.0377546800693998));
#2525=CARTESIAN_POINT('',(0.0029467694863348,-0.0047467713159466,0.0377610099764115));
#2526=CARTESIAN_POINT('',(0.0028549859185022,-0.0046614112935272,0.0377823872185407));
#2527=CARTESIAN_POINT('',(0.0028174525278427,-0.00461098765461164,0.037797427924434));
#2528=CARTESIAN_POINT('',(0.0027644606942876,-0.00450172068332526,0.0378341550661539));
#2529=CARTESIAN_POINT('',(0.00274903271930883,-0.00444290567793986,0.0378558348727564));
#2530=CARTESIAN_POINT('',(0.00274577347748438,-0.00438406045754288,0.0378793052973388));
#2531=CARTESIAN_POINT('',(0.0032545489860327,-0.0045329205137195,0.0369508975697562));
#2532=CARTESIAN_POINT('',(0.00318728573526714,-0.0045354442959896,0.0369573729908314));
#2533=CARTESIAN_POINT('',(0.00312006786256864,-0.00452512388319886,0.0369687004570527));
#2534=CARTESIAN_POINT('',(0.00299637006207074,-0.00448045007868974,0.0369993249900362));
#2535=CARTESIAN_POINT('',(0.002939929082549,-0.004446133067422,0.0370186043521893));
#2536=CARTESIAN_POINT('',(0.0028467200108914,-0.0043590491294639,0.0370620786313538));
#2537=CARTESIAN_POINT('',(0.0028099908670332,-0.00430631858322422,0.037086255843756));
#2538=CARTESIAN_POINT('',(0.00276218181802564,-0.00419075411671798,0.0371357187692897));
#2539=CARTESIAN_POINT('',(0.0027511408611539,-0.00412795657690204,0.0371609867778121));
#2540=CARTESIAN_POINT('',(0.00275384917955094,-0.00406511665295628,0.0371847945745453));
#2541=CARTESIAN_POINT('',(0.00318091727417866,-0.0043807975024857,0.0365410928937947));
#2542=CARTESIAN_POINT('',(0.00311314578092148,-0.00438619858855972,0.0365556097757069));
#2543=CARTESIAN_POINT('',(0.00304542633791078,-0.00437799842305554,0.0365751051172534));
#2544=CARTESIAN_POINT('',(0.00292141393934753,-0.0043357809189145,0.0366208571911696));
#2545=CARTESIAN_POINT('',(0.00286516367581564,-0.00430180433300834,0.0366470889437194));
#2546=CARTESIAN_POINT('',(0.00277347974465578,-0.00421386880492818,0.0367019284202128));
#2547=CARTESIAN_POINT('',(0.00273808876904846,-0.0041599506154849,0.0367305111643366));
#2548=CARTESIAN_POINT('',(0.00269421509900448,-0.0040411120966532,0.0367852766678031));
#2549=CARTESIAN_POINT('',(0.0026857750965884,-0.00397623251999556,0.0368114344473259));
#2550=CARTESIAN_POINT('',(0.00269154548549226,-0.00391130339029488,0.0368341836852967));
#2551=CARTESIAN_POINT('',(0.00295344209274754,-0.0041746103126975,0.0359620696626537));
#2552=CARTESIAN_POINT('',(0.00288799110091264,-0.00418410980643458,0.0359890869335458));
#2553=CARTESIAN_POINT('',(0.00282259890195444,-0.00417896949989416,0.0360212172518677));
#2554=CARTESIAN_POINT('',(0.0027035964163317,-0.0041403302918889,0.0360899858259781));
#2555=CARTESIAN_POINT('',(0.0026500316058271,-0.00410687856184476,0.0361265865054244));
#2556=CARTESIAN_POINT('',(0.00256420957584908,-0.00401777372942838,0.036197725645356));
#2557=CARTESIAN_POINT('',(0.00253199783253556,-0.00396216779847686,0.0362322265294993));
#2558=CARTESIAN_POINT('',(0.0024948137307569,-0.00383863851834468,0.0362929463663084));
#2559=CARTESIAN_POINT('',(0.00248988684845167,-0.00377076234058476,0.0363191277426324));
#2560=CARTESIAN_POINT('',(0.00249906647062028,-0.0037028252252003,0.0363387971640457));
#2561=CARTESIAN_POINT('',(0.00285823396095074,-0.00410952292971886,0.0357751035526172));
#2562=CARTESIAN_POINT('',(0.0027940683590631,-0.00412035104162208,0.0358063500325814));
#2563=CARTESIAN_POINT('',(0.00272996323167624,-0.00411620933221356,0.0358427455340152));
#2564=CARTESIAN_POINT('',(0.0026135402782666,-0.0040787434353254,0.0359192242834825));
#2565=CARTESIAN_POINT('',(0.00256126838297306,-0.00404546853213078,0.0359592654971321));
#2566=CARTESIAN_POINT('',(0.00247799196626128,-0.00395599193821044,0.0360357086804881));
#2567=CARTESIAN_POINT('',(0.00244703337557224,-0.00389983953176972,0.0360720686158106));
#2568=CARTESIAN_POINT('',(0.00241220757739504,-0.0037747850507647,0.0361344506580528));
#2569=CARTESIAN_POINT('',(0.00240838630063604,-0.00370593226048542,0.0361604307305885));
#2570=CARTESIAN_POINT('',(0.00241850572760928,-0.0036370146460068,0.0361788373154933));
#2571=CARTESIAN_POINT('',(0.0026310950730486,-0.00398853641497962,0.0354208097509496));
#2572=CARTESIAN_POINT('',(0.0025705990731656,-0.00400188064673796,0.0354603836991758));
#2573=CARTESIAN_POINT('',(0.00251016514899528,-0.00399964011234476,0.0355051625762962));
#2574=CARTESIAN_POINT('',(0.00240081877880106,-0.00396441616826104,0.0355967009383351));
#2575=CARTESIAN_POINT('',(0.00235195195593382,-0.00393148608622238,0.0356434093150254));
#2576=CARTESIAN_POINT('',(0.00227491732734904,-0.0038413159021765,0.0357299642092941));
#2577=CARTESIAN_POINT('',(0.00224679514478816,-0.0037841291278211,0.0357697596186444));
#2578=CARTESIAN_POINT('',(0.00221674760708792,-0.003656178127935,0.0358348683577005));
#2579=CARTESIAN_POINT('',(0.00221486787510522,-0.00358546723005612,0.0358601305791781));
#2580=CARTESIAN_POINT('',(0.00222631125025316,-0.00351468383294088,0.0358757193971761));
#2581=CARTESIAN_POINT('',(0.00249915224710148,-0.0039326389554603,0.0352534945200497));
#2582=CARTESIAN_POINT('',(0.00244104155747262,-0.00394717045522956,0.0352971661138219));
#2583=CARTESIAN_POINT('',(0.00238299285740266,-0.00394583230123472,0.0353460625771306));
#2584=CARTESIAN_POINT('',(0.0022781452566976,-0.00391167674730474,0.0354449493494332));
#2585=CARTESIAN_POINT('',(0.00223139121468674,-0.00387891460498962,0.0354948839356344));
#2586=CARTESIAN_POINT('',(0.00215805326293104,-0.00378842262737156,0.0355862460108353));
#2587=CARTESIAN_POINT('',(0.0021315142118104,-0.00373074804968866,0.0356276177770423));
#2588=CARTESIAN_POINT('',(0.0021038856112054,-0.00360142600181044,0.0356937913492372));
#2589=CARTESIAN_POINT('',(0.00210284092034526,-0.00352983378923516,0.0357185374324322));
#2590=CARTESIAN_POINT('',(0.0021146673038947,-0.003458165290102,0.0357325719858345));
#2591=CARTESIAN_POINT('',(0.00220233220674738,-0.00383163382770352,0.0349460148332529));
#2592=CARTESIAN_POINT('',(0.00215008034721116,-0.00384833754366478,0.0349974493044012));
#2593=CARTESIAN_POINT('',(0.00209788810698992,-0.00384865729849768,0.035054136027824));
#2594=CARTESIAN_POINT('',(0.00200391138702712,-0.0038164700978189,0.0351668583359124));
#2595=CARTESIAN_POINT('',(0.00196216889086258,-0.0037840219554492,0.0352228292636724));
#2596=CARTESIAN_POINT('',(0.00189727757996776,-0.00369294794514394,0.0353230665321931));
#2597=CARTESIAN_POINT('',(0.0018741707488145,-0.00363438089035034,0.0353672682160481));
#2598=CARTESIAN_POINT('',(0.00185129061353714,-0.0035025437922992,0.035435084764566));
#2599=CARTESIAN_POINT('',(0.00185155929299006,-0.0034293325621836,0.0354586349723231));
#2600=CARTESIAN_POINT('',(0.00186351186741996,-0.0033560378854189,0.0354695061159993));
#2601=CARTESIAN_POINT('',(0.00203744317252828,-0.0037865278173773,0.0348058630598169));
#2602=CARTESIAN_POINT('',(0.00198866591463898,-0.0038042162482067,0.0348609621247932));
#2603=CARTESIAN_POINT('',(0.00193994598625688,-0.0038052913337846,0.0349213208920303));
#2604=CARTESIAN_POINT('',(0.00185234306907456,-0.0037740038440736,0.0350405292625464));
#2605=CARTESIAN_POINT('',(0.00181349995098194,-0.00374170170694768,0.0350993098906531));
#2606=CARTESIAN_POINT('',(0.00175335909530807,-0.0036503674921292,0.0352036146768796));
#2607=CARTESIAN_POINT('',(0.00173210122843444,-0.0035913958525996,0.0352490698598271));
#2608=CARTESIAN_POINT('',(0.00171154961384676,-0.00345841502272216,0.0353174649176714));
#2609=CARTESIAN_POINT('',(0.0017122957368403,-0.00338446627053728,0.035340335817396));
#2610=CARTESIAN_POINT('',(0.0017239903769831,-0.0033104307000967,0.0353495985056307));
#2611=CARTESIAN_POINT('',(0.0016806488845161,-0.00370835032419364,0.0345597802027061));
#2612=CARTESIAN_POINT('',(0.00163977769581064,-0.00372775701546788,0.0346214486252433));
#2613=CARTESIAN_POINT('',(0.00159895700109408,-0.0037301538729961,0.0346883842644051));
#2614=CARTESIAN_POINT('',(0.00152573339920169,-0.00370044367532424,0.0348191721470144));
#2615=CARTESIAN_POINT('',(0.00149336487858146,-0.00366839990586428,0.0348829475789049));
#2616=CARTESIAN_POINT('',(0.00144360038354746,-0.00357661504020448,0.0349944162701947));
#2617=CARTESIAN_POINT('',(0.00142623879568928,-0.00351693722974474,0.035042032718037));
#2618=CARTESIAN_POINT('',(0.00141018051416956,-0.00338195655561418,0.0351112616864611));
#2619=CARTESIAN_POINT('',(0.00141151820706356,-0.00330671697768344,0.035132797395486));
#2620=CARTESIAN_POINT('',(0.0014220875173794,-0.00323138456757976,0.0351390609478536));
#2621=CARTESIAN_POINT('',(0.00148875671617596,-0.0036752795760436,0.0344538820507278));
#2622=CARTESIAN_POINT('',(0.0014523163990589,-0.00369541977964846,0.0345184528456005));
#2623=CARTESIAN_POINT('',(0.0014159220296944,-0.0036983830153217,0.0345882909807839));
#2624=CARTESIAN_POINT('',(0.00135070291543596,-0.00366935029624954,0.0347241686503804));
#2625=CARTESIAN_POINT('',(0.00132190918697006,-0.00363741884973278,0.0347901278589562));
#2626=CARTESIAN_POINT('',(0.00127777007423446,-0.00354544351927734,0.0349046918018351));
#2627=CARTESIAN_POINT('',(0.00126245570639286,-0.00348546414356734,0.0349532162103007));
#2628=CARTESIAN_POINT('',(0.00124856249969298,-0.0033496274519571,0.0350227025141426));
#2629=CARTESIAN_POINT('',(0.0012500146772628,-0.00327383464428556,0.0350435840836814));
#2630=CARTESIAN_POINT('',(0.0012597171978272,-0.00319794636382216,0.0350484591821717));
#2631=CARTESIAN_POINT('',(0.001085709574357,-0.00362204095326236,0.0342819486241522));
#2632=CARTESIAN_POINT('',(0.00105884594056408,-0.00364336536872686,0.0343512911229398));
#2633=CARTESIAN_POINT('',(0.00103201731973272,-0.00364724457684196,0.0344258986477407));
#2634=CARTESIAN_POINT('',(0.000984018914208398,-0.00361930867672592,0.0345701237424168));
#2635=CARTESIAN_POINT('',(0.000962872429708078,-0.003587560054666,0.0346396551716605));
#2636=CARTESIAN_POINT('',(0.000930613992686617,-0.0034952785411057,0.034759253439683));
#2637=CARTESIAN_POINT('',(0.000919525340358159,-0.00343481213577652,0.0348092341378302));
#2638=CARTESIAN_POINT('',(0.000909799542981577,-0.00329759149365838,0.0348790581797428));
#2639=CARTESIAN_POINT('',(0.000911185698126137,-0.0032209037430406,0.0348988153828766));
#2640=CARTESIAN_POINT('',(0.000918677231401658,-0.00314411619865266,0.0349013605721456));
#2641=CARTESIAN_POINT('',(0.000874577760320077,-0.00360187179860576,0.0342159304521391));
#2642=CARTESIAN_POINT('',(0.000852858488448578,-0.00362364702756836,0.0342871409302808));
#2643=CARTESIAN_POINT('',(0.000831167846375339,-0.00362787590126376,0.0343636140369717));
#2644=CARTESIAN_POINT('',(0.000792383317917457,-0.00360035941659204,0.0345110947360622));
#2645=CARTESIAN_POINT('',(0.000775308388316139,-0.00356868130006508,0.0345820138893183));
#2646=CARTESIAN_POINT('',(0.000749304357152938,-0.0034762840336062,0.0347035506572157));
#2647=CARTESIAN_POINT('',(0.000740394212374377,-0.00341563212551444,0.0347540798327136));
#2648=CARTESIAN_POINT('',(0.000732671782399958,-0.00327788345588336,0.0348239854204268));
#2649=CARTESIAN_POINT('',(0.000733878453987438,-0.0032008539361842,0.0348432733934986));
#2650=CARTESIAN_POINT('',(0.000740027198984378,-0.00312372294278714,0.034844878359574));
#2651=CARTESIAN_POINT('',(0.000442286253277376,-0.00357492799573726,0.0341274644082209));
#2652=CARTESIAN_POINT('',(0.000431237060806598,-0.00359730576958724,0.0342011886381023));
#2653=CARTESIAN_POINT('',(0.000420202696992578,-0.00360200226873528,0.0342801718201022));
#2654=CARTESIAN_POINT('',(0.000400490139096398,-0.00357504688332358,0.0344320299824743));
#2655=CARTESIAN_POINT('',(0.000391821685804539,-0.0035434632512636,0.0345048134247901));
#2656=CARTESIAN_POINT('',(0.000378655721162938,-0.00345091147627276,0.0346289493239666));
#2657=CARTESIAN_POINT('',(0.000374167950603478,-0.00339001158584166,0.0346802102427708));
#2658=CARTESIAN_POINT('',(0.000370354678141699,-0.00325155679409384,0.0347502108509404));
#2659=CARTESIAN_POINT('',(0.000371038917029638,-0.0031740701452769,0.0347688590022492));
#2660=CARTESIAN_POINT('',(0.000374242119002778,-0.00309647976708762,0.0347691907576149));
#2661=CARTESIAN_POINT('',(0.000221149719713498,-0.0035681520675,0.0341050336389));
#2662=CARTESIAN_POINT('',(0.000215624794907738,-0.00359068168670834,0.0341794022889417));
#2663=CARTESIAN_POINT('',(0.000210107286171837,-0.00359549621701218,0.0342590286526545));
#2664=CARTESIAN_POINT('',(0.000200250477737199,-0.00356868259050404,0.034412006640216));
#2665=CARTESIAN_POINT('',(0.000195916048943498,-0.0035371229413974,0.0344852659276089));
#2666=CARTESIAN_POINT('',(0.000189332857407798,-0.00344453237618386,0.0346100618845099));
#2667=CARTESIAN_POINT('',(0.000187088965570839,-0.0033835699677823,0.0346615062175623));
#2668=CARTESIAN_POINT('',(0.000185182516118279,-0.00324493698694604,0.0347315214435352));
#2669=CARTESIAN_POINT('',(0.000185524829407759,-0.00316733492221668,0.03475));
#2670=CARTESIAN_POINT('',(0.000187126685894537,-0.0030896285528,0.03475));
#2671=CARTESIAN_POINT('',(-1.7347234759768E-18,-0.0035681520675,0.0341050336389));
#2672=CARTESIAN_POINT('',(-1.7347234759768E-18,-0.00359068168670834,0.0341794022889417));
#2673=CARTESIAN_POINT('',(-1.7347234759768E-18,-0.00359549621701218,0.0342590286526545));
#2674=CARTESIAN_POINT('',(-1.7347234759768E-18,-0.00356868259050404,0.034412006640216));
#2675=CARTESIAN_POINT('',(-1.7347234759768E-18,-0.0035371229413974,0.0344852659276089));
#2676=CARTESIAN_POINT('',(-1.7347234759768E-18,-0.00344453237618386,0.0346100618845099));
#2677=CARTESIAN_POINT('',(-1.7347234759768E-18,-0.0033835699677823,0.0346615062175623));
#2678=CARTESIAN_POINT('',(-1.7347234759768E-18,-0.00324493698694604,0.0347315214435352));
#2679=CARTESIAN_POINT('',(-1.7347234759768E-18,-0.00316733492221668,0.03475));
#2680=CARTESIAN_POINT('',(-1.7347234759768E-18,-0.0030896285528,0.03475));
#2681=CARTESIAN_POINT('',(-1.7347234759768E-18,-0.0030896285528,0.03475));
#2682=CARTESIAN_POINT('',(-1.7347234759768E-18,-0.00324504129163336,0.03475));
#2683=CARTESIAN_POINT('',(-1.73472347597681E-18,-0.00355252901880624,0.0345934423426271));
#2684=CARTESIAN_POINT('',(-1.7347234759768E-18,-0.00361321130591668,0.0342537709389834));
#2685=CARTESIAN_POINT('',(-1.7347234759768E-18,-0.0035681520675,0.0341050336389));
#2686=CARTESIAN_POINT('',(-1.7347234759768E-18,-0.00356815206749988,0.0341050336389001));
#2687=CARTESIAN_POINT('',(-1.74499997784849E-11,-0.00606800094637704,0.0405336050825367));
#2688=CARTESIAN_POINT('',(0.000884583198624179,-0.00606800118923066,0.0405336055883972));
#2689=CARTESIAN_POINT('',(0.00259553361310609,-0.00569228774177017,0.039767754510408));
#2690=CARTESIAN_POINT('',(0.00356795514893358,-0.00466459834120291,0.037374148267469));
#2691=CARTESIAN_POINT('',(0.0026312678149183,-0.00379313792181361,0.0348762623361593));
#2692=CARTESIAN_POINT('',(0.000884598879022722,-0.00356815206749973,0.0341050336389001));
#2693=CARTESIAN_POINT('',(-7.24256203090989E-49,-0.00356815206749973,0.0341050336389001));
#2694=CARTESIAN_POINT('',(-2.61750014024509E-11,-0.00606800094273852,0.04053360508435));
#2695=CARTESIAN_POINT('',(-1.7347234759768E-18,-0.005617253523,0.04025));
#2696=CARTESIAN_POINT('',(-1.7347234759768E-18,-0.005804455378,0.04025));
#2697=CARTESIAN_POINT('',(-1.7347234759768E-18,-0.0059869818736,0.0403648435625668));
#2698=CARTESIAN_POINT('',(-1.7347234759768E-18,-0.0060680009391,0.0405336050674));
#2699=CARTESIAN_POINT('',(-1.7347234759768E-18,-0.0035681520675,0.0341050336389));
#2700=CARTESIAN_POINT('',(-1.7347234759768E-18,-0.00359068168670834,0.0341794022889417));
#2701=CARTESIAN_POINT('',(-1.7347234759768E-18,-0.00359549621701218,0.0342590286526545));
#2702=CARTESIAN_POINT('',(-1.7347234759768E-18,-0.00356868259050404,0.034412006640216));
#2703=CARTESIAN_POINT('',(-1.7347234759768E-18,-0.0035371229413974,0.0344852659276089));
#2704=CARTESIAN_POINT('',(-1.7347234759768E-18,-0.00344453237618386,0.0346100618845099));
#2705=CARTESIAN_POINT('',(-1.7347234759768E-18,-0.0033835699677823,0.0346615062175623));
#2706=CARTESIAN_POINT('',(-1.7347234759768E-18,-0.00324493698694604,0.0347315214435352));
#2707=CARTESIAN_POINT('',(-1.7347234759768E-18,-0.00316733492221668,0.03475));
#2708=CARTESIAN_POINT('',(-1.7347234759768E-18,-0.0030896285528,0.03475));
#2709=CARTESIAN_POINT('',(-0.000221143850212482,-0.0035681520675,0.0341050336389));
#2710=CARTESIAN_POINT('',(-0.000215619072040983,-0.00359068168670834,0.0341794022889417));
#2711=CARTESIAN_POINT('',(-0.000210101709738502,-0.00359549621701218,0.0342590286526545));
#2712=CARTESIAN_POINT('',(-0.000200245162905661,-0.00356868259050404,0.034412006640216));
#2713=CARTESIAN_POINT('',(-0.000195910849151022,-0.0035371229413974,0.0344852659276089));
#2714=CARTESIAN_POINT('',(-0.000189327832344703,-0.00344453237618386,0.0346100618845099));
#2715=CARTESIAN_POINT('',(-0.000187084000068762,-0.0033835699677823,0.0346615062175623));
#2716=CARTESIAN_POINT('',(-0.000185177601224784,-0.00324493698694604,0.0347315214435352));
#2717=CARTESIAN_POINT('',(-0.000185519905432441,-0.00316733492221668,0.03475));
#2718=CARTESIAN_POINT('',(-0.000187121719397902,-0.0030896285528,0.03475));
#2719=CARTESIAN_POINT('',(-0.000442301604509222,-0.0035749246338237,0.0341274403957772));
#2720=CARTESIAN_POINT('',(-0.000431250691127403,-0.00359730282007718,0.0342011665125301));
#2721=CARTESIAN_POINT('',(-0.000420214619620301,-0.0036019996871109,0.0342801515521711));
#2722=CARTESIAN_POINT('',(-0.000400499452483421,-0.00357504478431248,0.0344320126656701));
#2723=CARTESIAN_POINT('',(-0.000391830100992323,-0.0035434612677786,0.0345047971976139));
#2724=CARTESIAN_POINT('',(-0.000378663555006362,-0.00345090944650544,0.0346289340425774));
#2725=CARTESIAN_POINT('',(-0.000374176104650162,-0.00339000939506438,0.034680194813683));
#2726=CARTESIAN_POINT('',(-0.000370364618606381,-0.0032515540941802,0.0347501937835034));
#2727=CARTESIAN_POINT('',(-0.000371050327057442,-0.00317406709803534,0.0347688404403039));
#2728=CARTESIAN_POINT('',(-0.000374255247875502,-0.0030964763692888,0.0347691702127268));
#2729=CARTESIAN_POINT('',(-0.000874550183975463,-0.00360186851534044,0.0342158946045421));
#2730=CARTESIAN_POINT('',(-0.000852831576552922,-0.00362364397049672,0.0342871079324428));
#2731=CARTESIAN_POINT('',(-0.000831141603436121,-0.0036278730732726,0.034363583830972));
#2732=CARTESIAN_POINT('',(-0.00079235835442544,-0.0036003569062756,0.0345110688994444));
#2733=CARTESIAN_POINT('',(-0.000775284034330302,-0.0035686788786955,0.0345819896251223));
#2734=CARTESIAN_POINT('',(-0.000749281004061722,-0.0034762816061967,0.0347035276825474));
#2735=CARTESIAN_POINT('',(-0.000740371249687063,-0.0034156296034708,0.0347540565700293));
#2736=CARTESIAN_POINT('',(-0.000732649162084861,-0.00327788060872096,0.0348239597067033));
#2737=CARTESIAN_POINT('',(-0.000733855784656122,-0.0032008508588898,0.0348432455116301));
#2738=CARTESIAN_POINT('',(-0.000740004135695461,-0.003123719631954,0.0348448477497036));
#2739=CARTESIAN_POINT('',(-0.0010856281695819,-0.003622039983047,0.0342819214918049));
#2740=CARTESIAN_POINT('',(-0.00105876869106194,-0.00364336413562616,0.0343512660640673));
#2741=CARTESIAN_POINT('',(-0.00103194421179702,-0.0036472431565423,0.0344258756061507));
#2742=CARTESIAN_POINT('',(-0.000983952640253583,-0.00361930704040396,0.0345701037977123));
#2743=CARTESIAN_POINT('',(-0.000962808840838303,-0.00358755838885538,0.0346396363036668));
#2744=CARTESIAN_POINT('',(-0.000930553349705203,-0.003495276937548,0.0347592353979201));
#2745=CARTESIAN_POINT('',(-0.000919464950850603,-0.00343481062329512,0.0348092158426951));
#2746=CARTESIAN_POINT('',(-0.000909736942160943,-0.00329759022455578,0.0348790381894901));
#2747=CARTESIAN_POINT('',(-0.000911120625189082,-0.00322090262557524,0.0348987939479865));
#2748=CARTESIAN_POINT('',(-0.000918608630744722,-0.00314411523198584,0.0349013374753853));
#2749=CARTESIAN_POINT('',(-0.00148859057799222,-0.00367527828050386,0.0344538697341267));
#2750=CARTESIAN_POINT('',(-0.0014521595440535,-0.00369541743977234,0.034518440178085));
#2751=CARTESIAN_POINT('',(-0.00141577441428776,-0.0036983797879807,0.0345882779438531));
#2752=CARTESIAN_POINT('',(-0.00135057027681368,-0.00366934593030228,0.0347241549942144));
#2753=CARTESIAN_POINT('',(-0.00132178226942594,-0.0036374142303812,0.0347901139562358));
#2754=CARTESIAN_POINT('',(-0.0012776489852383,-0.00354543903876474,0.0349046778243318));
#2755=CARTESIAN_POINT('',(-0.001262334708759,-0.00348546005303504,0.0349532024078345));
#2756=CARTESIAN_POINT('',(-0.00124843577947804,-0.00334962455551512,0.0350226898164438));
#2757=CARTESIAN_POINT('',(-0.001249882126997,-0.0032738325496906,0.0350435723189785));
#2758=CARTESIAN_POINT('',(-0.00125957687037012,-0.00319794507590354,0.0350484488658297));
#2759=CARTESIAN_POINT('',(-0.00168046216123305,-0.00370834526276768,0.0345597705245608));
#2760=CARTESIAN_POINT('',(-0.00163960113070595,-0.00372775072686782,0.0346214370957785));
#2761=CARTESIAN_POINT('',(-0.0015987905428445,-0.00373014650335614,0.0346883709022712));
#2762=CARTESIAN_POINT('',(-0.00152558330100955,-0.00370043489204594,0.0348191559823963));
#2763=CARTESIAN_POINT('',(-0.00149322101651692,-0.00366839078737136,0.0348829304513012));
#2764=CARTESIAN_POINT('',(-0.0014434628943777,-0.00357660605061174,0.034994398768841));
#2765=CARTESIAN_POINT('',(-0.00142610142621192,-0.00351692870165066,0.0350420158127483));
#2766=CARTESIAN_POINT('',(-0.00141003709069826,-0.0033819494791679,0.0351112478601657));
#2767=CARTESIAN_POINT('',(-0.0014113685928312,-0.0033067108887702,0.0351327860589483));
#2768=CARTESIAN_POINT('',(-0.00142192975065316,-0.00323137947364482,0.035139052932024));
#2769=CARTESIAN_POINT('',(-0.0020372641008752,-0.003786509319034,0.034805805005538));
#2770=CARTESIAN_POINT('',(-0.00198849518682716,-0.0038041970998939,0.034860904082834));
#2771=CARTESIAN_POINT('',(-0.00193978356373465,-0.00380527158049366,0.0349212628722516));
#2772=CARTESIAN_POINT('',(-0.0018521942782523,-0.00377398327387904,0.0350404715826414));
#2773=CARTESIAN_POINT('',(-0.00181335647346605,-0.0037416809232949,0.0350992525320707));
#2774=CARTESIAN_POINT('',(-0.0017532214988411,-0.00365034672993664,0.035203558518442));
#2775=CARTESIAN_POINT('',(-0.00173196418660605,-0.00359137532379274,0.0352490145838412));
#2776=CARTESIAN_POINT('',(-0.00171140872346795,-0.00345839526568918,0.0353174120961328));
#2777=CARTESIAN_POINT('',(-0.0017121504301685,-0.00338444705035978,0.0353402845714823));
#2778=CARTESIAN_POINT('',(-0.0017238390427436,-0.00331041202123094,0.0353495491267248));
#2779=CARTESIAN_POINT('',(-0.00220218161771345,-0.00383160654555,0.0349459181314562));
#2780=CARTESIAN_POINT('',(-0.0021499355044658,-0.00384831033390322,0.0349973550874963));
#2781=CARTESIAN_POINT('',(-0.002097748990495,-0.00384863010946248,0.0350540442797084));
#2782=CARTESIAN_POINT('',(-0.00200378190476315,-0.00381644289994218,0.0351667708846524));
#2783=CARTESIAN_POINT('',(-0.00196204330833551,-0.0037839947278525,0.0352227436388158));
#2784=CARTESIAN_POINT('',(-0.0018971568134149,-0.00369292063939608,0.0353229835570041));
#2785=CARTESIAN_POINT('',(-0.0018740508902553,-0.00363435353601924,0.0353671860624605));
#2786=CARTESIAN_POINT('',(-0.00185116929899655,-0.00350251633708594,0.0354350031879331));
#2787=CARTESIAN_POINT('',(-0.0018514356062308,-0.0034293050545194,0.0354585531493808));
#2788=CARTESIAN_POINT('',(-0.00186338459025795,-0.00335601032493118,0.035469423656663));
#2789=CARTESIAN_POINT('',(-0.00249909191704395,-0.0039325993611311,0.0352534173139897));
#2790=CARTESIAN_POINT('',(-0.00244098111842705,-0.00394713171808562,0.0352970879132498));
#2791=CARTESIAN_POINT('',(-0.00238293230928515,-0.00394579414162578,0.0353459834949557));
#2792=CARTESIAN_POINT('',(-0.00227808486849581,-0.0039116392173172,0.0354448696448533));
#2793=CARTESIAN_POINT('',(-0.00223133109897655,-0.00387887712860816,0.0354948044940474));
#2794=CARTESIAN_POINT('',(-0.00215799439461775,-0.00378838486926608,0.0355861685486061));
#2795=CARTESIAN_POINT('',(-0.00213145632190645,-0.00373070995777274,0.0356275420349732));
#2796=CARTESIAN_POINT('',(-0.00210383053888695,-0.00360138704388172,0.0356937200895761));
#2797=CARTESIAN_POINT('',(-0.002102787690707,-0.00352979430062374,0.0357184689388144));
#2798=CARTESIAN_POINT('',(-0.00211461629093645,-0.00345812527110534,0.035732506154807));
#2799=CARTESIAN_POINT('',(-0.0026310718599731,-0.00398849510270974,0.0354207828059802));
#2800=CARTESIAN_POINT('',(-0.00257057426291951,-0.0040018400163374,0.0354603506696413));
#2801=CARTESIAN_POINT('',(-0.00251013873574181,-0.00399959981202698,0.0355051236986407));
#2802=CARTESIAN_POINT('',(-0.0024007898791815,-0.00396437611460276,0.035596653792991));
#2803=CARTESIAN_POINT('',(-0.00235192217975945,-0.0039314459504304,0.035643359763575));
#2804=CARTESIAN_POINT('',(-0.0022748872804966,-0.00384127543165818,0.0357299147351163));
#2805=CARTESIAN_POINT('',(-0.0022467657106164,-0.00378408840599976,0.0357697126413067));
#2806=CARTESIAN_POINT('',(-0.0022167214572279,-0.003656136887809,0.035834830798974));
#2807=CARTESIAN_POINT('',(-0.00221484440368015,-0.0035854257242181,0.0358600999556839));
#2808=CARTESIAN_POINT('',(-0.00222629157980755,-0.00351464206743466,0.0358756965244445));
#2809=CARTESIAN_POINT('',(-0.0028582728474011,-0.0041094821849371,0.0357751452882701));
#2810=CARTESIAN_POINT('',(-0.00279410401838365,-0.0041203104963527,0.0358063789684674));
#2811=CARTESIAN_POINT('',(-0.002729995646096,-0.0041161685850438,0.0358427620580922));
#2812=CARTESIAN_POINT('',(-0.0026135671071191,-0.00407870217231442,0.0359192223876943));
#2813=CARTESIAN_POINT('',(-0.00256129288096215,-0.00404542695564696,0.0359592576201852));
#2814=CARTESIAN_POINT('',(-0.00247801391662055,-0.00395595000147004,0.0360356982613828));
#2815=CARTESIAN_POINT('',(-0.00244705511896815,-0.00389979754871356,0.036072061662603));
#2816=CARTESIAN_POINT('',(-0.00241223218721125,-0.00377474329346486,0.0361344596010556));
#2817=CARTESIAN_POINT('',(-0.00240841399363905,-0.00370589077572562,0.0361604521308014));
#2818=CARTESIAN_POINT('',(-0.0024185385582454,-0.00363697344829516,0.0361788732877158));
#2819=CARTESIAN_POINT('',(-0.0029535261405945,-0.0041745691790923,0.0359621177994205));
#2820=CARTESIAN_POINT('',(-0.0028880700599436,-0.00418406895986896,0.0359891215982747));
#2821=CARTESIAN_POINT('',(-0.0028226727595315,-0.00417892850815808,0.0360212388533132));
#2822=CARTESIAN_POINT('',(-0.00270366156861135,-0.00414028884602716,0.0360899880305667));
#2823=CARTESIAN_POINT('',(-0.0026500931670294,-0.00410683680768888,0.0361265824046625));
#2824=CARTESIAN_POINT('',(-0.00256426707498035,-0.00401773159129128,0.0361977188194424));
#2825=CARTESIAN_POINT('',(-0.00253205487343945,-0.0039621255853137,0.0362322233120071));
#2826=CARTESIAN_POINT('',(-0.00249487428883211,-0.00383859645873122,0.0362929597475551));
#2827=CARTESIAN_POINT('',(-0.0024899513946918,-0.00377072051020808,0.0363191541424192));
#2828=CARTESIAN_POINT('',(-0.0024991375326511,-0.00370278363874436,0.0363388387684053));
#2829=CARTESIAN_POINT('',(-0.00318101207583766,-0.00438075427479386,0.0365410723464863));
#2830=CARTESIAN_POINT('',(-0.0031132360107039,-0.0043861559045355,0.0365555818810192));
#2831=CARTESIAN_POINT('',(-0.00304551199124205,-0.00437795591547086,0.0365750701450545));
#2832=CARTESIAN_POINT('',(-0.00292149176458436,-0.00433573843705578,0.03662081209693));
#2833=CARTESIAN_POINT('',(-0.0028652382592143,-0.00430176170139446,0.0366470408219903));
#2834=CARTESIAN_POINT('',(-0.00277355045654105,-0.00421382582774206,0.0367018800742474));
#2835=CARTESIAN_POINT('',(-0.00273815886106365,-0.0041599074434401,0.0367304656386642));
#2836=CARTESIAN_POINT('',(-0.0026942874904295,-0.00404106861304096,0.0367852421704548));
#2837=CARTESIAN_POINT('',(-0.0026858504170986,-0.00397618892063286,0.0368114081750486));
#2838=CARTESIAN_POINT('',(-0.002691625640894,-0.0039112596835473,0.0368341667344743));
#2839=CARTESIAN_POINT('',(-0.0032545441618722,-0.00453287002826882,0.0369507530155208));
#2840=CARTESIAN_POINT('',(-0.0031872802611679,-0.0045353948704839,0.0369572319088289));
#2841=CARTESIAN_POINT('',(-0.0031200617432803,-0.00452507526254866,0.0369685628695954));
#2842=CARTESIAN_POINT('',(-0.0029963630095676,-0.00448040241005484,0.0369991936592451));
#2843=CARTESIAN_POINT('',(-0.00293992174385915,-0.00444608554765388,0.0370184757796353));
#2844=CARTESIAN_POINT('',(-0.0028467126614698,-0.00435900132034058,0.0370619542032312));
#2845=CARTESIAN_POINT('',(-0.0028099837949055,-0.00430627033758588,0.037086132797944));
#2846=CARTESIAN_POINT('',(-0.00276217586457545,-0.0041907046450675,0.0371355967381566));
#2847=CARTESIAN_POINT('',(-0.00275113575092625,-0.0041279063174615,0.0371608643751635));
#2848=CARTESIAN_POINT('',(-0.00275384506721656,-0.00406506560243298,0.0371846709255803));
#2849=CARTESIAN_POINT('',(-0.0032450182368604,-0.0048483063795012,0.0377625351596525));
#2850=CARTESIAN_POINT('',(-0.00318174059459005,-0.004845269741385,0.0377547391390887));
#2851=CARTESIAN_POINT('',(-0.00311849545640625,-0.00483091720177676,0.0377514800244926));
#2852=CARTESIAN_POINT('',(-0.00300099963442,-0.00478162834345372,0.0377545592330124));
#2853=CARTESIAN_POINT('',(-0.00294677941956825,-0.0047467203527805,0.0377608909261827));
#2854=CARTESIAN_POINT('',(-0.0028549952891647,-0.0046613600509013,0.0377822715284843));
#2855=CARTESIAN_POINT('',(-0.0028174618425636,-0.00461093606773688,0.0377973138076701));
#2856=CARTESIAN_POINT('',(-0.00276447048586591,-0.00450166817681516,0.0378340436709809));
#2857=CARTESIAN_POINT('',(-0.00274904304472,-0.0044428525970994,0.0378557246251604));
#2858=CARTESIAN_POINT('',(-0.00274578465230995,-0.00438400680111664,0.0378791958808461));
#2859=CARTESIAN_POINT('',(-0.00316225782234626,-0.00501170476711576,0.0381649386213054));
#2860=CARTESIAN_POINT('',(-0.00310243556221365,-0.0050059827055751,0.0381508774790148));
#2861=CARTESIAN_POINT('',(-0.0030426396024846,-0.00498971592246496,0.0381411650838986));
#2862=CARTESIAN_POINT('',(-0.0029309941155571,-0.00493826505292284,0.0381317719944571));
#2863=CARTESIAN_POINT('',(-0.00287917036943271,-0.00490310561292178,0.0381320885372677));
#2864=CARTESIAN_POINT('',(-0.00279031943457565,-0.0048186175657278,0.0381427229409879));
#2865=CARTESIAN_POINT('',(-0.0027533180269171,-0.00476931360496576,0.0381530380390333));
#2866=CARTESIAN_POINT('',(-0.0026990931926221,-0.0046630719629031,0.0381823629930496));
#2867=CARTESIAN_POINT('',(-0.0026818955470597,-0.0046061589280334,0.0382013700861563));
#2868=CARTESIAN_POINT('',(-0.00267575653709761,-0.00454922071501896,0.0382234746323609));
#2869=CARTESIAN_POINT('',(-0.00285079821105121,-0.00532801034285998,0.0389151769810543));
#2870=CARTESIAN_POINT('',(-0.00279973077845515,-0.00531743539080908,0.0388905826820253));
#2871=CARTESIAN_POINT('',(-0.00274867960679245,-0.0052977621901452,0.0388699387198674));
#2872=CARTESIAN_POINT('',(-0.0026524847740097,-0.00524251203380602,0.038838988078946));
#2873=CARTESIAN_POINT('',(-0.00260735854491545,-0.00520695347454904,0.0388286837563827));
#2874=CARTESIAN_POINT('',(-0.00252821941130785,-0.00512411018490324,0.0388196296241623));
#2875=CARTESIAN_POINT('',(-0.00249422393882035,-0.00507684385093278,0.0388208821707053));
#2876=CARTESIAN_POINT('',(-0.0024413251329981,-0.00497605875201808,0.0388348642276643));
#2877=CARTESIAN_POINT('',(-0.00242243923168935,-0.00492255838349218,0.0388475960942804));
#2878=CARTESIAN_POINT('',(-0.00241221382712151,-0.0048690408014226,0.0388653449360423));
#2879=CARTESIAN_POINT('',(-0.00262209086745226,-0.00548089833949934,0.039263131135018));
#2880=CARTESIAN_POINT('',(-0.00257631962596361,-0.00546815401564488,0.0392342528789602));
#2881=CARTESIAN_POINT('',(-0.00253056076237156,-0.00544698665108218,0.0392091151018317));
#2882=CARTESIAN_POINT('',(-0.00244396024689016,-0.005390096430555,0.0391690551506313));
#2883=CARTESIAN_POINT('',(-0.00240313236622305,-0.0053543893976461,0.0391541366256728));
#2884=CARTESIAN_POINT('',(-0.002330768863702,-0.0052723185805755,0.0391361343091573));
#2885=CARTESIAN_POINT('',(-0.0022992470130703,-0.00522597061946942,0.0391330541667137));
#2886=CARTESIAN_POINT('',(-0.00224891252981905,-0.00512761849850932,0.0391391154590885));
#2887=CARTESIAN_POINT('',(-0.00223011366842181,-0.0050756301617109,0.0391482605430204));
#2888=CARTESIAN_POINT('',(-0.0022186922833405,-0.00502362756213518,0.0391630389575695));
#2889=CARTESIAN_POINT('',(-0.0021837629153177,-0.00568197035574668,0.0397088938104069));
#2890=CARTESIAN_POINT('',(-0.00214678296630535,-0.00566652110774318,0.0396749540021798));
#2891=CARTESIAN_POINT('',(-0.0021098110768334,-0.00564351329614824,0.03964446671462));
#2892=CARTESIAN_POINT('',(-0.0020394758427451,-0.0055846245980463,0.039593373926279));
#2893=CARTESIAN_POINT('',(-0.0020061219124839,-0.0055487565271999,0.0395727731048286));
#2894=CARTESIAN_POINT('',(-0.0019462709641234,-0.00546768031567986,0.0395434574800315));
#2895=CARTESIAN_POINT('',(-0.00191978336037925,-0.00542248499066682,0.0395347473560155));
#2896=CARTESIAN_POINT('',(-0.00187626811452545,-0.00532716612757198,0.0395300951047105));
#2897=CARTESIAN_POINT('',(-0.0018592498867709,-0.00527705540515082,0.0395341576567521));
#2898=CARTESIAN_POINT('',(-0.00184779929032595,-0.00522693369550192,0.0395444138801563));
#2899=CARTESIAN_POINT('',(-0.00202182116247515,-0.00574423349063406,0.0398447513381647));
#2900=CARTESIAN_POINT('',(-0.00198791582532835,-0.00572797364526162,0.0398093504720463));
#2901=CARTESIAN_POINT('',(-0.00195401734779636,-0.0057044186870033,0.0397773107302332));
#2902=CARTESIAN_POINT('',(-0.0018894205288084,-0.00564494012161232,0.0397229770736155));
#2903=CARTESIAN_POINT('',(-0.00185873032797015,-0.0056090284675111,0.0397006880306411));
#2904=CARTESIAN_POINT('',(-0.0018034415987166,-0.00552825639216228,0.0396679526675496));
#2905=CARTESIAN_POINT('',(-0.00177885121091895,-0.0054834079239461,0.0396575112192628));
#2906=CARTESIAN_POINT('',(-0.0017380982638279,-0.00538899790992014,0.0396494853602801));
#2907=CARTESIAN_POINT('',(-0.00172194384515225,-0.0053394483171418,0.0396519058214144));
#2908=CARTESIAN_POINT('',(-0.00171077161937125,-0.00528988863878422,0.0396606475907007));
#2909=CARTESIAN_POINT('',(-0.00167076491189185,-0.00585521062029676,0.0400844363897821));
#2910=CARTESIAN_POINT('',(-0.00164322887186436,-0.0058375368164576,0.0400465457701847));
#2911=CARTESIAN_POINT('',(-0.00161569766200986,-0.00581303237672748,0.0400118509927712));
#2912=CARTESIAN_POINT('',(-0.00156307613855635,-0.00575253505578318,0.0399519312547047));
#2913=CARTESIAN_POINT('',(-0.00153799173513395,-0.00571655266838436,0.0399267113886524));
#2914=CARTESIAN_POINT('',(-0.0014924845735461,-0.00563631811212652,0.0398879749103815));
#2915=CARTESIAN_POINT('',(-0.00147206772555726,-0.00559207643708286,0.0398744633927635));
#2916=CARTESIAN_POINT('',(-0.00143771681127778,-0.00549925199319378,0.0398603693258919));
#2917=CARTESIAN_POINT('',(-0.00142378865516376,-0.0054506797181637,0.039859791871239));
#2918=CARTESIAN_POINT('',(-0.00141372399918984,-0.00540209884664906,0.0398657114777516));
#2919=CARTESIAN_POINT('',(-0.00148164293907182,-0.0059039000422786,0.0401882269910245));
#2920=CARTESIAN_POINT('',(-0.00145740183137988,-0.00588562297904358,0.0401493076216139));
#2921=CARTESIAN_POINT('',(-0.00143316472383468,-0.0058607162441255,0.0401135102572854));
#2922=CARTESIAN_POINT('',(-0.00138678050199324,-0.00579979004813676,0.0400512454975527));
#2923=CARTESIAN_POINT('',(-0.0013646383405722,-0.00576378048407868,0.0400247832272367));
#2924=CARTESIAN_POINT('',(-0.00132435075445396,-0.00568377922710096,0.0399834660920113));
#2925=CARTESIAN_POINT('',(-0.00130621028263196,-0.00563979743119388,0.0399686163521903));
#2926=CARTESIAN_POINT('',(-0.00127549907769966,-0.00554764958348546,0.0399518291893333));
#2927=CARTESIAN_POINT('',(-0.0012629332974646,-0.00549949342869666,0.0399498968913857));
#2928=CARTESIAN_POINT('',(-0.00125369772370782,-0.00545132926509444,0.0399545100686426));
#2929=CARTESIAN_POINT('',(-0.00108286126532772,-0.00598384826911096,0.0403575532965945));
#2930=CARTESIAN_POINT('',(-0.00106536432577682,-0.0059645944230133,0.0403169935150065));
#2931=CARTESIAN_POINT('',(-0.0010478699703255,-0.0059390385240723,0.0402794334911326));
#2932=CARTESIAN_POINT('',(-0.00101431686766532,-0.00587742250630244,0.040213399930484));
#2933=CARTESIAN_POINT('',(-0.000998261390497602,-0.00584137133942854,0.0401849315238564));
#2934=CARTESIAN_POINT('',(-0.000968902145411142,-0.00576175105880178,0.0401394186915861));
#2935=CARTESIAN_POINT('',(-0.000955601647533541,-0.00571819089700388,0.0401223793960906));
#2936=CARTESIAN_POINT('',(-0.000932849481679801,-0.00562713882418886,0.0401011486374792));
#2937=CARTESIAN_POINT('',(-0.000923401083744823,-0.0055796558651267,0.0400969623045105));
#2938=CARTESIAN_POINT('',(-0.000916267120292401,-0.00553216581328552,0.0400993780399775));
#2939=CARTESIAN_POINT('',(-0.000873194089324403,-0.00601508250116798,0.040423052078305));
#2940=CARTESIAN_POINT('',(-0.000859146632660741,-0.0059954552333055,0.0403818805801274));
#2941=CARTESIAN_POINT('',(-0.000845101173565802,-0.00596965250514998,0.040343660478055));
#2942=CARTESIAN_POINT('',(-0.000818142309652801,-0.00590777555386328,0.0402762033296626));
#2943=CARTESIAN_POINT('',(-0.000805231448745482,-0.00587170993421634,0.0402469713882772));
#2944=CARTESIAN_POINT('',(-0.000781581196131942,-0.00579223724702078,0.0401998442358473));
#2945=CARTESIAN_POINT('',(-0.000770844348336462,-0.00574883878295642,0.0401819541297374));
#2946=CARTESIAN_POINT('',(-0.000752411487512561,-0.00565820576396682,0.0401589743755829));
#2947=CARTESIAN_POINT('',(-0.000744718018394862,-0.00561097981252586,0.0401538898324731));
#2948=CARTESIAN_POINT('',(-0.000738856466103681,-0.00556374709689406,0.040155415834806));
#2949=CARTESIAN_POINT('',(-0.000442339119307062,-0.00605717112255926,0.0405110964250164));
#2950=CARTESIAN_POINT('',(-0.000435273774126421,-0.0060370433437071,0.0404691096566413));
#2951=CARTESIAN_POINT('',(-0.000428209369614543,-0.0060109102041237,0.0404300089322605));
#2952=CARTESIAN_POINT('',(-0.000414632966641961,-0.00594868439442106,0.0403606487303394));
#2953=CARTESIAN_POINT('',(-0.000408122180270082,-0.005912599864944,0.0403303943175025));
#2954=CARTESIAN_POINT('',(-0.000396161568819081,-0.00583332563618112,0.0402810999822657));
#2955=CARTESIAN_POINT('',(-0.000390712955828801,-0.00579014407753746,0.0402620651245692));
#2956=CARTESIAN_POINT('',(-0.000381304490068601,-0.00570007282041906,0.0402367251574475));
#2957=CARTESIAN_POINT('',(-0.000377345849387461,-0.00565319126258648,0.0402304251127256));
#2958=CARTESIAN_POINT('',(-0.000374286928790961,-0.00560630337481988,0.0402307426076249));
#2959=CARTESIAN_POINT('',(-0.000221143850213823,-0.0060680009391,0.0405336050674));
#2960=CARTESIAN_POINT('',(-0.000217611380710702,-0.006047746172725,0.0404914146911917));
#2961=CARTESIAN_POINT('',(-0.000214079380997302,-0.00602152949054864,0.040452093417133));
#2962=CARTESIAN_POINT('',(-0.000207291621395942,-0.0059592157691668,0.0403822539409328));
#2963=CARTESIAN_POINT('',(-0.000204036467307501,-0.00592312675601616,0.0403517407886922));
#2964=CARTESIAN_POINT('',(-0.000198056731456903,-0.0058439033086151,0.0403018943107391));
#2965=CARTESIAN_POINT('',(-0.000195332755494262,-0.00580077690041954,0.0402825660349275));
#2966=CARTESIAN_POINT('',(-0.000190629355066382,-0.00571084822645958,0.0402566163546075));
#2967=CARTESIAN_POINT('',(-0.000188650536400662,-0.00566405398675,0.04025));
#2968=CARTESIAN_POINT('',(-0.000187121719411702,-0.005617253523,0.04025));
#2969=CARTESIAN_POINT('',(-1.7347234759768E-18,-0.0060680009391,0.0405336050674));
#2970=CARTESIAN_POINT('',(-1.7347234759768E-18,-0.006047746172725,0.0404914146911917));
#2971=CARTESIAN_POINT('',(-1.7347234759768E-18,-0.00602152949054864,0.040452093417133));
#2972=CARTESIAN_POINT('',(-1.7347234759768E-18,-0.0059592157691668,0.0403822539409328));
#2973=CARTESIAN_POINT('',(-1.7347234759768E-18,-0.00592312675601616,0.0403517407886922));
#2974=CARTESIAN_POINT('',(-1.7347234759768E-18,-0.0058439033086151,0.0403018943107391));
#2975=CARTESIAN_POINT('',(-1.7347234759768E-18,-0.00580077690041954,0.0402825660349275));
#2976=CARTESIAN_POINT('',(-1.7347234759768E-18,-0.00571084822645958,0.0402566163546075));
#2977=CARTESIAN_POINT('',(-1.7347234759768E-18,-0.00566405398675,0.04025));
#2978=CARTESIAN_POINT('',(-1.7347234759768E-18,-0.005617253523,0.04025));
#2979=CARTESIAN_POINT('',(-7.24256203090989E-49,-0.00356815206749973,0.0341050336389001));
#2980=CARTESIAN_POINT('',(-0.000884575400809746,-0.00356815206749973,0.0341050336389001));
#2981=CARTESIAN_POINT('',(-0.00263113531395929,-0.0037931079565937,0.0348761583513467));
#2982=CARTESIAN_POINT('',(-0.00356800907309913,-0.00466452309649151,0.0373739637874807));
#2983=CARTESIAN_POINT('',(-0.00259550687193827,-0.00569232929411286,0.0397678516639277));
#2984=CARTESIAN_POINT('',(-0.000884575358271412,-0.00606800092138484,0.0405336050304783));
#2985=CARTESIAN_POINT('',(-1.74499997784849E-11,-0.00606800094637704,0.0405336050825367));
#2986=CARTESIAN_POINT('',(-5.3100001826123E-11,-0.00331295598,0.0088852533772));
#2987=CARTESIAN_POINT('',(-4.41833410136372E-11,-0.0033337479905,0.00881125582836665));
#2988=CARTESIAN_POINT('',(-3.52990223856375E-11,-0.00333711555169454,0.0087324641397996));
#2989=CARTESIAN_POINT('',(-1.94054633473329E-11,-0.0033083090260539,0.00858155790271565));
#2990=CARTESIAN_POINT('',(-1.24036423493346E-11,-0.00327620078055834,0.00850953024554895));
#2991=CARTESIAN_POINT('',(-1.69010118400426E-12,-0.00318336986701666,0.00838702053578855));
#2992=CARTESIAN_POINT('',(2.01419783629752E-12,-0.00312271304031016,0.00833662537454505));
#2993=CARTESIAN_POINT('',(5.35045792393607E-12,-0.00298522524185704,0.00826807164295065));
#2994=CARTESIAN_POINT('',(4.9749978442426E-12,-0.00290846011145,0.00824999996395));
#2995=CARTESIAN_POINT('',(2.59999660690013E-12,-0.0028315969532,0.0082499999642));
#2996=CARTESIAN_POINT('',(0.000220102823511797,-0.00331295598689322,0.0088852534399796));
#2997=CARTESIAN_POINT('',(0.000214695761900738,-0.00333374799658616,0.00881125588938975));
#2998=CARTESIAN_POINT('',(0.000209295596208197,-0.00333711555716146,0.0087324641991289));
#2999=CARTESIAN_POINT('',(0.000199623797412378,-0.00330830903080464,0.00858155795899025));
#3000=CARTESIAN_POINT('',(0.000195356796028298,-0.0032762007852102,0.0085095303004621));
#3001=CARTESIAN_POINT('',(0.000188826457118279,-0.00318336987193556,0.0083870205884467));
#3002=CARTESIAN_POINT('',(0.000186567751311557,-0.00312271304559304,0.00833662542630905));
#3003=CARTESIAN_POINT('',(0.000184541310326599,-0.0029852252481328,0.00826807169347585));
#3004=CARTESIAN_POINT('',(0.000184778206867579,-0.0029084601183527,0.00825000001413));
#3005=CARTESIAN_POINT('',(0.000186240854070077,-0.00283159696071988,0.00825000001433255));
#3006=CARTESIAN_POINT('',(0.000440197089428999,-0.00331917903001744,0.0088630386005191));
#3007=CARTESIAN_POINT('',(0.000429383361482999,-0.003339838281682,0.0087896629906501));
#3008=CARTESIAN_POINT('',(0.000418583423189478,-0.00334310320263914,0.00871149081346895));
#3009=CARTESIAN_POINT('',(0.000399240468023497,-0.00331417394866616,0.00856166587842135));
#3010=CARTESIAN_POINT('',(0.000390706714046098,-0.00328204539309002,0.00849009928801105));
#3011=CARTESIAN_POINT('',(0.000377646311580337,-0.00318924931053724,0.00836823721022));
#3012=CARTESIAN_POINT('',(0.000373128925987038,-0.00312864740291456,0.00831802789029545));
#3013=CARTESIAN_POINT('',(0.000369075873667739,-0.00299131548038658,0.00824951380836685));
#3014=CARTESIAN_POINT('',(0.000369549469836777,-0.00291465108483528,0.00823129521381905));
#3015=CARTESIAN_POINT('',(0.000372474503358119,-0.00283788914720722,0.0082309939994213));
#3016=CARTESIAN_POINT('',(0.000870662193258959,-0.0033439505906027,0.0087753690060723));
#3017=CARTESIAN_POINT('',(0.000849385324972599,-0.00336408098256054,0.00870442461409435));
#3018=CARTESIAN_POINT('',(0.000828135151840838,-0.00336693759085772,0.00862867517884085));
#3019=CARTESIAN_POINT('',(0.000790045280165137,-0.00333752048581082,0.00848308510078345));
#3020=CARTESIAN_POINT('',(0.000773223640033639,-0.00330531150934284,0.00841332780846105));
#3021=CARTESIAN_POINT('',(0.000747418300073757,-0.003212654509473,0.00829401822168175));
#3022=CARTESIAN_POINT('',(0.000738452658657858,-0.00315227122294726,0.00824454927770645));
#3023=CARTESIAN_POINT('',(0.000730279294082998,-0.0030155593266609,0.00817622270404245));
#3024=CARTESIAN_POINT('',(0.000731089629336497,-0.0029392954537764,0.00815744842483535));
#3025=CARTESIAN_POINT('',(0.000736714292627939,-0.00286293595247808,0.00815598775926095));
#3026=CARTESIAN_POINT('',(0.00108101226113994,-0.0033625015170664,0.00870992812698145));
#3027=CARTESIAN_POINT('',(0.00105468026679134,-0.00338223560064616,0.00864079198539351));
#3028=CARTESIAN_POINT('',(0.00102838097424586,-0.0033847863850512,0.0085668447886607));
#3029=CARTESIAN_POINT('',(0.000981217515984437,-0.0033550039788118,0.00842440673113925));
#3030=CARTESIAN_POINT('',(0.000960375570481019,-0.00332273486417328,0.00835599712911685));
#3031=CARTESIAN_POINT('',(0.000928356162528399,-0.003230182163378,0.00823859196416555));
#3032=CARTESIAN_POINT('',(0.00091720092029172,-0.0031699626532272,0.00818967766000285));
#3033=CARTESIAN_POINT('',(0.000906932861297918,-0.00303371511298048,0.00812149977031655));
#3034=CARTESIAN_POINT('',(0.000907842264753319,-0.00295775115889046,0.00810231744355915));
#3035=CARTESIAN_POINT('',(0.000914702842073596,-0.0028816930045464,0.00809999942259885));
#3036=CARTESIAN_POINT('',(0.00148294015404464,-0.0034115594518001,0.00853930058909235));
#3037=CARTESIAN_POINT('',(0.00144716321149678,-0.00343024567160294,0.00847480091632805));
#3038=CARTESIAN_POINT('',(0.00141142937600078,-0.00343198979467862,0.0084054781211245));
#3039=CARTESIAN_POINT('',(0.0013472525485318,-0.0034012451775986,0.00827114883178595));
#3040=CARTESIAN_POINT('',(0.001318839223841,-0.0033688187723472,0.0082062182801606));
#3041=CARTESIAN_POINT('',(0.00127499880145158,-0.0032765431087442,0.00809376700748915));
#3042=CARTESIAN_POINT('',(0.00125960137103516,-0.00321675618529692,0.00804632222895275));
#3043=CARTESIAN_POINT('',(0.0012450295216841,-0.0030817334584037,0.00797863685522315));
#3044=CARTESIAN_POINT('',(0.00124588477003164,-0.0030065599898621,0.0079584722025397));
#3045=CARTESIAN_POINT('',(0.00125479560764254,-0.00293129602579254,0.00795401809189115));
#3046=CARTESIAN_POINT('',(0.0016744980735939,-0.0034420687396754,0.00843412707963515));
#3047=CARTESIAN_POINT('',(0.00163433258437163,-0.00346010320705908,0.00837245467633015));
#3048=CARTESIAN_POINT('',(0.00159421459587594,-0.0034613463481562,0.0083059531292429));
#3049=CARTESIAN_POINT('',(0.00152210004281182,-0.00343000465052782,0.0081765791702395));
#3050=CARTESIAN_POINT('',(0.00149013642841648,-0.0033974810661206,0.0081137794775281));
#3051=CARTESIAN_POINT('',(0.00144068982580808,-0.00330537818495694,0.0080043772646062));
#3052=CARTESIAN_POINT('',(0.00142323978776806,-0.00324586014251876,0.00795784746360045));
#3053=CARTESIAN_POINT('',(0.00140645791436874,-0.00311159806930524,0.0078905066714622));
#3054=CARTESIAN_POINT('',(0.00140715902918246,-0.00303691529284816,0.00786976839953445));
#3055=CARTESIAN_POINT('',(0.00141688296811176,-0.0029621442977239,0.00786403636317955));
#3056=CARTESIAN_POINT('',(0.0020311112894428,-0.00351434866064688,0.00818939165938045));
#3057=CARTESIAN_POINT('',(0.00198307201750998,-0.0035308449727449,0.00813414810786445));
#3058=CARTESIAN_POINT('',(0.00193508701399504,-0.00353090973247628,0.0080740680892235));
#3059=CARTESIAN_POINT('',(0.00184864448081804,-0.00349816644117666,0.0079560133770184));
#3060=CARTESIAN_POINT('',(0.00181022531757104,-0.0034654171087184,0.0078981041741805));
#3061=CARTESIAN_POINT('',(0.00175041709750864,-0.00337372501074244,0.00779577264963075));
#3062=CARTESIAN_POINT('',(0.00172906640710828,-0.00331484096379748,0.0077514158186451));
#3063=CARTESIAN_POINT('',(0.00170775373559692,-0.0031823689039566,0.007685078187334));
#3064=CARTESIAN_POINT('',(0.001707830120901,-0.0031088396096334,0.00766316287773475));
#3065=CARTESIAN_POINT('',(0.00171863265119202,-0.00303522733200124,0.0076546515940826));
#3066=CARTESIAN_POINT('',(0.0021961359290213,-0.003556121822709,0.00804987148572285));
#3067=CARTESIAN_POINT('',(0.00214461346901057,-0.00357173149301474,0.0079982262031458));
#3068=CARTESIAN_POINT('',(0.00209314764707526,-0.00357111871421002,0.0079417432453468));
#3069=CARTESIAN_POINT('',(0.00200031820682538,-0.0035375707722833,0.0078300474576967));
#3070=CARTESIAN_POINT('',(0.0019589950840203,-0.00350469287209176,0.00777489611860145));
#3071=CARTESIAN_POINT('',(0.00189443272784574,-0.00341323885453864,0.007676584820816));
#3072=CARTESIAN_POINT('',(0.00187123398998576,-0.0033547200001075,0.0076334863528815));
#3073=CARTESIAN_POINT('',(0.0018475989915585,-0.00322327748069166,0.0075678101197553));
#3074=CARTESIAN_POINT('',(0.0018472032265007,-0.0031504110786374,0.00754529384531935));
#3075=CARTESIAN_POINT('',(0.00185826901239707,-0.00307746465039232,0.0075352842570277));
#3076=CARTESIAN_POINT('',(0.00249359865934694,-0.0036498984962919,0.0077433279016007));
#3077=CARTESIAN_POINT('',(0.00243616037454348,-0.0036635355423631,0.0076993442212403));
#3078=CARTESIAN_POINT('',(0.0023787814114634,-0.0036614221361066,0.00765053061774575));
#3079=CARTESIAN_POINT('',(0.0022749919404386,-0.00362609709595436,0.0075524598482539));
#3080=CARTESIAN_POINT('',(0.0022286249168871,-0.0035929395123083,0.007503255843532));
#3081=CARTESIAN_POINT('',(0.00215558966531468,-0.00350202099077114,0.00741373531817295));
#3082=CARTESIAN_POINT('',(0.00212896492168698,-0.0034443141031297,0.00737347195881125));
#3083=CARTESIAN_POINT('',(0.00210063359848244,-0.0033151544353842,0.00730957737276905));
#3084=CARTESIAN_POINT('',(0.00209897050329878,-0.00324375570552976,0.0072859993073639));
#3085=CARTESIAN_POINT('',(0.00210996842256544,-0.00317228330078412,0.0072730190144706));
#3086=CARTESIAN_POINT('',(0.0026260460247636,-0.003701900733798,0.00757631766470135));
#3087=CARTESIAN_POINT('',(0.00256617419523064,-0.00371445201961834,0.00753639656347755));
#3088=CARTESIAN_POINT('',(0.00250636200647464,-0.00371151571588666,0.00749165451137305));
#3089=CARTESIAN_POINT('',(0.00239799799982932,-0.00367521847456266,0.0074008486078375));
#3090=CARTESIAN_POINT('',(0.00234949052812664,-0.00364190983068602,0.0073548335896276));
#3091=CARTESIAN_POINT('',(0.00227273612760688,-0.00355128869470866,0.00727008309403685));
#3092=CARTESIAN_POINT('',(0.00224453354497642,-0.00349402849632358,0.00723139644987715));
#3093=CARTESIAN_POINT('',(0.0022138290993536,-0.0033661218784577,0.0071686226171853));
#3094=CARTESIAN_POINT('',(0.00221137158254786,-0.00329552775269256,0.0071445842618744));
#3095=CARTESIAN_POINT('',(0.00222203932350446,-0.00322486334495464,0.00713013238078075));
#3096=CARTESIAN_POINT('',(0.00285436081389906,-0.0038147284378618,0.00722220552789785));
#3097=CARTESIAN_POINT('',(0.00279070066690488,-0.00382496023872508,0.00719058128972865));
#3098=CARTESIAN_POINT('',(0.00272709908952856,-0.00382027547120578,0.00715416824461475));
#3099=CARTESIAN_POINT('',(0.002611471661722,-0.00378191990211876,0.0070783132028449));
#3100=CARTESIAN_POINT('',(0.00255949070567936,-0.0037482976836683,0.00703891147513095));
#3101=CARTESIAN_POINT('',(0.0024764391274625,-0.00365832090461726,0.00696421435520045));
#3102=CARTESIAN_POINT('',(0.0024454133996759,-0.00360201492713392,0.00692895923192595));
#3103=CARTESIAN_POINT('',(0.00241004628370238,-0.00347677625134394,0.0068689886264635));
#3104=CARTESIAN_POINT('',(0.00240574978990306,-0.00340789213615456,0.00684431341321755));
#3105=CARTESIAN_POINT('',(0.00241522875235966,-0.00333894468917196,0.0068271696484549));
#3106=CARTESIAN_POINT('',(0.00295023751228734,-0.00387555263040484,0.00703511680155885));
#3107=CARTESIAN_POINT('',(0.00288522168454682,-0.00388455092875326,0.00700772609316655));
#3108=CARTESIAN_POINT('',(0.00282026304127458,-0.0038789407863621,0.0069755697615807));
#3109=CARTESIAN_POINT('',(0.00270194531600881,-0.00383949933711048,0.00690739948797346));
#3110=CARTESIAN_POINT('',(0.00264863081681454,-0.00380571465980744,0.0068714215801247));
#3111=CARTESIAN_POINT('',(0.00256300082018634,-0.00371608482208956,0.00680200729019235));
#3112=CARTESIAN_POINT('',(0.00253072990555162,-0.0036602862912321,0.0067686069422814));
#3113=CARTESIAN_POINT('',(0.00249307411708879,-0.0035364622462727,0.00671031931514925));
#3114=CARTESIAN_POINT('',(0.0024877338260599,-0.00346848336172818,0.00668546807010076));
#3115=CARTESIAN_POINT('',(0.00249635513225156,-0.00340044470138856,0.0066671048216312));
#3116=CARTESIAN_POINT('',(0.00317960625037876,-0.00406865392363438,0.0064551129829347));
#3117=CARTESIAN_POINT('',(0.00311205506778968,-0.00407381954968164,0.00644029047376455));
#3118=CARTESIAN_POINT('',(0.00304455518743146,-0.0040653520169093,0.0064207968142586));
#3119=CARTESIAN_POINT('',(0.00292088899101768,-0.00402257195929146,0.0063756504992783));
#3120=CARTESIAN_POINT('',(0.00286476491235406,-0.00398830008319542,0.00635002184276325));
#3121=CARTESIAN_POINT('',(0.00277317422726538,-0.00389976670542922,0.0062968689409835));
#3122=CARTESIAN_POINT('',(0.00273774985823228,-0.00384554585250852,0.00626936869467815));
#3123=CARTESIAN_POINT('',(0.0026936238518936,-0.00372610316854218,0.00621704815635175));
#3124=CARTESIAN_POINT('',(0.00268496445198,-0.00366092198624598,0.0061922518632901));
#3125=CARTESIAN_POINT('',(0.00269043616257217,-0.00359569154784494,0.0061708794024046));
#3126=CARTESIAN_POINT('',(0.00325427678217738,-0.00421168284656018,0.006043800813959));
#3127=CARTESIAN_POINT('',(0.0031870905822471,-0.00421412023116694,0.00603713900012185));
#3128=CARTESIAN_POINT('',(0.0031199495219158,-0.0042036429295992,0.0060259034530031));
#3129=CARTESIAN_POINT('',(0.0029963722643833,-0.00415853427034494,0.00599600313089595));
#3130=CARTESIAN_POINT('',(0.0029399748557297,-0.0041239394238909,0.0059773553051218));
#3131=CARTESIAN_POINT('',(0.00284679551805824,-0.00403621158249864,0.00593557735911125));
#3132=CARTESIAN_POINT('',(0.00281005237758798,-0.0039831150987929,0.00591246418808915));
#3133=CARTESIAN_POINT('',(0.00276214699183888,-0.0038667721224962,0.00586538880484685));
#3134=CARTESIAN_POINT('',(0.00275102353510766,-0.0038035621411377,0.0058414435418409));
#3135=CARTESIAN_POINT('',(0.00275361880506114,-0.00374030967263074,0.0058189793065819));
#3136=CARTESIAN_POINT('',(0.0032453464392595,-0.00450908384223774,0.00522857373707875));
#3137=CARTESIAN_POINT('',(0.00318194853313314,-0.00450619152822814,0.00523648312745105));
#3138=CARTESIAN_POINT('',(0.00311858351320923,-0.0044918476027875,0.00524007657355875));
#3139=CARTESIAN_POINT('',(0.003000900222245,-0.00444230922242996,0.0052380610543251));
#3140=CARTESIAN_POINT('',(0.002946612673718,-0.00440714356140778,0.005232458209878));
#3141=CARTESIAN_POINT('',(0.0028547844724659,-0.0043210575439805,0.00521283094831715));
#3142=CARTESIAN_POINT('',(0.00281727454225414,-0.00427016598147018,0.00519881265209775));
#3143=CARTESIAN_POINT('',(0.0027644377745632,-0.00415984573123668,0.0051642908188593));
#3144=CARTESIAN_POINT('',(0.00274914165959736,-0.00410044583740826,0.00514379340273455));
#3145=CARTESIAN_POINT('',(0.00274606237676899,-0.00404101512567594,0.0051215074652711));
#3146=CARTESIAN_POINT('',(0.00316218700115466,-0.00466348985951558,0.00482429808334225));
#3147=CARTESIAN_POINT('',(0.0031021834457692,-0.00465799717324434,0.0048386502628397));
#3148=CARTESIAN_POINT('',(0.00304220671280884,-0.00464179665005244,0.00484884612558915));
#3149=CARTESIAN_POINT('',(0.00293028052015666,-0.00459015705452812,0.0048595176689629));
#3150=CARTESIAN_POINT('',(0.00287835722712444,-0.00455474320066904,0.0048599956275393));
#3151=CARTESIAN_POINT('',(0.00278944913757228,-0.00446949288926502,0.00485115578165055));
#3152=CARTESIAN_POINT('',(0.00275249050771194,-0.00441968165019342,0.00484184025513745));
#3153=CARTESIAN_POINT('',(0.00269852322946644,-0.00431228434342546,0.00481459693140065));
#3154=CARTESIAN_POINT('',(0.00268154074774084,-0.00425472349420248,0.00479667141212895));
#3155=CARTESIAN_POINT('',(0.0026756966302003,-0.0041971367559006,0.0047756268710102));
#3156=CARTESIAN_POINT('',(0.00284895323572542,-0.0049625154394416,0.00407140911204321));
#3157=CARTESIAN_POINT('',(0.00279765885031038,-0.00495229809994308,0.0040966174942867));
#3158=CARTESIAN_POINT('',(0.00274638134309676,-0.00493277391896362,0.00411801505898925));
#3159=CARTESIAN_POINT('',(0.00264984325405954,-0.00487741706686354,0.00415063151481546));
#3160=CARTESIAN_POINT('',(0.00260460060771818,-0.0048416034945395,0.00416184757533066));
#3161=CARTESIAN_POINT('',(0.0025254233648063,-0.0047579336036744,0.00417276152494305));
#3162=CARTESIAN_POINT('',(0.00249150670371808,-0.00471009638392994,0.0041724565834318));
#3163=CARTESIAN_POINT('',(0.00243900657565538,-0.00460799433175994,0.00416029715128055));
#3164=CARTESIAN_POINT('',(0.00242044104416316,-0.00455374859813102,0.0041484398300321));
#3165=CARTESIAN_POINT('',(0.00241065265964664,-0.0044994848377862,0.00413148856455505));
#3166=CARTESIAN_POINT('',(0.00261873501307438,-0.00510711358869954,0.0037226472808065));
#3167=CARTESIAN_POINT('',(0.00257275044437088,-0.0050947705918058,0.0037522885682549));
#3168=CARTESIAN_POINT('',(0.0025267788250032,-0.0050737777054258,0.00377830442101695));
#3169=CARTESIAN_POINT('',(0.00243986360045546,-0.00501680239813894,0.00382020800060381));
#3170=CARTESIAN_POINT('',(0.002398934260558,-0.00498083652808252,0.00383609158218546));
#3171=CARTESIAN_POINT('',(0.00232656668187536,-0.0048979111768659,0.00385597875875445));
#3172=CARTESIAN_POINT('',(0.00229514270837278,-0.00485096824655614,0.00385997820849861));
#3173=CARTESIAN_POINT('',(0.0022452534317693,-0.00475124075001896,0.00385560330442301));
#3174=CARTESIAN_POINT('',(0.00222680239395106,-0.00469847273464198,0.00384722480536005));
#3175=CARTESIAN_POINT('',(0.0022158527379215,-0.0046456896520239,0.003833103696521));
#3176=CARTESIAN_POINT('',(0.00217907760050328,-0.00529682479051984,0.00327719670120775));
#3177=CARTESIAN_POINT('',(0.00214192078516152,-0.00528182903001766,0.0033120777679147));
#3178=CARTESIAN_POINT('',(0.0021047725026429,-0.00525902443181848,0.00334358929596955));
#3179=CARTESIAN_POINT('',(0.00203418583834836,-0.005200072656334,0.00339672637259755));
#3180=CARTESIAN_POINT('',(0.00200075730629968,-0.00516393903848368,0.0034183467150155));
#3181=CARTESIAN_POINT('',(0.0019409405946588,-0.00508197136254078,0.00344954981742666));
#3182=CARTESIAN_POINT('',(0.00191456226479384,-0.00503615086388318,0.00345912737126455));
#3183=CARTESIAN_POINT('',(0.00187149883457907,-0.0049393847057868,0.0034652551897732));
#3184=CARTESIAN_POINT('',(0.00185482358395652,-0.00488845260578298,0.0034618002482887));
#3185=CARTESIAN_POINT('',(0.00184383485338439,-0.00483750874390334,0.0034519958492777));
#3186=CARTESIAN_POINT('',(0.00201682132824676,-0.00535550022864884,0.00314165702406045));
#3187=CARTESIAN_POINT('',(0.00198275452677428,-0.00533970875038218,0.00317805139025555));
#3188=CARTESIAN_POINT('',(0.00194869501927874,-0.00531636481693526,0.0032111577314601));
#3189=CARTESIAN_POINT('',(0.00188387231112064,-0.00525682856369484,0.00326759242061326));
#3190=CARTESIAN_POINT('',(0.00185311765858192,-0.0052206489419975,0.00329091535982666));
#3191=CARTESIAN_POINT('',(0.00179787455382422,-0.0051389740163569,0.0033255342554048));
#3192=CARTESIAN_POINT('',(0.00177339464972907,-0.0050934914105098,0.00333682480303435));
#3193=CARTESIAN_POINT('',(0.00173308556998996,-0.00499761306168018,0.0033462559590619));
#3194=CARTESIAN_POINT('',(0.00171726494246982,-0.0049472300167938,0.00334439115872461));
#3195=CARTESIAN_POINT('',(0.00170654103870578,-0.00489683612495764,0.00333603405821325));
#3196=CARTESIAN_POINT('',(0.0016655133800859,-0.00545999267480644,0.0029028077371743));
#3197=CARTESIAN_POINT('',(0.0016378491590681,-0.00544281268918186,0.00294178144054481));
#3198=CARTESIAN_POINT('',(0.00161019011910508,-0.0054185322546319,0.00297761481920105));
#3199=CARTESIAN_POINT('',(0.00155739577414238,-0.0053579855860459,0.0030397301635615));
#3200=CARTESIAN_POINT('',(0.00153226672082946,-0.0053217305896973,0.00306600647934665));
#3201=CARTESIAN_POINT('',(0.00148682134982714,-0.0052405728610707,0.003106613569056));
#3202=CARTESIAN_POINT('',(0.0014665112838245,-0.00519568136648016,0.00312093869306115));
#3203=CARTESIAN_POINT('',(0.0014325684619334,-0.00510135206412014,0.003136306702327));
#3204=CARTESIAN_POINT('',(0.00141894195773174,-0.0050519254940381,0.0031373439376686));
#3205=CARTESIAN_POINT('',(0.00140928040744664,-0.005002489593027,0.00313168516999531));
#3206=CARTESIAN_POINT('',(0.001476463332463,-0.0055057857832082,0.00279953565292535));
#3207=CARTESIAN_POINT('',(0.00145211185189834,-0.0054880131154682,0.00283957543757251));
#3208=CARTESIAN_POINT('',(0.00142776467786852,-0.00546333555921968,0.00287654103688721));
#3209=CARTESIAN_POINT('',(0.00138123499967546,-0.0054023629722324,0.00294103921537826));
#3210=CARTESIAN_POINT('',(0.00135905775178106,-0.00536607857990674,0.0029685661058406));
#3211=CARTESIAN_POINT('',(0.00131883652567038,-0.00528514521458124,0.0030117448621251));
#3212=CARTESIAN_POINT('',(0.00130079780372294,-0.00524050687999452,0.0030273910392333));
#3213=CARTESIAN_POINT('',(0.00127046657172988,-0.0051468386860321,0.00304539104812835));
#3214=CARTESIAN_POINT('',(0.00125817931795308,-0.0050978194650695,0.0030477391912012));
#3215=CARTESIAN_POINT('',(0.0012493149684127,-0.00504879151449264,0.0030433301738934));
#3216=CARTESIAN_POINT('',(0.00107837037415348,-0.00558091248019994,0.00263122765296225));
#3217=CARTESIAN_POINT('',(0.00106079743259846,-0.00556218023264514,0.00267296725843605));
#3218=CARTESIAN_POINT('',(0.00104322729241104,-0.0055368618002228,0.00271174225787265));
#3219=CARTESIAN_POINT('',(0.00100957874911014,-0.00547520391346168,0.0027800675637841));
#3220=CARTESIAN_POINT('',(0.000993503838019758,-0.00543887414715124,0.0028096121630364));
#3221=CARTESIAN_POINT('',(0.000964208782240199,-0.00535830695533128,0.00285696813824275));
#3222=CARTESIAN_POINT('',(0.000950992129574158,-0.0053140792178501,0.00287477380697415));
#3223=CARTESIAN_POINT('',(0.000928541770218458,-0.0052214814443971,0.0028971129724751));
#3224=CARTESIAN_POINT('',(0.000919311555551939,-0.0051731210964536,0.002901640762022));
#3225=CARTESIAN_POINT('',(0.000912467098437978,-0.00512475295818904,0.00289933339043145));
#3226=CARTESIAN_POINT('',(0.000869329091748278,-0.00561022216916306,0.00256622926273795));
#3227=CARTESIAN_POINT('',(0.000855222122617497,-0.00559112313138694,0.0026086026513512));
#3228=CARTESIAN_POINT('',(0.000841117323763078,-0.00556556098864608,0.0026480548266077));
#3229=CARTESIAN_POINT('',(0.000814085508295337,-0.00550364373970074,0.0027178242172574));
#3230=CARTESIAN_POINT('',(0.000801161214293177,-0.00546729797020976,0.00274813574552335));
#3231=CARTESIAN_POINT('',(0.000777568201972558,-0.00538687250518364,0.0027970965386873));
#3232=CARTESIAN_POINT('',(0.000766902206265218,-0.00534280214636196,0.00281574011645801));
#3233=CARTESIAN_POINT('',(0.000748720812174478,-0.0052506135562155,0.00283978492284535));
#3234=CARTESIAN_POINT('',(0.000741208136402199,-0.0052025046616042,0.00284518046433475));
#3235=CARTESIAN_POINT('',(0.000735586045043759,-0.00515438831487038,0.00284372370412305));
#3236=CARTESIAN_POINT('',(0.000440194440884498,-0.00564967980772654,0.0024789376687619));
#3237=CARTESIAN_POINT('',(0.000433100227826959,-0.0056300893924888,0.00252215540182275));
#3238=CARTESIAN_POINT('',(0.000426007041027799,-0.00560420114697146,0.0025625105310399));
#3239=CARTESIAN_POINT('',(0.000412396627213537,-0.00554193724017026,0.0026342090788461));
#3240=CARTESIAN_POINT('',(0.000405880702639299,-0.00550557044879584,0.00266554684404365));
#3241=CARTESIAN_POINT('',(0.000393953251362117,-0.00542533540840062,0.00271666024326505));
#3242=CARTESIAN_POINT('',(0.000388543027100079,-0.00538147602928928,0.00273643022389745));
#3243=CARTESIAN_POINT('',(0.000379268267245379,-0.00528983564776514,0.0027627746243664));
#3244=CARTESIAN_POINT('',(0.000375405034093599,-0.00524206351526178,0.00276934339081145));
#3245=CARTESIAN_POINT('',(0.000372472180417379,-0.00519428437775058,0.00276904095838151));
#3246=CARTESIAN_POINT('',(0.000220102700707358,-0.0056598038577,0.0024566819905));
#3247=CARTESIAN_POINT('',(0.000216555445166559,-0.0056400889627,0.00250011032845835));
#3248=CARTESIAN_POINT('',(0.000213008702513479,-0.0056141183688815,0.00254069123217285));
#3249=CARTESIAN_POINT('',(0.000206203222230099,-0.005551767185597,0.0026128746438457));
#3250=CARTESIAN_POINT('',(0.000202945135698299,-0.00551539535034688,0.002644471511862));
#3251=CARTESIAN_POINT('',(0.0001969812200251,-0.00543520892437812,0.00269613196479425));
#3252=CARTESIAN_POINT('',(0.000194276041982158,-0.0053914030878754,0.00271618990976825));
#3253=CARTESIAN_POINT('',(0.000189638633624138,-0.00529990160286172,0.00274312674734215));
#3254=CARTESIAN_POINT('',(0.000187707054407519,-0.00525221470856668,0.00275));
#3255=CARTESIAN_POINT('',(0.000186240746731798,-0.0052045209184,0.00275));
#3256=CARTESIAN_POINT('',(-1.7347234759768E-18,-0.0056598038577,0.0024566819905));
#3257=CARTESIAN_POINT('',(-1.7347234759768E-18,-0.0056400889627,0.00250011032845835));
#3258=CARTESIAN_POINT('',(-1.7347234759768E-18,-0.0056141183688815,0.00254069123217285));
#3259=CARTESIAN_POINT('',(-1.7347234759768E-18,-0.005551767185597,0.0026128746438457));
#3260=CARTESIAN_POINT('',(-1.7347234759768E-18,-0.00551539535034688,0.002644471511862));
#3261=CARTESIAN_POINT('',(-1.7347234759768E-18,-0.00543520892437812,0.00269613196479425));
#3262=CARTESIAN_POINT('',(-1.7347234759768E-18,-0.0053914030878754,0.00271618990976825));
#3263=CARTESIAN_POINT('',(-1.7347234759768E-18,-0.00529990160286172,0.00274312674734215));
#3264=CARTESIAN_POINT('',(-1.7347234759768E-18,-0.00525221470856668,0.00275));
#3265=CARTESIAN_POINT('',(-1.7347234759768E-18,-0.0052045209184,0.00275));
#3266=CARTESIAN_POINT('',(-1.7347234759768E-18,-0.0052045209184,0.00275));
#3267=CARTESIAN_POINT('',(-1.7347234759768E-18,-0.00539529607906672,0.00275));
#3268=CARTESIAN_POINT('',(-1.7347234759768E-18,-0.0055809442777,0.0026303953423334));
#3269=CARTESIAN_POINT('',(-1.7347234759768E-18,-0.0056598038577,0.0024566819905));
#3270=CARTESIAN_POINT('',(-1.7347234759768E-18,-0.00565980385768718,0.0024566819904942));
#3271=CARTESIAN_POINT('',(-2.65499983109763E-11,-0.00331295599103634,0.00888525340043615));
#3272=CARTESIAN_POINT('',(0.000880411209009451,-0.00331295598137943,0.0088852534348045));
#3273=CARTESIAN_POINT('',(0.00262188387614313,-0.00351846682640868,0.00812334364943628));
#3274=CARTESIAN_POINT('',(0.00357201739781255,-0.00433396437942372,0.00561995319613545));
#3275=CARTESIAN_POINT('',(0.00258884420458512,-0.00530796310946977,0.00321402109695613));
#3276=CARTESIAN_POINT('',(0.000880410802957131,-0.00565980385767432,0.00245668199048837));
#3277=CARTESIAN_POINT('',(-4.47584459221685E-49,-0.00565980385767432,0.00245668199048837));
#3278=CARTESIAN_POINT('',(-3.98250026706348E-11,-0.00331295598552182,0.00888525338881911));
#3279=CARTESIAN_POINT('',(-5.3100001826123E-11,-0.00331295598,0.0088852533772));
#3280=CARTESIAN_POINT('',(-3.52666802011514E-11,-0.003354540001,0.0087372582795333));
#3281=CARTESIAN_POINT('',(-1.35402973555652E-13,-0.003289639012225,0.00840292165972085));
#3282=CARTESIAN_POINT('',(7.34999908158506E-12,-0.0029853232697,0.0082499999637));
#3283=CARTESIAN_POINT('',(2.59999660690013E-12,-0.0028315969532,0.0082499999642));
#3284=CARTESIAN_POINT('',(-1.7347234759768E-18,-0.0056598038577,0.0024566819905));
#3285=CARTESIAN_POINT('',(-1.7347234759768E-18,-0.0056400889627,0.00250011032845835));
#3286=CARTESIAN_POINT('',(-1.7347234759768E-18,-0.0056141183688815,0.00254069123217285));
#3287=CARTESIAN_POINT('',(-1.7347234759768E-18,-0.005551767185597,0.0026128746438457));
#3288=CARTESIAN_POINT('',(-1.7347234759768E-18,-0.00551539535034688,0.002644471511862));
#3289=CARTESIAN_POINT('',(-1.7347234759768E-18,-0.00543520892437812,0.00269613196479425));
#3290=CARTESIAN_POINT('',(-1.7347234759768E-18,-0.0053914030878754,0.00271618990976825));
#3291=CARTESIAN_POINT('',(-1.7347234759768E-18,-0.00529990160286172,0.00274312674734215));
#3292=CARTESIAN_POINT('',(-1.7347234759768E-18,-0.00525221470856668,0.00275));
#3293=CARTESIAN_POINT('',(-1.7347234759768E-18,-0.0052045209184,0.00275));
#3294=CARTESIAN_POINT('',(-0.000220102008693242,-0.0056598038577,0.0024566819905));
#3295=CARTESIAN_POINT('',(-0.00021655476430934,-0.0056400889627,0.00250011032845835));
#3296=CARTESIAN_POINT('',(-0.000213008032811262,-0.0056141183688815,0.00254069123217285));
#3297=CARTESIAN_POINT('',(-0.000206202573928902,-0.005551767185597,0.0026128746438457));
#3298=CARTESIAN_POINT('',(-0.000202944497641102,-0.00551539535034688,0.002644471511862));
#3299=CARTESIAN_POINT('',(-0.000196980600719203,-0.00543520892437812,0.00269613196479425));
#3300=CARTESIAN_POINT('',(-0.000194275431181602,-0.0053914030878754,0.00271618990976825));
#3301=CARTESIAN_POINT('',(-0.000189638037410962,-0.00529990160286172,0.00274312674734215));
#3302=CARTESIAN_POINT('',(-0.000187706464274382,-0.00525221470856668,0.00275));
#3303=CARTESIAN_POINT('',(-0.000186240161224042,-0.0052045209184,0.00275));
#3304=CARTESIAN_POINT('',(-0.000440148304225922,-0.0056496821622582,0.0024789321931487));
#3305=CARTESIAN_POINT('',(-0.000433054361118403,-0.0056300917107874,0.00252215001232945));
#3306=CARTESIAN_POINT('',(-0.000425961443737322,-0.00560420343826178,0.00256250523025255));
#3307=CARTESIAN_POINT('',(-0.000412351683065162,-0.00554193950035384,0.0026342039500793));
#3308=CARTESIAN_POINT('',(-0.000405836142050044,-0.00550557270481958,0.0026655417983925));
#3309=CARTESIAN_POINT('',(-0.000393909702867882,-0.00542533767616346,0.0027166553453534));
#3310=CARTESIAN_POINT('',(-0.000388500106976822,-0.00538147831288966,0.0027364253904106));
#3311=CARTESIAN_POINT('',(-0.00037922700009056,-0.00528983797490218,0.00276276989196515));
#3312=CARTESIAN_POINT('',(-0.000375364791371343,-0.00524206587003656,0.00276933869487195));
#3313=CARTESIAN_POINT('',(-0.000372433248629144,-0.0051942867602436,0.0027690362852839));
#3314=CARTESIAN_POINT('',(-0.000869340514370402,-0.00561020778142596,0.0025662559043647));
#3315=CARTESIAN_POINT('',(-0.000855233263719621,-0.00559110888002736,0.0026086290609439));
#3316=CARTESIAN_POINT('',(-0.000841128183895401,-0.00556554682617676,0.00264808098210361));
#3317=CARTESIAN_POINT('',(-0.000814095872465382,-0.00550362966966858,0.00271784983126125));
#3318=CARTESIAN_POINT('',(-0.000801171363580242,-0.00546728390379116,0.00274816107245025));
#3319=CARTESIAN_POINT('',(-0.000777578037049921,-0.00538685838097436,0.00279712125555025));
#3320=CARTESIAN_POINT('',(-0.000766911942125402,-0.00534278796081512,0.0028157645106523));
#3321=CARTESIAN_POINT('',(-0.000748730495932702,-0.00525059921186304,0.0028398086095585));
#3322=CARTESIAN_POINT('',(-0.000741217867385203,-0.00520249021985034,0.00284520376655366));
#3323=CARTESIAN_POINT('',(-0.000735595900761521,-0.0051543737753744,0.00284374656107385));
#3324=CARTESIAN_POINT('',(-0.00107846191890754,-0.0055808825466742,0.0026312848883307));
#3325=CARTESIAN_POINT('',(-0.0010608880308148,-0.00556215060724294,0.00267302394922705));
#3326=CARTESIAN_POINT('',(-0.00104331694588796,-0.005536832380762,0.00271179835947625));
#3327=CARTESIAN_POINT('',(-0.00100966646594906,-0.00547517471280328,0.002780122426574));
#3328=CARTESIAN_POINT('',(-0.000993590563461702,-0.00543884495957896,0.00280966637703745));
#3329=CARTESIAN_POINT('',(-0.000964293375335103,-0.00535827764315454,0.00285702100703905));
#3330=CARTESIAN_POINT('',(-0.000951075582220542,-0.00531404976820788,0.00287482598019206));
#3331=CARTESIAN_POINT('',(-0.000928622622332882,-0.00522145163516844,0.00289716367695235));
#3332=CARTESIAN_POINT('',(-0.000919390948084442,-0.0051730910653291,0.0029016906941746));
#3333=CARTESIAN_POINT('',(-0.000912544745162802,-0.00512472270443428,0.0028993824625423));
#3334=CARTESIAN_POINT('',(-0.00147663414517086,-0.00550574162992674,0.00279962193426015));
#3335=CARTESIAN_POINT('',(-0.00145228095398334,-0.00548796945053052,0.0028396609324875));
#3336=CARTESIAN_POINT('',(-0.0014279320722108,-0.00546329222303274,0.00287662567912991));
#3337=CARTESIAN_POINT('',(-0.00138139885992456,-0.00540231998804338,0.00294112202977));
#3338=CARTESIAN_POINT('',(-0.0013592197868408,-0.0053660356194024,0.0029686479461136));
#3339=CARTESIAN_POINT('',(-0.001318994579221,-0.00528510206254032,0.00301182465035915));
#3340=CARTESIAN_POINT('',(-0.0013009537021149,-0.0052404635131698,0.003027469750607));
#3341=CARTESIAN_POINT('',(-0.00127061749084164,-0.0051467947562472,0.0030454674954746));
#3342=CARTESIAN_POINT('',(-0.0012583274141044,-0.0050977751875457,0.00304781445244021));
#3343=CARTESIAN_POINT('',(-0.0012494596581347,-0.005048746888186,0.00304340416211585));
#3344=CARTESIAN_POINT('',(-0.0016656607889345,-0.00545995286953142,0.00290288649416485));
#3345=CARTESIAN_POINT('',(-0.00163799491344235,-0.0054427733482291,0.00294185954723025));
#3346=CARTESIAN_POINT('',(-0.00161033422143675,-0.0054184932258748,0.0029776922144983));
#3347=CARTESIAN_POINT('',(-0.00155753654136095,-0.00535794689197098,0.00303980598196825));
#3348=CARTESIAN_POINT('',(-0.0015324058063409,-0.00532169191856974,0.0030660814328855));
#3349=CARTESIAN_POINT('',(-0.00148695692450366,-0.00524053401106774,0.00310668664382425));
#3350=CARTESIAN_POINT('',(-0.0014666450307366,-0.00519564231511526,0.00312101075456106));
#3351=CARTESIAN_POINT('',(-0.0014326981653722,-0.00510131248584838,0.00313637661006005));
#3352=CARTESIAN_POINT('',(-0.00141906944682502,-0.00505188559068224,0.0031374127055376));
#3353=CARTESIAN_POINT('',(-0.0014094052854433,-0.00500244936370064,0.0031317527441338));
#3354=CARTESIAN_POINT('',(-0.00201687497695935,-0.0053554773970366,0.00314170380979365));
#3355=CARTESIAN_POINT('',(-0.00198280734363465,-0.0053396862052512,0.0031780977666729));
#3356=CARTESIAN_POINT('',(-0.0019487470053993,-0.00531634246569388,0.00321120366459085));
#3357=CARTESIAN_POINT('',(-0.00188392271887505,-0.00525680642208828,0.0032676373815631));
#3358=CARTESIAN_POINT('',(-0.00185316731951701,-0.0052206268164476,0.0032909597920867));
#3359=CARTESIAN_POINT('',(-0.00179792284538686,-0.00513895178434696,0.00332557755553346));
#3360=CARTESIAN_POINT('',(-0.0017734423195456,-0.0050934690562946,0.00333686749992591));
#3361=CARTESIAN_POINT('',(-0.00173313209617105,-0.00499759038661758,0.00334629740756005));
#3362=CARTESIAN_POINT('',(-0.0017173109475686,-0.00494720714340056,0.0033444319622711));
#3363=CARTESIAN_POINT('',(-0.00170658651555855,-0.00489681305269454,0.00333607422018495));
#3364=CARTESIAN_POINT('',(-0.00217910682513525,-0.0052968181084982,0.00327721210090726));
#3365=CARTESIAN_POINT('',(-0.00214194943468295,-0.00528182245317974,0.00331209322249235));
#3366=CARTESIAN_POINT('',(-0.0021048005763057,-0.00525901792030688,0.00334360479218796));
#3367=CARTESIAN_POINT('',(-0.0020342128319332,-0.0052000662109733,0.00339674181346015));
#3368=CARTESIAN_POINT('',(-0.0020007837961168,-0.0051639325941167,0.003418362058109));
#3369=CARTESIAN_POINT('',(-0.00194096623236055,-0.00508196487762788,0.00344956478665335));
#3370=CARTESIAN_POINT('',(-0.00191458755459961,-0.00503614433759978,0.0034591420636212));
#3371=CARTESIAN_POINT('',(-0.00187152366398715,-0.0049393780775395,0.00346526920756101));
#3372=CARTESIAN_POINT('',(-0.00185484830131455,-0.0048884459171115,0.00346181386760535));
#3373=CARTESIAN_POINT('',(-0.0018438596076988,-0.00483750199498498,0.0034520090986417));
#3374=CARTESIAN_POINT('',(-0.00261884989667755,-0.0051071147159789,0.00372264376634195));
#3375=CARTESIAN_POINT('',(-0.002572863735046,-0.0050947716598587,0.00375228703271305));
#3376=CARTESIAN_POINT('',(-0.00252689051443045,-0.00507377866035324,0.0037783048229717));
#3377=CARTESIAN_POINT('',(-0.00243997202794295,-0.00501680316691848,0.00382021124633895));
#3378=CARTESIAN_POINT('',(-0.0023990410283196,-0.0049808372238754,0.00383609572801455));
#3379=CARTESIAN_POINT('',(-0.0023266702120456,-0.00489791183595148,0.0038559831859751));
#3380=CARTESIAN_POINT('',(-0.0022952446616436,-0.00485096894195684,0.00385998201082706));
#3381=CARTESIAN_POINT('',(-0.00224535260760401,-0.00475124161659564,0.00385560450944096));
#3382=CARTESIAN_POINT('',(-0.00222690037021505,-0.00469847373611528,0.00384722403176986));
#3383=CARTESIAN_POINT('',(-0.00221594991215675,-0.00464569079182826,0.00383310077846985));
#3384=CARTESIAN_POINT('',(-0.00284897000458511,-0.00496250299879054,0.00407143909222905));
#3385=CARTESIAN_POINT('',(-0.00279767525559376,-0.00495228562550594,0.00409664918012765));
#3386=CARTESIAN_POINT('',(-0.00274639737138845,-0.00493276132091974,0.00411804839536571));
#3387=CARTESIAN_POINT('',(-0.00264985838965675,-0.0048774042455796,0.0041506670857053));
#3388=CARTESIAN_POINT('',(-0.0026046152268165,-0.00484159057349014,0.00416188372316485));
#3389=CARTESIAN_POINT('',(-0.00252543703483735,-0.00475792060329514,0.0041727972455329));
#3390=CARTESIAN_POINT('',(-0.0024915199403846,-0.00471008340385406,0.00417249129279936));
#3391=CARTESIAN_POINT('',(-0.00243901961216305,-0.00460798150556184,0.00416032840931385));
#3392=CARTESIAN_POINT('',(-0.0024204543130804,-0.0045537359053751,0.00414846864091975));
#3393=CARTESIAN_POINT('',(-0.00241066697751931,-0.00449947228204694,0.0041315147288875));
#3394=CARTESIAN_POINT('',(-0.0031620902605654,-0.00466351220858676,0.0048242668265269));
#3395=CARTESIAN_POINT('',(-0.00310208932036,-0.00465801906625074,0.00483861704755645));
#3396=CARTESIAN_POINT('',(-0.0030421152017439,-0.00464181827135994,0.00484881104987895));
#3397=CARTESIAN_POINT('',(-0.00293019365019331,-0.00459017841072138,0.00485948015327405));
#3398=CARTESIAN_POINT('',(-0.0028782723792852,-0.00455476456263638,0.00485995753731965));
#3399=CARTESIAN_POINT('',(-0.00278936725511425,-0.00446951443171294,0.00485111833125));
#3400=CARTESIAN_POINT('',(-0.00275240956387775,-0.00441970336653726,0.0048418040241078));
#3401=CARTESIAN_POINT('',(-0.0026984428356309,-0.00431230647417904,0.00481456469854145));
#3402=CARTESIAN_POINT('',(-0.00268145996064685,-0.00425474586465924,0.00479664196309025));
#3403=CARTESIAN_POINT('',(-0.00267561485297955,-0.00419715936388962,0.00477560042673735));
#3404=CARTESIAN_POINT('',(-0.0032453317446139,-0.00450913699627904,0.0052283968068678));
#3405=CARTESIAN_POINT('',(-0.00318193503810991,-0.00450624341737316,0.00523631185443995));
#3406=CARTESIAN_POINT('',(-0.00311857120635126,-0.00449189848182408,0.00523991093462755));
#3407=CARTESIAN_POINT('',(-0.00300088972331195,-0.0044423588664134,0.0052379050495944));
#3408=CARTESIAN_POINT('',(-0.00294660279238865,-0.00440719297840686,0.0052323061969589));
#3409=CARTESIAN_POINT('',(-0.0028547750227232,-0.00432110725828456,0.0052126841604759));
#3410=CARTESIAN_POINT('',(-0.0028172649043383,-0.00427021621802384,0.0051986670892136));
#3411=CARTESIAN_POINT('',(-0.0027644271007342,-0.00415989748546534,0.0051641445517814));
#3412=CARTESIAN_POINT('',(-0.0027491301358723,-0.0041004985850226,0.00514364519819675));
#3413=CARTESIAN_POINT('',(-0.00274604996736651,-0.00404106887270646,0.00512135603758615));
#3414=CARTESIAN_POINT('',(-0.00325423128326685,-0.0042117136623781,0.00604378354030235));
#3415=CARTESIAN_POINT('',(-0.00318704580173446,-0.00421415099450896,0.00603711664111125));
#3416=CARTESIAN_POINT('',(-0.00311990547844481,-0.00420367385047566,0.0060258761851538));
#3417=CARTESIAN_POINT('',(-0.00299632989370971,-0.00415856553467828,0.0059959687893387));
#3418=CARTESIAN_POINT('',(-0.00293993341993675,-0.0041239708743014,0.0059773188122026));
#3419=CARTESIAN_POINT('',(-0.002846755879419,-0.00403624323363794,0.0059355406487803));
#3420=CARTESIAN_POINT('',(-0.00281001360034665,-0.00398314676473858,0.0059124294252156));
#3421=CARTESIAN_POINT('',(-0.00276210918871961,-0.0038668036336855,0.0058653618817137));
#3422=CARTESIAN_POINT('',(-0.00275098584383735,-0.00380359348291896,0.00584142252449805));
#3423=CARTESIAN_POINT('',(-0.002753580324024,-0.00374034083746248,0.00581896515367535));
#3424=CARTESIAN_POINT('',(-0.003179610191337,-0.00406866858230778,0.0064551241550795));
#3425=CARTESIAN_POINT('',(-0.00311205584261956,-0.0040738350454836,0.0064402964711802));
#3426=CARTESIAN_POINT('',(-0.00304455283286826,-0.00406536837442888,0.00642079777290965));
#3427=CARTESIAN_POINT('',(-0.00292088215373395,-0.004022589522347,0.00637564386756445));
#3428=CARTESIAN_POINT('',(-0.00286475672922365,-0.0039883179920788,0.00635001267392125));
#3429=CARTESIAN_POINT('',(-0.0027731658301708,-0.0038997846298134,0.0062968586312396));
#3430=CARTESIAN_POINT('',(-0.0027377426005009,-0.00384556344857516,0.0062693597956326));
#3431=CARTESIAN_POINT('',(-0.0026936208119676,-0.0037261196180809,0.00621704622609625));
#3432=CARTESIAN_POINT('',(-0.0026849644979769,-0.00366093761958386,0.00619225550559835));
#3433=CARTESIAN_POINT('',(-0.00269043926233911,-0.003595706355283,0.00617088996483615));
#3434=CARTESIAN_POINT('',(-0.0029503217563804,-0.0038755552889958,0.00703504128377605));
#3435=CARTESIAN_POINT('',(-0.00288529898399921,-0.00388455439420094,0.00700765545839741));
#3436=CARTESIAN_POINT('',(-0.0028203334231513,-0.0038789448615912,0.0069755038800316));
#3437=CARTESIAN_POINT('',(-0.0027020046284736,-0.00383950414319746,0.00690734098921985));
#3438=CARTESIAN_POINT('',(-0.00264868599254265,-0.0038057195889785,0.0068713657053412));
#3439=CARTESIAN_POINT('',(-0.0025630523087053,-0.00371608958538768,0.00680195368933155));
#3440=CARTESIAN_POINT('',(-0.0025307818586977,-0.00366029076758084,0.00676855298576785));
#3441=CARTESIAN_POINT('',(-0.00249313203200351,-0.00353646592032026,0.0067102620159952));
#3442=CARTESIAN_POINT('',(-0.0024877972532158,-0.00346848652243154,0.00668540777835361));
#3443=CARTESIAN_POINT('',(-0.0024964258973987,-0.0034004473497391,0.0066670410735729));
#3444=CARTESIAN_POINT('',(-0.0028544611403141,-0.00381472843183944,0.0072221028252889));
#3445=CARTESIAN_POINT('',(-0.00279079359041375,-0.00382496090109498,0.00719048656838665));
#3446=CARTESIAN_POINT('',(-0.0027271846305727,-0.0038202765589677,0.0071540812968699));
#3447=CARTESIAN_POINT('',(-0.0026115452151658,-0.0037819214401198,0.0070782382782675));
#3448=CARTESIAN_POINT('',(-0.00255955966993015,-0.0037482992482372,0.00703884078801665));
#3449=CARTESIAN_POINT('',(-0.00247650368140725,-0.0036583222689799,0.00696414703781215));
#3450=CARTESIAN_POINT('',(-0.00244547814845016,-0.00360201606644326,0.0069288910346933));
#3451=CARTESIAN_POINT('',(-0.0024101169251095,-0.0034767768410902,0.00686891389810995));
#3452=CARTESIAN_POINT('',(-0.0024058261450561,-0.00340789240311184,0.00684423302148025));
#3453=CARTESIAN_POINT('',(-0.0024153130731255,-0.00333894463808436,0.00682708251357915));
#3454=CARTESIAN_POINT('',(-0.00262612363328185,-0.00370189670684236,0.00757622749874));
#3455=CARTESIAN_POINT('',(-0.00256624630779095,-0.00371444839907018,0.0075363145721727));
#3456=CARTESIAN_POINT('',(-0.0025064286318996,-0.00371151227916738,0.00749158048006225));
#3457=CARTESIAN_POINT('',(-0.00239805560788555,-0.00367521516524138,0.0074007868263043));
#3458=CARTESIAN_POINT('',(-0.0023495446178893,-0.00364190646599854,0.00735477608392165));
#3459=CARTESIAN_POINT('',(-0.0022727866740492,-0.00355128514605168,0.00727002874969445));
#3460=CARTESIAN_POINT('',(-0.00224458407833185,-0.00349402482012798,0.00723134097711475));
#3461=CARTESIAN_POINT('',(-0.0022138838512003,-0.00336611796902622,0.00716855974461865));
#3462=CARTESIAN_POINT('',(-0.00221143057791265,-0.00329552373862848,0.00714451510396715));
#3463=CARTESIAN_POINT('',(-0.0022221044888383,-0.00322485923277566,0.00713005568276175));
#3464=CARTESIAN_POINT('',(-0.00249363445070355,-0.00364989301925128,0.007743282569761));
#3465=CARTESIAN_POINT('',(-0.0024361931721846,-0.0036635303634907,0.00769930372554075));
#3466=CARTESIAN_POINT('',(-0.00237881121964825,-0.0036614171045148,0.00765049482458005));
#3467=CARTESIAN_POINT('',(-0.00227501686033051,-0.0036260921809175,0.0075524312321823));
#3468=CARTESIAN_POINT('',(-0.00222864794476536,-0.00359293456726564,0.0075032296935432));
#3469=CARTESIAN_POINT('',(-0.0021556108703863,-0.0035020159157418,0.0074137108415751));
#3470=CARTESIAN_POINT('',(-0.0021289862027886,-0.00344430892883938,0.00737344668104405));
#3471=CARTESIAN_POINT('',(-0.00210065743362935,-0.0033151490618551,0.00730954740432575));
#3472=CARTESIAN_POINT('',(-0.002098996823284,-0.00324375023274276,0.0072859654409365));
#3473=CARTESIAN_POINT('',(-0.0021099983315008,-0.00317227773282572,0.0072729805188898));
#3474=CARTESIAN_POINT('',(-0.0021960991018754,-0.00355611376135226,0.00804990517433905));
#3475=CARTESIAN_POINT('',(-0.00214457760614655,-0.00357172361457336,0.007998258683347));
#3476=CARTESIAN_POINT('',(-0.00209311274792,-0.00357111098617196,0.00794177452963375));
#3477=CARTESIAN_POINT('',(-0.00200028502424065,-0.0035375632303413,0.0078300767348228));
#3478=CARTESIAN_POINT('',(-0.001958962653241,-0.00350468536613768,0.0077749245862334));
#3479=CARTESIAN_POINT('',(-0.00189440141072445,-0.0034132313060756,0.0076766122946918));
#3480=CARTESIAN_POINT('',(-0.0018712030336607,-0.00335471237344276,0.0076335136442479));
#3481=CARTESIAN_POINT('',(-0.00184756825216216,-0.00322326962383188,0.0075678377367161));
#3482=CARTESIAN_POINT('',(-0.0018471723421805,-0.00315040307007946,0.0075453219721366));
#3483=CARTESIAN_POINT('',(-0.00185823772150665,-0.00307745648939366,0.0075353131578184));
#3484=CARTESIAN_POINT('',(-0.00203107037346271,-0.0035143390086608,0.0081894203278636));
#3485=CARTESIAN_POINT('',(-0.00198303198030431,-0.0035308354782821,0.00813417630173265));
#3486=CARTESIAN_POINT('',(-0.00193504785388675,-0.0035309003479275,0.0080740958015561));
#3487=CARTESIAN_POINT('',(-0.0018486069093983,-0.00349815717820646,0.0079560401656503));
#3488=CARTESIAN_POINT('',(-0.00181018845718755,-0.00346540785765914,0.00789813052078406));
#3489=CARTESIAN_POINT('',(-0.00175038138064796,-0.003373715705301,0.00779579821736015));
#3490=CARTESIAN_POINT('',(-0.00172903112217925,-0.00331483159230932,0.0077514410496655));
#3491=CARTESIAN_POINT('',(-0.00170771898980555,-0.00318235935740732,0.00768510292415285));
#3492=CARTESIAN_POINT('',(-0.00170779548176065,-0.00310882995431612,0.00766318745719785));
#3493=CARTESIAN_POINT('',(-0.00171859797501025,-0.00303521756794936,0.0076546761448739));
#3494=CARTESIAN_POINT('',(-0.0016744720430562,-0.00344206181802486,0.0084341113560909));
#3495=CARTESIAN_POINT('',(-0.00163430688867595,-0.00346009624121644,0.0083724417635951));
#3496=CARTESIAN_POINT('',(-0.00159418922860655,-0.00346133927364952,0.00830594294945895));
#3497=CARTESIAN_POINT('',(-0.00152207524788225,-0.0034299973876198,0.0081765731199188));
#3498=CARTESIAN_POINT('',(-0.00149011187800526,-0.0033974737233769,0.0081137748178416));
#3499=CARTESIAN_POINT('',(-0.00144066575267122,-0.00330537078465568,0.00800437338122865));
#3500=CARTESIAN_POINT('',(-0.00142321594799208,-0.00324585276439726,0.00795784296001965));
#3501=CARTESIAN_POINT('',(-0.0014064347273783,-0.0031115908293065,0.0078904989542919));
#3502=CARTESIAN_POINT('',(-0.00140713626222154,-0.0030369081686941,0.00786975808309995));
#3503=CARTESIAN_POINT('',(-0.00141686086658986,-0.00296213729282686,0.0078640229150957));
#3504=CARTESIAN_POINT('',(-0.0014829130232807,-0.0034115578816319,0.0085392776055802));
#3505=CARTESIAN_POINT('',(-0.0014471373408578,-0.00343024378891934,0.00847478050360355));
#3506=CARTESIAN_POINT('',(-0.0014114047544485,-0.00343198760018192,0.00840546022254765));
#3507=CARTESIAN_POINT('',(-0.001347229897828,-0.00340124255159508,0.00827113483541745));
#3508=CARTESIAN_POINT('',(-0.00131881729305602,-0.0033688160260137,0.008206205666371));
#3509=CARTESIAN_POINT('',(-0.0012749775726058,-0.00327654036521992,0.008093755400307));
#3510=CARTESIAN_POINT('',(-0.00125958012236676,-0.00321675356427558,0.00804631024031735));
#3511=CARTESIAN_POINT('',(-0.0012450076385484,-0.00308173125820076,0.00797862226842825));
#3512=CARTESIAN_POINT('',(-0.00124586227040826,-0.00300655808733838,0.0079584553935568));
#3513=CARTESIAN_POINT('',(-0.00125477247012826,-0.00293129442506574,0.00795399846484945));
#3514=CARTESIAN_POINT('',(-0.00108099670975068,-0.0033625044885283,0.00870991167132765));
#3515=CARTESIAN_POINT('',(-0.0010546660973683,-0.00338223817074586,0.0086407767514181));
#3516=CARTESIAN_POINT('',(-0.00102836817694796,-0.00338478860624424,0.0085668307619537));
#3517=CARTESIAN_POINT('',(-0.000981206837082561,-0.0033550057476172,0.00842439465320085));
#3518=CARTESIAN_POINT('',(-0.000960365634998201,-0.00332273652868698,0.0083559857898165));
#3519=CARTESIAN_POINT('',(-0.000928346764017741,-0.00323018387801746,0.0082385813095234));
#3520=CARTESIAN_POINT('',(-0.000917191312482343,-0.00316996452147336,0.0081896669485188));
#3521=CARTESIAN_POINT('',(-0.000906921934432422,-0.00303371745914372,0.00812148802736736));
#3522=CARTESIAN_POINT('',(-0.000907830225278603,-0.0029577538285534,0.00810230472312465));
#3523=CARTESIAN_POINT('',(-0.000914689493950823,-0.00288169600057436,0.00809998534698165));
#3524=CARTESIAN_POINT('',(-0.000870656717910763,-0.0033439533102292,0.00877536340387745));
#3525=CARTESIAN_POINT('',(-0.000849380651354162,-0.00336408343356656,0.0087044192826208));
#3526=CARTESIAN_POINT('',(-0.000828131274606602,-0.00336693981927838,0.00862867012293225));
#3527=CARTESIAN_POINT('',(-0.000790042617507902,-0.00333752243308286,0.00848308052634525));
#3528=CARTESIAN_POINT('',(-0.000773221393698282,-0.00330531339750966,0.0084133234389883));
#3529=CARTESIAN_POINT('',(-0.000747416299182202,-0.00321265644113588,0.0082940140959492));
#3530=CARTESIAN_POINT('',(-0.000738450485017281,-0.00315227325666946,0.0082445451898086));
#3531=CARTESIAN_POINT('',(-0.000730276197097103,-0.00301556166696818,0.00817621844198785));
#3532=CARTESIAN_POINT('',(-0.000731085779883343,-0.00293929799806746,0.00815744394984925));
#3533=CARTESIAN_POINT('',(-0.000736709543704701,-0.00286293870203334,0.00815598292516085));
#3534=CARTESIAN_POINT('',(-0.000440200716421401,-0.00331917991965926,0.0088630423196178));
#3535=CARTESIAN_POINT('',(-0.000429386961132202,-0.0033398391316201,0.0087896663299718));
#3536=CARTESIAN_POINT('',(-0.000418586995816303,-0.0033431040274883,0.00871149378474725));
#3537=CARTESIAN_POINT('',(-0.000399243981639222,-0.0033141747474763,0.0085616682852597));
#3538=CARTESIAN_POINT('',(-0.000390710195529982,-0.00328204619087176,0.00849010149902925));
#3539=CARTESIAN_POINT('',(-0.000377649712882502,-0.00318925012208276,0.0083682392797353));
#3540=CARTESIAN_POINT('',(-0.000373132279096201,-0.00312864822917394,0.00831803001470425));
#3541=CARTESIAN_POINT('',(-0.000369079102756802,-0.0029913163428564,0.00824951628306045));
#3542=CARTESIAN_POINT('',(-0.000369552622955682,-0.0029146519687233,0.00823129798448015));
#3543=CARTESIAN_POINT('',(-0.000372477562596003,-0.00283789005220154,0.0082309971287697));
#3544=CARTESIAN_POINT('',(-0.000220102008686562,-0.0033129559858,0.0088852534191));
#3545=CARTESIAN_POINT('',(-0.000214694966581602,-0.00333374799555,0.00881125586951665));
#3546=CARTESIAN_POINT('',(-0.000209294820368463,-0.0033371155561683,0.0087324641802449));
#3547=CARTESIAN_POINT('',(-0.000199623056461722,-0.00330830902982292,0.00858155794188945));
#3548=CARTESIAN_POINT('',(-0.000195356070470261,-0.0032762007841974,0.00850953028415415));
#3549=CARTESIAN_POINT('',(-0.000188825755105421,-0.00318336987079636,0.00838702057338335));
#3550=CARTESIAN_POINT('',(-0.000186567057434203,-0.00312271304435898,0.00833662541169625));
#3551=CARTESIAN_POINT('',(-0.000184540623702642,-0.0029852252466959,0.00826807167933035));
#3552=CARTESIAN_POINT('',(-0.000184777519344442,-0.00290846011680834,0.00825));
#3553=CARTESIAN_POINT('',(-0.000186240161203182,-0.0028315969591,0.00825));
#3554=CARTESIAN_POINT('',(-1.7347234759768E-18,-0.0033129559858,0.0088852534191));
#3555=CARTESIAN_POINT('',(-1.7347234759768E-18,-0.00333374799555,0.00881125586951665));
#3556=CARTESIAN_POINT('',(-1.7347234759768E-18,-0.0033371155561683,0.0087324641802449));
#3557=CARTESIAN_POINT('',(-1.7347234759768E-18,-0.00330830902982292,0.00858155794188945));
#3558=CARTESIAN_POINT('',(-1.7347234759768E-18,-0.0032762007841974,0.00850953028415415));
#3559=CARTESIAN_POINT('',(-1.7347234759768E-18,-0.00318336987079636,0.00838702057338335));
#3560=CARTESIAN_POINT('',(-1.7347234759768E-18,-0.00312271304435898,0.00833662541169625));
#3561=CARTESIAN_POINT('',(-1.7347234759768E-18,-0.0029852252466959,0.00826807167933035));
#3562=CARTESIAN_POINT('',(-1.7347234759768E-18,-0.00290846011680834,0.00825));
#3563=CARTESIAN_POINT('',(-1.7347234759768E-18,-0.0028315969591,0.00825));
#3564=CARTESIAN_POINT('',(-4.47584459221685E-49,-0.00565980385767432,0.00245668199048837));
#3565=CARTESIAN_POINT('',(-0.000880408034695775,-0.00565980385767432,0.00245668199048837));
#3566=CARTESIAN_POINT('',(-0.00258896698342507,-0.00530790527343071,0.00321416446916543));
#3567=CARTESIAN_POINT('',(-0.00357200248781283,-0.00433404121045568,0.00561974629714621));
#3568=CARTESIAN_POINT('',(-0.00262186340935969,-0.00351844225636351,0.00812341132329897));
#3569=CARTESIAN_POINT('',(-0.000880407975377237,-0.00331295597408734,0.00888525346075663));
#3570=CARTESIAN_POINT('',(-2.65499983109763E-11,-0.00331295599103634,0.00888525340043615));
#3571=CARTESIAN_POINT('',(-0.00635,0.0058647316076,0.0424380931706));
#3572=CARTESIAN_POINT('',(-0.00535,0.0058647316076,0.0424380931706));
#3573=CARTESIAN_POINT('',(-1.7347234759768E-18,0.0053647316076,0.0375));
#3574=CARTESIAN_POINT('',(-1.7347234759768E-18,0.0063647316076,0.0375));
#3575=CARTESIAN_POINT('',(-1.73472347597681E-18,0.0063647316076,0.03885));
#3576=CARTESIAN_POINT('',(-1.7347234759768E-18,0.0053647316076,0.0055));
#3577=CARTESIAN_POINT('',(-1.7347234759768E-18,0.0063647316076,0.0055));
#3578=CARTESIAN_POINT('',(-1.73472347597681E-18,0.0063647316076,0.00685));
#3579=CARTESIAN_POINT('',(0.00535,0.0068647316076,0.020075));
#3580=CARTESIAN_POINT('',(0.00535,0.0068647316076,0.0421584639278765));
#3581=CARTESIAN_POINT('',(0.00554971745529689,0.00666501415230311,0.0421775781088692));
#3582=CARTESIAN_POINT('',(0.00571638412196355,0.00649834748563645,0.0422004869947196));
#3583=CARTESIAN_POINT('',(0.00585,0.0063647316076,0.042227190585428));
#3584=CARTESIAN_POINT('',(0.00560000000000833,0.00661473160763835,0.000499999999976651));
#3585=CARTESIAN_POINT('',(-1.7347234759768E-18,0.0058647316076,0.0424380931706));
#3586=CARTESIAN_POINT('',(0.00585000000000202,0.00686090464715292,0.0425254961183075));
#3587=CARTESIAN_POINT('',(0.00580827396223887,0.00686339773840709,0.0424970811694106));
#3588=CARTESIAN_POINT('',(0.00576693156927821,0.0068647316076,0.0424679694438653));
#3589=CARTESIAN_POINT('',(0.00572600569118326,0.0068647316076,0.0424380931705998));
#3590=CARTESIAN_POINT('',(-0.006,-0.000135268392399999,-0.0025));
#3591=CARTESIAN_POINT('',(-0.006,-0.000135268392399999,0.04265));
#3592=CARTESIAN_POINT('',(-0.0102,-0.000135268392399999,0.04265));
#3593=CARTESIAN_POINT('',(-0.006,-0.000135268392399999,0.002));
#3594=CARTESIAN_POINT('',(-0.0102,-0.000135268392399999,0.002));
#3595=CARTESIAN_POINT('',(-0.0102,-0.000135268392399999,-0.0025));
#3596=CARTESIAN_POINT('',(0.00551666666667,0.0065313982743,0.000333333333300004));
#3597=CARTESIAN_POINT('',(0.00535,0.0063647316076,0.));
#3598=CARTESIAN_POINT('',(-0.00535,0.00025,0.));
#3599=CARTESIAN_POINT('',(-0.00535,0.00025,0.));
#3600=CARTESIAN_POINT('',(-0.00535,-0.0021352683924,0.));
#3601=CARTESIAN_POINT('',(-0.00735,-0.0021352683924,0.002));
#3602=CARTESIAN_POINT('',(0.00535,0.00025,0.));
#3603=CARTESIAN_POINT('',(0.00735,-0.0021352683924,0.002));
#3604=CARTESIAN_POINT('',(0.00535,-0.0021352683924,0.));
#3605=CARTESIAN_POINT('',(0.00535,0.00025,0.));
#3606=CARTESIAN_POINT('',(0.00848775590614813,-0.00392353026428294,0.0636920349525237));
#3607=CARTESIAN_POINT('',(0.0095009329600922,-0.00494357248036166,0.0630309794250701));
#3608=CARTESIAN_POINT('',(0.00966709725493953,-0.0047873751754568,0.0630905332716975));
#3609=CARTESIAN_POINT('',(0.00983317234575593,-0.00463110252360047,0.0631501383918159));
#3610=CARTESIAN_POINT('',(0.00999915782825178,-0.0044747533436061,0.0632097922693552));
#3611=CARTESIAN_POINT('',(0.00950000016675475,-0.00494278459176892,0.06303151559246));
#3612=CARTESIAN_POINT('',(0.00995659087854421,-0.00465609442566581,0.0635160410516821));
#3613=CARTESIAN_POINT('',(0.00981634864976249,-0.00478106717355185,0.0634261554541245));
#3614=CARTESIAN_POINT('',(0.00967444005599179,-0.00490446521506596,0.0633366804068097));
#3615=CARTESIAN_POINT('',(0.00953086792568193,-0.00502635515601872,0.0632478244740367));
#3616=CARTESIAN_POINT('',(0.00953103611680403,-0.0050265075624756,0.0632477617791669));
#3617=CARTESIAN_POINT('',(0.00950180530385798,-0.0049426326416237,0.0630311160157439));
#3618=CARTESIAN_POINT('',(0.00951990752038097,-0.00496979742592415,0.0631025104480027));
#3619=CARTESIAN_POINT('',(0.00952959821483677,-0.00499774229180178,0.0631747249693127));
#3620=CARTESIAN_POINT('',(0.00953070649144408,-0.00502650926680434,0.0632477661061525));
#3621=CARTESIAN_POINT('',(0.0095,0.000146141498799997,0.));
#3622=CARTESIAN_POINT('',(0.0095,-0.01156366652472,0.));
#3623=CARTESIAN_POINT('',(0.0095,-0.0021352683924,0.));
#3624=CARTESIAN_POINT('',(0.00950000079242213,-0.0063647320904147,-4.83737348788704E-10));
#3625=CARTESIAN_POINT('',(0.0115,-0.0021352683924,0.002));
#3626=CARTESIAN_POINT('',(0.01,-0.0060444304819,0.000500000000000001));
#3627=CARTESIAN_POINT('',(0.00983333333333333,-0.0061511975238,0.000333333333333334));
#3628=CARTESIAN_POINT('',(0.00966666666666667,-0.0062579645657,0.000166666666666667));
#3629=CARTESIAN_POINT('',(0.0095,-0.0063647316076,6.33082231458281E-62));
#3630=CARTESIAN_POINT('',(0.0105,-0.0061352683924,0.0443105900641));
#3631=CARTESIAN_POINT('',(0.0105,-0.0061352683924,0.0443105900641));
#3632=CARTESIAN_POINT('',(0.00949999999999954,-0.00713526839239954,0.0443105900641));
#3633=CARTESIAN_POINT('',(-0.0105,-0.0236352683924,0.0559187768303));
#3634=CARTESIAN_POINT('',(0.00949999999999715,-0.00696860172572654,0.0448633608625018));
#3635=CARTESIAN_POINT('',(0.0095,-0.0061352683924,0.0443105900641));
#3636=CARTESIAN_POINT('',(-0.0105,-0.0236352683924,0.0559187768303));
#3637=CARTESIAN_POINT('',(0.0095,-0.0236352683924,0.0559187768303));
#3638=CARTESIAN_POINT('',(-0.006,-0.000135268392399999,-0.0025));
#3639=CARTESIAN_POINT('',(-0.006,-0.000135268392399999,0.04265));
#3640=CARTESIAN_POINT('',(0.0095,-0.000135268392400002,0.04265));
#3641=CARTESIAN_POINT('',(-0.00575837119183004,-0.000135268392399999,0.021071404520791));
#3642=CARTESIAN_POINT('',(-0.006,-0.000135268392399999,0.002));
#3643=CARTESIAN_POINT('',(-0.005,-0.0021352683924,0.002));
#3644=CARTESIAN_POINT('',(0.01,-0.0021352683924,0.));
#3645=CARTESIAN_POINT('',(0.0096875,-0.0063680801838,0.000310486051500001));
#3646=CARTESIAN_POINT('',(0.00950022135729223,-0.00669403407533896,0.000329032468528845));
#3647=CARTESIAN_POINT('',(0.00950014809980957,-0.00658426690796912,0.000219354656527661));
#3648=CARTESIAN_POINT('',(0.00950007484232691,-0.00647449974059928,0.000109676844526478));
#3649=CARTESIAN_POINT('',(0.00950000158484426,-0.00636473257322943,-9.6747470573603E-10));
#3650=CARTESIAN_POINT('',(0.0254990091014618,-0.0229465417647618,0.0609616716022202));
#3651=CARTESIAN_POINT('',(0.00953104651637104,-0.00502650858062578,0.0632477643639022));
#3652=CARTESIAN_POINT('',(0.00924053017255015,-0.00542503933010827,0.0642596589756373));
#3653=CARTESIAN_POINT('',(0.0089672882074419,-0.00590465751270893,0.0652365945504114));
#3654=CARTESIAN_POINT('',(0.00870107473195338,-0.00646557550224226,0.0661755621969569));
#3655=CARTESIAN_POINT('',(0.00870171149830273,-0.0064656227579098,0.0661757145005692));
#3656=CARTESIAN_POINT('',(0.00923463043701455,-0.00590155411140974,0.0660595207929892));
#3657=CARTESIAN_POINT('',(0.00905654875225264,-0.00608913028089337,0.0660983902770014));
#3658=CARTESIAN_POINT('',(0.00887880926963268,-0.00627705280900491,0.0661371561143387));
#3659=CARTESIAN_POINT('',(0.00870141194205888,-0.00646532010912319,0.0661758129956021));
#3660=CARTESIAN_POINT('',(0.00842008706852519,-0.00674461533820108,0.0666501764325864));
#3661=CARTESIAN_POINT('',(0.00845502555956341,-0.00669652406129956,0.0666974831506367));
#3662=CARTESIAN_POINT('',(0.0084879238788709,-0.0066464632361613,0.0667445638750517));
#3663=CARTESIAN_POINT('',(0.0085526592604164,-0.00654531706575616,0.0668386077664478));
#3664=CARTESIAN_POINT('',(0.00858462347075207,-0.0064943544671716,0.0668855850178612));
#3665=CARTESIAN_POINT('',(0.00864869444918597,-0.00639256689291618,0.0669795553120708));
#3666=CARTESIAN_POINT('',(0.00868073820263032,-0.00634168108393466,0.0670265413746163));
#3667=CARTESIAN_POINT('',(0.00874444784146933,-0.00623954467837838,0.0671204716425464));
#3668=CARTESIAN_POINT('',(0.00877605071221012,-0.00618823324849296,0.0671674088676803));
#3669=CARTESIAN_POINT('',(0.00880747769825736,-0.00613675202243566,0.0672143266097255));
#3670=CARTESIAN_POINT('',(0.00847575369658842,-0.00671013644437922,0.0665730728406473));
#3671=CARTESIAN_POINT('',(0.00851262488722475,-0.0066639109638483,0.0666205936474319));
#3672=CARTESIAN_POINT('',(0.00854730732049529,-0.00661557249296636,0.0666678720014682));
#3673=CARTESIAN_POINT('',(0.00861429067072442,-0.00651659647453408,0.0667621649045318));
#3674=CARTESIAN_POINT('',(0.00864677763736476,-0.0064661385362854,0.0668092000626308));
#3675=CARTESIAN_POINT('',(0.00871137606727556,-0.00636486015500796,0.0669032287836266));
#3676=CARTESIAN_POINT('',(0.0087434780046115,-0.00631403051579848,0.0669502212913179));
#3677=CARTESIAN_POINT('',(0.00880764690615551,-0.00621233747489724,0.0670442024326537));
#3678=CARTESIAN_POINT('',(0.00883970434442906,-0.00616146487702478,0.0670911900110927));
#3679=CARTESIAN_POINT('',(0.00887142028454371,-0.00611026260245808,0.0671381397611177));
#3680=CARTESIAN_POINT('',(0.00852677394704248,-0.0066711720139078,0.0664954545606678));
#3681=CARTESIAN_POINT('',(0.00856547545510137,-0.0066267134917268,0.0665431781151593));
#3682=CARTESIAN_POINT('',(0.00860189963060823,-0.0065800564701664,0.0665906494052645));
#3683=CARTESIAN_POINT('',(0.00867158074076735,-0.00648368482482034,0.0666852411442751));
#3684=CARTESIAN_POINT('',(0.00870504857795473,-0.00643417380287228,0.0667323849552494));
#3685=CARTESIAN_POINT('',(0.00877110179128291,-0.006334299845587,0.0668265748253316));
#3686=CARTESIAN_POINT('',(0.00880369800276485,-0.00628394737050968,0.0668736220846903));
#3687=CARTESIAN_POINT('',(0.0088688175201759,-0.00618317203853326,0.0669677085275241));
#3688=CARTESIAN_POINT('',(0.00890135166144614,-0.00613275964189404,0.06701474891125));
#3689=CARTESIAN_POINT('',(0.0089335540526068,-0.0060820269791727,0.0670617525464063));
#3690=CARTESIAN_POINT('',(0.00859562769194813,-0.0066053144751556,0.0663781767859889));
#3691=CARTESIAN_POINT('',(0.00863773168004867,-0.0065641406512576,0.0664262772395775));
#3692=CARTESIAN_POINT('',(0.00867722046354737,-0.00652044215185972,0.0664740880020573));
#3693=CARTESIAN_POINT('',(0.00875166724851815,-0.0064286712106097,0.0665692076438002));
#3694=CARTESIAN_POINT('',(0.00878688548479813,-0.0063808499951602,0.06661654534976));
#3695=CARTESIAN_POINT('',(0.00885556540432266,-0.0062835118168395,0.0667110261850015));
#3696=CARTESIAN_POINT('',(0.00888906139763051,-0.00623402797633928,0.0667581731148728));
#3697=CARTESIAN_POINT('',(0.00895576000955784,-0.0061347770762427,0.0668524344769562));
#3698=CARTESIAN_POINT('',(0.0089889969382406,-0.00608504313901726,0.0668995527097582));
#3699=CARTESIAN_POINT('',(0.00902187451722597,-0.0060349622915203,0.0669466311367429));
#3700=CARTESIAN_POINT('',(0.00861728588900356,-0.0065821136718373,0.0663389409607177));
#3701=CARTESIAN_POINT('',(0.00866063434169857,-0.00654214123359446,0.0663871792659858));
#3702=CARTESIAN_POINT('',(0.00870121501620581,-0.00649949682781936,0.066435110979277));
#3703=CARTESIAN_POINT('',(0.00877736911738042,-0.00640937410155226,0.0665304197436341));
#3704=CARTESIAN_POINT('',(0.00881322074794308,-0.00636216435452504,0.0665778276118642));
#3705=CARTESIAN_POINT('',(0.00888285455773042,-0.00626574704617534,0.0666724141113151));
#3706=CARTESIAN_POINT('',(0.00891667654223994,-0.00621657791222044,0.0667195971518416));
#3707=CARTESIAN_POINT('',(0.00898391052207584,-0.00611784384749912,0.0668139178176297));
#3708=CARTESIAN_POINT('',(0.00901736232268707,-0.00606831734410028,0.0668610598521971));
#3709=CARTESIAN_POINT('',(0.00905044101194839,-0.00601843064515236,0.0669081605565403));
#3710=CARTESIAN_POINT('',(0.00865713479534879,-0.00653236460955344,0.0662600852100457));
#3711=CARTESIAN_POINT('',(0.00870323175157348,-0.0064950455314183,0.0663086279721937));
#3712=CARTESIAN_POINT('',(0.00874629577214956,-0.00645479850709194,0.066356834770383));
#3713=CARTESIAN_POINT('',(0.00882641359435634,-0.00636850229191134,0.0664525826035484));
#3714=CARTESIAN_POINT('',(0.00886377671488606,-0.00632275171243518,0.0665001579023573));
#3715=CARTESIAN_POINT('',(0.00893566035525619,-0.006228506353525,0.0665949936197629));
#3716=CARTESIAN_POINT('',(0.00897023037192056,-0.00618005935751122,0.0666422595212155));
#3717=CARTESIAN_POINT('',(0.0090385924738711,-0.0060824143633264,0.0667367051512029));
#3718=CARTESIAN_POINT('',(0.00907243405598125,-0.00603326414857556,0.0667838903625936));
#3719=CARTESIAN_POINT('',(0.0091058849023007,-0.0059837367239163,0.0668310322914565));
#3720=CARTESIAN_POINT('',(0.00867508453163803,-0.00650558371920896,0.0662204385916159));
#3721=CARTESIAN_POINT('',(0.00872279066813473,-0.00646981811724284,0.0662691596056779));
#3722=CARTESIAN_POINT('',(0.00876730907264278,-0.00643097513124134,0.0663175275087024));
#3723=CARTESIAN_POINT('',(0.00884974747137719,-0.00634691916247064,0.0664135323964788));
#3724=CARTESIAN_POINT('',(0.00888799429139856,-0.006302021691949,0.0664612055843361));
#3725=CARTESIAN_POINT('',(0.00896117603466483,-0.0062090295002267,0.0665561850950322));
#3726=CARTESIAN_POINT('',(0.00899616537212364,-0.00616098730961342,0.0666034974454356));
#3727=CARTESIAN_POINT('',(0.00906512835415324,-0.00606392239517608,0.0666980096360354));
#3728=CARTESIAN_POINT('',(0.00909915641293792,-0.0060149522019394,0.0667452155037965));
#3729=CARTESIAN_POINT('',(0.00913278577078717,-0.00596559710937054,0.0667923772067098));
#3730=CARTESIAN_POINT('',(0.00870766469295049,-0.00644881753001394,0.0661407776684208));
#3731=CARTESIAN_POINT('',(0.00875835155000983,-0.00641592946665008,0.0661898288624934));
#3732=CARTESIAN_POINT('',(0.00880600634663758,-0.00638011430201158,0.066238544189555));
#3733=CARTESIAN_POINT('',(0.00889371406415981,-0.00630114524693058,0.0663351327696493));
#3734=CARTESIAN_POINT('',(0.00893409840887596,-0.00625831130759496,0.0663830427351209));
#3735=CARTESIAN_POINT('',(0.00901042789760601,-0.00616835789757858,0.0664783709274778));
#3736=CARTESIAN_POINT('',(0.00904645003720832,-0.0061213127571725,0.066525797683309));
#3737=CARTESIAN_POINT('',(0.00911687787736362,-0.0060256619926815,0.0666204721389896));
#3738=CARTESIAN_POINT('',(0.00915136057350502,-0.00597713069887124,0.0666677283677848));
#3739=CARTESIAN_POINT('',(0.0091853759686663,-0.0059281482803701,0.0667149328327755));
#3740=CARTESIAN_POINT('',(0.00872243240158872,-0.00641896476251328,0.0661007785708183));
#3741=CARTESIAN_POINT('',(0.00877437939236312,-0.00638729321150676,0.066149969352268));
#3742=CARTESIAN_POINT('',(0.00882368951321135,-0.0063530760696426,0.0661988680426959));
#3743=CARTESIAN_POINT('',(0.00891433450546073,-0.00627694261127178,0.0662957819902192));
#3744=CARTESIAN_POINT('',(0.00895598275938755,-0.006235328829101,0.0663438319612837));
#3745=CARTESIAN_POINT('',(0.00903417056912451,-0.00614716941162236,0.0664393660033425));
#3746=CARTESIAN_POINT('',(0.0090708075507994,-0.00610071782964208,0.0664868608663825));
#3747=CARTESIAN_POINT('',(0.00914210282049537,-0.00600590446736394,0.0665816314088599));
#3748=CARTESIAN_POINT('',(0.00917685853438119,-0.00595763674039366,0.0666289178803431));
#3749=CARTESIAN_POINT('',(0.00921107619892731,-0.00590884958942622,0.0666761447510976));
#3750=CARTESIAN_POINT('',(0.00875105290284985,-0.00635837598262518,0.0660206790286491));
#3751=CARTESIAN_POINT('',(0.00880453305648013,-0.0063281845218187,0.0660700396414194));
#3752=CARTESIAN_POINT('',(0.00885656238785067,-0.00629659246107088,0.0661192395439002));
#3753=CARTESIAN_POINT('',(0.00895281091715956,-0.0062258685652169,0.0662167742057354));
#3754=CARTESIAN_POINT('',(0.00899725007132096,-0.0061869490722308,0.0662651333300554));
#3755=CARTESIAN_POINT('',(0.00907983811049442,-0.00610303756387898,0.0663611547937845));
#3756=CARTESIAN_POINT('',(0.00911809937629231,-0.00605815403907618,0.0664088295818238));
#3757=CARTESIAN_POINT('',(0.009191594066625,-0.00596546396130598,0.0665038437582505));
#3758=CARTESIAN_POINT('',(0.00922693987194563,-0.00591776589890154,0.0665511955952682));
#3759=CARTESIAN_POINT('',(0.00926169611602929,-0.00586949868375356,0.0665984821254933));
#3760=CARTESIAN_POINT('',(0.00876491536051701,-0.00632764930070158,0.0659805796546994));
#3761=CARTESIAN_POINT('',(0.00881878703384784,-0.00629783580657846,0.0660299836368515));
#3762=CARTESIAN_POINT('',(0.00887182863114242,-0.00626722097070956,0.0660792956699244));
#3763=CARTESIAN_POINT('',(0.00897066877089539,-0.00619899897296046,0.06617711740931));
#3764=CARTESIAN_POINT('',(0.00901661677885729,-0.00616153610261916,0.0662256436721941));
#3765=CARTESIAN_POINT('',(0.00910176631163768,-0.00608009741806828,0.066321948877372));
#3766=CARTESIAN_POINT('',(0.00914106290871111,-0.0060362133850506,0.0663697383509977));
#3767=CARTESIAN_POINT('',(0.00921589225966676,-0.005944811766695,0.066464900370286));
#3768=CARTESIAN_POINT('',(0.00925152008580393,-0.005897385962549,0.0665122834472805));
#3769=CARTESIAN_POINT('',(0.00928662865387602,-0.00584945887518754,0.066559609005096));
#3770=CARTESIAN_POINT('',(0.00879253523010988,-0.00626609452743242,0.065900369270709));
#3771=CARTESIAN_POINT('',(0.00884694224309669,-0.0062367978414158,0.0659498325534363));
#3772=CARTESIAN_POINT('',(0.00890117613187548,-0.00620733402414358,0.0659992766588718));
#3773=CARTESIAN_POINT('',(0.00900417060701626,-0.00614312255346108,0.066097558581771));
#3774=CARTESIAN_POINT('',(0.00905294920265069,-0.00610839228590614,0.0661463983941558));
#3775=CARTESIAN_POINT('',(0.00914349171532912,-0.0060321598954503,0.0662433009898262));
#3776=CARTESIAN_POINT('',(0.00918526604723921,-0.00599066782689054,0.0662913649267862));
#3777=CARTESIAN_POINT('',(0.00926343392834434,-0.00590248917063318,0.0663868967613221));
#3778=CARTESIAN_POINT('',(0.00929983789240547,-0.0058558126372767,0.0664343658125723));
#3779=CARTESIAN_POINT('',(0.00933580742048644,-0.0058087167065609,0.0664817867405413));
#3780=CARTESIAN_POINT('',(0.00880626927508482,-0.00623524387801692,0.0658602556722647));
#3781=CARTESIAN_POINT('',(0.00886081399642065,-0.00620608013337902,0.0659097342092001));
#3782=CARTESIAN_POINT('',(0.00891525332427606,-0.0061768146436155,0.0659592010715014));
#3783=CARTESIAN_POINT('',(0.00901983122078142,-0.0061141317818788,0.0660576583929474));
#3784=CARTESIAN_POINT('',(0.00906992721394984,-0.00608067330823594,0.0661066441359252));
#3785=CARTESIAN_POINT('',(0.00916327835178031,-0.0060071523183068,0.0662038578482685));
#3786=CARTESIAN_POINT('',(0.0092064802514926,-0.00596703840022246,0.0662520799195911));
#3787=CARTESIAN_POINT('',(0.00928664865169312,-0.00588079101219718,0.0663478333553782));
#3788=CARTESIAN_POINT('',(0.0093235619072316,-0.00583460614045816,0.0663953588217998));
#3789=CARTESIAN_POINT('',(0.00936004230080545,-0.00578800339089438,0.0664428363392935));
#3790=CARTESIAN_POINT('',(0.00883347858544371,-0.00617329275763106,0.0657799998098706));
#3791=CARTESIAN_POINT('',(0.00888823509039702,-0.00614433346542292,0.0658295018064634));
#3792=CARTESIAN_POINT('',(0.00894270219970427,-0.00611509479541824,0.0658789717461616));
#3793=CARTESIAN_POINT('',(0.00904956661374483,-0.00605461930010428,0.0659776823494328));
#3794=CARTESIAN_POINT('',(0.00910184368526228,-0.0060232664036263,0.0660269096945464));
#3795=CARTESIAN_POINT('',(0.00920041854790488,-0.00595478831171552,0.0661247020486782));
#3796=CARTESIAN_POINT('',(0.00924655220925328,-0.0059175046680962,0.0661732488767333));
#3797=CARTESIAN_POINT('',(0.00933132000778875,-0.00583569746357906,0.066269511796492));
#3798=CARTESIAN_POINT('',(0.00936979001519906,-0.00579101545449474,0.0663172097072326));
#3799=CARTESIAN_POINT('',(0.00940745059788099,-0.00574555204008792,0.066364817956476));
#3800=CARTESIAN_POINT('',(0.00884689031539819,-0.0061421309505996,0.0657398505079802));
#3801=CARTESIAN_POINT('',(0.00890171295652501,-0.00611323550517198,0.0657893598305916));
#3802=CARTESIAN_POINT('',(0.00895601385896699,-0.00608383638179226,0.0658388113592479));
#3803=CARTESIAN_POINT('',(0.00906355638547134,-0.0060240155250961,0.0659375970783061));
#3804=CARTESIAN_POINT('',(0.0091166638643006,-0.00599346429017846,0.0659869164091935));
#3805=CARTESIAN_POINT('',(0.00921759736808726,-0.00592726319163752,0.0660849700344251));
#3806=CARTESIAN_POINT('',(0.00926521763911672,-0.0058914146965565,0.0661336815370207));
#3807=CARTESIAN_POINT('',(0.00935260732147178,-0.00581213861555968,0.0662302348877611));
#3808=CARTESIAN_POINT('',(0.0093921709788695,-0.00576851239818644,0.0662780539441578));
#3809=CARTESIAN_POINT('',(0.00943050880594318,-0.0057237027843728,0.0663257372130271));
#3810=CARTESIAN_POINT('',(0.00886009131381669,-0.00611076570680248,0.0656996778629635));
#3811=CARTESIAN_POINT('',(0.00891496384628244,-0.0060819184256609,0.065749192712144));
#3812=CARTESIAN_POINT('',(0.00896905807267382,-0.00605231978062156,0.0657986213468955));
#3813=CARTESIAN_POINT('',(0.00907706473668085,-0.0059929469946367,0.0658974584793256));
#3814=CARTESIAN_POINT('',(0.00913084454635836,-0.0059630448168623,0.0659468522855572));
#3815=CARTESIAN_POINT('',(0.00923393206216111,-0.00589892316609886,0.0660451445147339));
#3816=CARTESIAN_POINT('',(0.00928300744285843,-0.0058644794099626,0.0660940172025554));
#3817=CARTESIAN_POINT('',(0.00937315573011248,-0.00578786644077478,0.066190876129138));
#3818=CARTESIAN_POINT('',(0.00941399631124128,-0.00574547294457598,0.0662388366327754));
#3819=CARTESIAN_POINT('',(0.00945303502100849,-0.0057013399513994,0.0662865975397435));
#3820=CARTESIAN_POINT('',(0.00870146668691857,-0.00646562390683732,0.0661756432312414));
#3821=CARTESIAN_POINT('',(0.00869494998206224,-0.00647912888091746,0.0661982459387869));
#3822=CARTESIAN_POINT('',(0.00868196147586626,-0.00650499873262393,0.0662452561883986));
#3823=CARTESIAN_POINT('',(0.00865943728052043,-0.00653850213422036,0.0663225592432221));
#3824=CARTESIAN_POINT('',(0.00864208942224125,-0.00655961975401282,0.0663792037472775));
#3825=CARTESIAN_POINT('',(0.00861034253899795,-0.0065863324349803,0.0664811201945926));
#3826=CARTESIAN_POINT('',(0.00859874998784287,-0.00659342222019045,0.0665177720384492));
#3827=CARTESIAN_POINT('',(0.00855172933108924,-0.00661230855815327,0.0666678663281236));
#3828=CARTESIAN_POINT('',(0.00852622533761738,-0.00660581970299499,0.0667511230834861));
#3829=CARTESIAN_POINT('',(0.00851607371805706,-0.00660247801786198,0.0667854491800596));
#3830=CARTESIAN_POINT('',(0.0095,-0.0071352683924,0.0146317912142));
#3831=CARTESIAN_POINT('',(0.0095,-0.0071352683924,-0.0025));
#3832=CARTESIAN_POINT('',(0.00605629291074,0.0010620887411,0.0742951477545));
#3833=CARTESIAN_POINT('',(0.00605629365884212,0.0010620879560587,0.0742951476155466));
#3834=CARTESIAN_POINT('',(0.00348331713272078,-0.00298479219611336,0.0833062238909382));
#3835=CARTESIAN_POINT('',(0.0034833167908409,-0.002984791753033,0.083306223847895));
#3836=CARTESIAN_POINT('',(-1.7347234759768E-18,-0.0056071832235,0.0666885560827));
#3837=CARTESIAN_POINT('',(-0.006,-0.0064656634696891,0.0661757094516065));
#3838=CARTESIAN_POINT('',(-0.0025,-0.0064656633682297,0.0661757092818186));
#3839=CARTESIAN_POINT('',(-1.7347234759768E-18,-0.00660247849819968,0.0667854442458599));
#3840=CARTESIAN_POINT('',(-0.0025,-0.00660247850667696,0.0667854441588978));
#3841=CARTESIAN_POINT('',(-0.0025,-0.00660247850666521,0.0667854441588966));
#3842=CARTESIAN_POINT('',(-0.0025,-0.00662300384903851,0.0665745949269639));
#3843=CARTESIAN_POINT('',(-0.0025,-0.00657430792931442,0.0663575749779681));
#3844=CARTESIAN_POINT('',(-0.0025,-0.00646566346963709,0.0661757094516373));
#3845=CARTESIAN_POINT('',(-0.005,-0.0021352683924,0.002));
#3846=CARTESIAN_POINT('',(-0.0087,-0.0021352683924,0.002));
#3847=CARTESIAN_POINT('',(-0.0102,-0.000812392736867701,0.0005));
#3848=CARTESIAN_POINT('',(-0.0107,-0.0021352683924,0.));
#3849=CARTESIAN_POINT('',(-0.0102,-0.0021352683924,0.002));
#3850=CARTESIAN_POINT('',(0.01,-0.0021352683924,0.));
#3851=CARTESIAN_POINT('',(-0.0102,-0.0021352683924,-0.0215));
#3852=CARTESIAN_POINT('',(-0.0102,0.0063647316076,-0.0215));
#3853=CARTESIAN_POINT('',(-0.0102,0.00636473160763335,0.000499999999991653));
#3854=CARTESIAN_POINT('',(-0.0102,0.0063647316076,0.0424690465852826));
#3855=CARTESIAN_POINT('',(-0.0102,0.0140651795072695,-0.0194864464156414));
#3856=CARTESIAN_POINT('',(-0.0102,0.00562615377741076,0.0484114221698108));
#3857=CARTESIAN_POINT('',(-0.0102,0.00296951619760926,0.0457547845900093));
#3858=CARTESIAN_POINT('',(-0.0102,0.00025,0.0005));
#3859=CARTESIAN_POINT('',(0.01,-0.0029847917529,0.083306223848));
#3860=CARTESIAN_POINT('',(0.01,-0.00298479175294566,0.083306223847531));
#3861=CARTESIAN_POINT('',(-0.00348331679101171,-0.00298479175290426,0.083306223847762));
#3862=CARTESIAN_POINT('',(-0.006,0.00355954474300605,0.06873413202771));
#3863=CARTESIAN_POINT('',(-0.007644100348114,0.00355949834606205,0.0687340960180669));
#3864=CARTESIAN_POINT('',(-0.0076441566152,0.003559544743184,0.0687341320277826));
#3865=CARTESIAN_POINT('',(-0.0076025482169669,0.00349410137818825,0.0688798529459842));
#3866=CARTESIAN_POINT('',(-0.007602548217,0.0034941013782174,0.0688798529459976));
#3867=CARTESIAN_POINT('',(-0.006,0.0026462271001,0.0683241448109));
#3868=CARTESIAN_POINT('',(-0.0077293084512699,0.003639370054639,0.0684502606099366));
#3869=CARTESIAN_POINT('',(-0.00769108261702315,0.00362721369375323,0.0685459901240717));
#3870=CARTESIAN_POINT('',(-0.00766158851930896,0.0036014733366241,0.0686406054658404));
#3871=CARTESIAN_POINT('',(-0.00764163755921505,0.0035597471797871,0.0687336807663416));
#3872=CARTESIAN_POINT('',(0.01,-0.01156366652472,0.));
#3873=CARTESIAN_POINT('',(-0.0040363152073,0.0063647316076,0.));
#3874=CARTESIAN_POINT('',(-0.0107,0.0063647316076,0.));
#3875=CARTESIAN_POINT('',(-0.0119999999999967,0.00636473160759885,0.));
#3876=CARTESIAN_POINT('',(-0.0107,-0.01156366652472,0.));
#3877=CARTESIAN_POINT('',(-0.005,-0.0063647316076,0.));
#3878=CARTESIAN_POINT('',(-0.012,-0.0063647316076,0.));
#3879=CARTESIAN_POINT('',(-0.012,8.54162014999986E-5,0.));
#3880=CARTESIAN_POINT('',(0.01,0.0068647316076,-0.010506));
#3881=CARTESIAN_POINT('',(-0.0107,0.0068647316076,0.02129));
#3882=CARTESIAN_POINT('',(-0.0106999999999666,0.0068647316076,0.000499999999991653));
#3883=CARTESIAN_POINT('',(0.01,0.0068647316076,0.0005));
#3884=CARTESIAN_POINT('',(-0.0117928932188,0.0068647316076,0.0005));
#3885=CARTESIAN_POINT('',(-0.0117928932188,0.0068647316076,0.0005));
#3886=CARTESIAN_POINT('',(-0.019353553390595,0.0068647316076,0.0080606601718052));
#3887=CARTESIAN_POINT('',(-0.019,0.0068647316076,0.0084142135624));
#3888=CARTESIAN_POINT('',(-0.0195,0.0068647316076,0.0084142135624));
#3889=CARTESIAN_POINT('',(-0.0195,0.0068647316076,-0.010506));
#3890=CARTESIAN_POINT('',(-0.0195000277189663,0.0068647307682976,0.0286631864882765));
#3891=CARTESIAN_POINT('',(0.0586203605671872,0.0068647316076,0.0121888306182821));
#3892=CARTESIAN_POINT('',(-0.0194649840388426,0.00686471329310305,0.0288061281571142));
#3893=CARTESIAN_POINT('',(-0.0194650015040037,0.0068647316076,0.0288061333714817));
#3894=CARTESIAN_POINT('',(-0.0181022075710563,0.0068647316076,0.0333707167928961));
#3895=CARTESIAN_POINT('',(-0.0167394136381088,0.0068647316076,0.0379353002143104));
#3896=CARTESIAN_POINT('',(-0.0153766197051613,0.0068647316076,0.0424998836357248));
#3897=CARTESIAN_POINT('',(-0.0102,0.00025,0.0005));
#3898=CARTESIAN_POINT('',(-0.0102,0.0063647316076,0.0005));
#3899=CARTESIAN_POINT('',(-0.0102,0.0063647316076,0.02129));
#3900=CARTESIAN_POINT('',(-0.0121287938725845,0.00829352548018452,0.0425884520985675));
#3901=CARTESIAN_POINT('',(-0.0104499999999666,0.00661473160763335,0.000499999999966652));
#3902=CARTESIAN_POINT('',(-0.0072193782523,0.0028914362214,0.0702217906662));
#3903=CARTESIAN_POINT('',(-0.00764415661519531,0.00355954474299608,0.0687341320276969));
#3904=CARTESIAN_POINT('',(-0.00781871135937686,0.00334000240349789,0.0687477072937124));
#3905=CARTESIAN_POINT('',(-0.00799326610355841,0.00312046006399969,0.0687612825597279));
#3906=CARTESIAN_POINT('',(-0.00816782084773997,0.0029009177245015,0.0687748578257434));
#3907=CARTESIAN_POINT('',(-0.008167860085109,0.0029009504155766,0.0687748819877893));
#3908=CARTESIAN_POINT('',(-0.00778465356837475,0.0022982491905088,0.0701167957548786));
#3909=CARTESIAN_POINT('',(-0.00399999999995406,-0.0036544064073629,0.0833714081971732));
#3910=CARTESIAN_POINT('',(-0.0040000000000355,-0.0036544064073703,0.0833714081970234));
#3911=CARTESIAN_POINT('',(-0.0113709258063,0.0051767462783,0.0560810234179));
#3912=CARTESIAN_POINT('',(-0.0153770005977329,0.00686472795141265,0.0425000088929314));
#3913=CARTESIAN_POINT('',(-0.0155743948075654,0.00669328761975188,0.0424372089032919));
#3914=CARTESIAN_POINT('',(-0.0157717890173979,0.00652184728809112,0.0423744089136523));
#3915=CARTESIAN_POINT('',(-0.0159691832272304,0.00635040695643035,0.0423116089240127));
#3916=CARTESIAN_POINT('',(-0.0159691832272338,0.00635040695641785,0.0423116089240113));
#3917=CARTESIAN_POINT('',(-0.011883068497595,0.00462869631878115,0.0561639760525398));
#3918=CARTESIAN_POINT('',(-0.00843179212999225,0.0031744610448883,0.0678640397640151));
#3919=CARTESIAN_POINT('',(-0.00843182640078181,0.00317449410970926,0.067864055027414));
#3920=CARTESIAN_POINT('',(-0.00819556014209314,0.0033295562772509,0.0680586334715519));
#3921=CARTESIAN_POINT('',(-0.00795929388340446,0.00348461844479254,0.0682532119156897));
#3922=CARTESIAN_POINT('',(-0.00772302762471579,0.00363968061233419,0.0684477903598276));
#3923=CARTESIAN_POINT('',(-0.00518827259484405,0.000324309495022299,0.0666007532688058));
#3924=CARTESIAN_POINT('',(-0.0095464553356738,-0.00350103958515058,0.0647809012574154));
#3925=CARTESIAN_POINT('',(-0.019,0.0073647316076,0.0084142135624));
#3926=CARTESIAN_POINT('',(-0.019,0.0073647316076,0.0084142135624));
#3927=CARTESIAN_POINT('',(-0.0197071067811913,0.0063647316076,0.00770710678120865));
#3928=CARTESIAN_POINT('',(-0.019,0.0063647316076,0.0084142135624));
#3929=CARTESIAN_POINT('',(-0.02,0.0063647316076,0.0084142135624));
#3930=CARTESIAN_POINT('',(-0.0195,0.0068647316076,0.0084142135624));
#3931=CARTESIAN_POINT('',(-0.0195,0.0068647316076,0.02125));
#3932=CARTESIAN_POINT('',(-0.02,0.0063647316076,0.02125));
#3933=CARTESIAN_POINT('',(-0.0199999999165221,0.0063647610624777,0.0286631850815365));
#3934=CARTESIAN_POINT('',(-0.0199999852308222,0.00636474637677782,0.0286631843175));
#3935=CARTESIAN_POINT('',(-0.0198333282469262,0.00653140336067377,0.0286631843175));
#3936=CARTESIAN_POINT('',(-0.0196666712630303,0.00669806034456972,0.0286631843175));
#3937=CARTESIAN_POINT('',(-0.0195000142791343,0.00686471732846568,0.0286631843175));
#3938=CARTESIAN_POINT('',(0.0586203605671872,-0.0730365070699157,0.0121888306182821));
#3939=CARTESIAN_POINT('',(-0.0199999951270517,0.00637293064530775,0.0286648801111641));
#3940=CARTESIAN_POINT('',(-0.0199997612311529,0.00635311887949529,0.028761482768419));
#3941=CARTESIAN_POINT('',(-0.0199861893642881,0.00634620319325758,0.0288587168699953));
#3942=CARTESIAN_POINT('',(-0.0199578152800579,0.00635439204791715,0.0289529338539741));
#3943=CARTESIAN_POINT('',(-0.0199578226717201,0.0063503874295184,0.0289532839760936));
#3944=CARTESIAN_POINT('',(-0.0194650015425585,0.00686473157843651,0.0288061333443424));
#3945=CARTESIAN_POINT('',(-0.0196298063802517,0.00669272931807153,0.0288553689381809));
#3946=CARTESIAN_POINT('',(-0.0197931903973195,0.00652224088197299,0.0289040718737567));
#3947=CARTESIAN_POINT('',(-0.0199578262646942,0.00635040696463909,0.0289532849722986));
#3948=CARTESIAN_POINT('',(-0.0105333333333,0.0065313982743,0.000333333333300004));
#3949=CARTESIAN_POINT('',(-0.0107,0.0068647316076,0.0005));
#3950=CARTESIAN_POINT('',(-0.0040363152073,0.0068647316076,0.0005));
#3951=CARTESIAN_POINT('',(-0.012,0.0063647316076,0.));
#3952=CARTESIAN_POINT('',(-0.0114860884418,0.0068647316076,0.0555282301442));
#3953=CARTESIAN_POINT('',(-0.0119789131347351,0.00635040696463695,0.055675381971891));
#3954=CARTESIAN_POINT('',(-0.0153552626728,0.0068647316076,0.004062369454));
#3955=CARTESIAN_POINT('',(-0.0157088160633968,0.0063647316075954,0.00370881606340325));
#3956=CARTESIAN_POINT('',(-1.7347234759768E-18,-0.0061352683924,0.0428697552485));
#3957=CARTESIAN_POINT('',(-0.01475,-0.00701570317500908,0.0423955879852013));
#3958=CARTESIAN_POINT('',(-0.0158171883224651,-0.00701555830121104,0.042395605345854));
#3959=CARTESIAN_POINT('',(-1.7347234759768E-18,-0.0071352683924,0.0428697552485));
#3960=CARTESIAN_POINT('',(-0.0156727200074804,-0.00713529402410066,0.0428697565373431));
#3961=CARTESIAN_POINT('',(-0.0156726962058658,-0.00713526839238308,0.0428697494305832));
#3962=CARTESIAN_POINT('',(-0.0157215337896444,-0.00713526744079863,0.0427061884042369));
#3963=CARTESIAN_POINT('',(-0.0157761484865923,-0.00709425125464515,0.0425414375597696));
#3964=CARTESIAN_POINT('',(-0.0158173311984002,-0.00701570498460766,0.0423955913452959));
#3965=CARTESIAN_POINT('',(-0.006,-0.0056071467641,0.0666885642636));
#3966=CARTESIAN_POINT('',(-0.006,-0.00646566346968908,0.0661757094516065));
#3967=CARTESIAN_POINT('',(-0.00870170683706235,-0.00646558066508836,0.0661757046990202));
#3968=CARTESIAN_POINT('',(-0.006,-0.00660247850666986,0.0667854441588971));
#3969=CARTESIAN_POINT('',(-0.0085160585839805,-0.00660248265481294,0.0667854447697245));
#3970=CARTESIAN_POINT('',(-0.0085160544291125,-0.00660247860745615,0.0667854431234259));
#3971=CARTESIAN_POINT('',(-0.00857889084291247,-0.00662276953462664,0.0665769744649353));
#3972=CARTESIAN_POINT('',(-0.00865067740712206,-0.00657470257083407,0.0663582404286909));
#3973=CARTESIAN_POINT('',(-0.0087017873,-0.00646566346965452,0.0661757094516271));
#3974=CARTESIAN_POINT('',(0.01,-0.0071352683924,0.0613122912101));
#3975=CARTESIAN_POINT('',(0.01,-0.00497538231924296,0.0835000000000042));
#3976=CARTESIAN_POINT('',(-0.0034779847783155,-0.00497538222033336,0.0834999999903766));
#3977=CARTESIAN_POINT('',(-0.0115000001903759,-0.00756617422400329,0.0568857533213868));
#3978=CARTESIAN_POINT('',(-0.006,-0.0236352683924,0.0559187768303));
#3979=CARTESIAN_POINT('',(-0.00870179348210656,-0.00646565028024417,0.0661756873730868));
#3980=CARTESIAN_POINT('',(-0.00881089294588254,-0.00623289008494524,0.0657860570211087));
#3981=CARTESIAN_POINT('',(-0.00898173497278601,-0.00589705638950374,0.0651789373962686));
#3982=CARTESIAN_POINT('',(-0.00922494636644633,-0.00548104923158153,0.0643207741935045));
#3983=CARTESIAN_POINT('',(-0.00938165206104604,-0.005237837449049,0.0637703454919502));
#3984=CARTESIAN_POINT('',(-0.00951398120876987,-0.00504902678446554,0.0633072507821516));
#3985=CARTESIAN_POINT('',(-0.009621264132775,-0.00490361396477759,0.0629327125456616));
#3986=CARTESIAN_POINT('',(-0.00982961095507996,-0.00464053540322115,0.062207575477897));
#3987=CARTESIAN_POINT('',(-0.0101410010708562,-0.00430900731530075,0.0611300145544156));
#3988=CARTESIAN_POINT('',(-0.010486695323283,-0.00403337994955721,0.0599421936720191));
#3989=CARTESIAN_POINT('',(-0.0107191240894238,-0.00389538825774063,0.0591484512904294));
#3990=CARTESIAN_POINT('',(-0.0108351541565707,-0.00383688288310608,0.0587534291871871));
#3991=CARTESIAN_POINT('',(-0.0108982877900987,-0.0038071423185934,0.0585387461322148));
#3992=CARTESIAN_POINT('',(-0.0110068347939653,-0.00376036281838491,0.0581701238973984));
#3993=CARTESIAN_POINT('',(-0.0111725576576341,-0.00370249693970718,0.0576087475022524));
#3994=CARTESIAN_POINT('',(-0.0113531045065257,-0.00366206910015314,0.056999370862402));
#3995=CARTESIAN_POINT('',(-0.0114785282504658,-0.00364520674584946,0.0565772004416094));
#3996=CARTESIAN_POINT('',(-0.0115635231316596,-0.0036385092896833,0.0562916280703973));
#3997=CARTESIAN_POINT('',(-0.0116063382036838,-0.00363639904033089,0.0561479332984568));
#3998=CARTESIAN_POINT('',(-0.0116760702840966,-0.00363452620356969,0.0559141297627262));
#3999=CARTESIAN_POINT('',(-0.0117948722358755,-0.00363747871603975,0.055516450534829));
#4000=CARTESIAN_POINT('',(-0.0119693121433272,-0.00365480561258942,0.0549336683847377));
#4001=CARTESIAN_POINT('',(-0.0122173183756725,-0.00371032592483416,0.0541079914445401));
#4002=CARTESIAN_POINT('',(-0.0125011434502736,-0.00381880290629571,0.0531679952335981));
#4003=CARTESIAN_POINT('',(-0.012727983608194,-0.00393998128319969,0.0524202012751536));
#4004=CARTESIAN_POINT('',(-0.0128809459805788,-0.00403786045501936,0.0519180860416203));
#4005=CARTESIAN_POINT('',(-0.01296862109929,-0.0041001764316856,0.0516309009809819));
#4006=CARTESIAN_POINT('',(-0.0129990505946475,-0.00412241866647276,0.0515312638125324));
#4007=CARTESIAN_POINT('',(-0.0130350175835167,-0.00414911875724647,0.0514135156078703));
#4008=CARTESIAN_POINT('',(-0.0131032409796375,-0.00420150699425715,0.051190337048416));
#4009=CARTESIAN_POINT('',(-0.0131952215800769,-0.00427666941389936,0.0508898914413655));
#4010=CARTESIAN_POINT('',(-0.0133394411627603,-0.00440348863641732,0.0504197574541133));
#4011=CARTESIAN_POINT('',(-0.0134750268366916,-0.00453521740064602,0.0499791373917872));
#4012=CARTESIAN_POINT('',(-0.0136058232920961,-0.00467381383478565,0.0495553206584285));
#4013=CARTESIAN_POINT('',(-0.0137234178622139,-0.00480425302320426,0.0491748967993894));
#4014=CARTESIAN_POINT('',(-0.0139205734405072,-0.0050409142558974,0.0485386726932143));
#4015=CARTESIAN_POINT('',(-0.0141326384935604,-0.00532715778715096,0.0478573914329785));
#4016=CARTESIAN_POINT('',(-0.0145473595436309,-0.00594044842792761,0.0465308249195106));
#4017=CARTESIAN_POINT('',(-0.0148543033023835,-0.00650514403809434,0.0455620497465517));
#4018=CARTESIAN_POINT('',(-0.0150771502793476,-0.00696860076850852,0.0448633623055195));
#4019=CARTESIAN_POINT('',(-0.0150771411848868,-0.00696859440232762,0.0448633551819873));
#4020=CARTESIAN_POINT('',(-0.01475,-0.00696860172571972,0.0448633608625131));
#4021=CARTESIAN_POINT('',(-0.01475,-0.0061352683924,0.0443105900641));
#4022=CARTESIAN_POINT('',(0.006,-0.0071352683924,0.0443105900641));
#4023=CARTESIAN_POINT('',(-0.0152423843927226,-0.00713518989637676,0.0443105480806302));
#4024=CARTESIAN_POINT('',(-0.0150771129013213,-0.00696860611274054,0.0448633542487734));
#4025=CARTESIAN_POINT('',(-0.0150838146574295,-0.00698305645027036,0.0448415691699475));
#4026=CARTESIAN_POINT('',(-0.015099645056429,-0.0070137816818377,0.0447917562972246));
#4027=CARTESIAN_POINT('',(-0.0151286557998491,-0.00705920145417456,0.04469813269418));
#4028=CARTESIAN_POINT('',(-0.0151616695996319,-0.00709728178873109,0.0445882620385396));
#4029=CARTESIAN_POINT('',(-0.0151767232622696,-0.00711012499260422,0.0445368283503973));
#4030=CARTESIAN_POINT('',(-0.0152035583067712,-0.00712792574037677,0.0444430872260263));
#4031=CARTESIAN_POINT('',(-0.0152221736820182,-0.00713366087268067,0.0443777778937473));
#4032=CARTESIAN_POINT('',(-0.0152369931164832,-0.00713512130455462,0.0443275745259349));
#4033=CARTESIAN_POINT('',(-0.0152357912010115,-0.00713527091114468,0.0443312320440666));
#4034=CARTESIAN_POINT('',(-0.0152421231675536,-0.00713526838499918,0.044310468402135));
#4035=CARTESIAN_POINT('',(0.006,-0.0071352683924,-0.0025));
#4036=CARTESIAN_POINT('',(-0.026336610364631,-0.0071352683924,0.00715534273080185));
#4037=CARTESIAN_POINT('',(-0.005,-0.0063647316076,0.));
#4038=CARTESIAN_POINT('',(-0.0116605738536117,-0.0066938757552116,0.000329144147611605));
#4039=CARTESIAN_POINT('',(-0.0117912109790891,-0.00660165492855684,0.00023692332095684));
#4040=CARTESIAN_POINT('',(-0.0119218481045666,-0.00650943410190208,0.000144702494302076));
#4041=CARTESIAN_POINT('',(-0.012052485230044,-0.00641721327524731,5.24816676473117E-5));
#4042=CARTESIAN_POINT('',(-0.012052492300249,-0.00641721018058228,5.24947111138034E-5));
#4043=CARTESIAN_POINT('',(-0.0116605941621294,-0.0066938670218834,0.000329181846143653));
#4044=CARTESIAN_POINT('',(-0.0098499507303,-0.0042146823379,-0.0021500492697));
#4045=CARTESIAN_POINT('',(-0.01166068861495,-0.00669389920461014,0.000329167597010151));
#4046=CARTESIAN_POINT('',(-0.01475,-0.0466352683924,0.0210580611373));
#4047=CARTESIAN_POINT('',(-0.015817331271827,-0.00701569470555502,0.0423955722590935));
#4048=CARTESIAN_POINT('',(-0.0167651701208493,-0.0052083681056972,0.0390397211951835));
#4049=CARTESIAN_POINT('',(-0.01792515916703,-0.00358002214475017,0.0349992809177142));
#4050=CARTESIAN_POINT('',(-0.0192972984103691,-0.00259330428645375,0.0302941532595421));
#4051=CARTESIAN_POINT('',(-0.019297298410369,-0.00259330428645378,0.0302941532595422));
#4052=CARTESIAN_POINT('',(-0.0192972984103691,-0.00259330428645375,0.0302941532595421));
#4053=CARTESIAN_POINT('',(-0.0193693013585208,-0.00254170858989599,0.0300481210864387));
#4054=CARTESIAN_POINT('',(-0.0194413043066724,-0.00249217456055063,0.0298016565590157));
#4055=CARTESIAN_POINT('',(-0.0195133072548241,-0.00244470915423747,0.0295547942870729));
#4056=CARTESIAN_POINT('',(-0.0195132206358291,-0.00244453902746394,0.0295548017337896));
#4057=CARTESIAN_POINT('',(-0.0194995758793839,-0.0024109497790792,0.0293772944666091));
#4058=CARTESIAN_POINT('',(-0.019513599606951,-0.00242195023167382,0.0294357719129288));
#4059=CARTESIAN_POINT('',(-0.0195180043589423,-0.00243319670991486,0.0294949189115319));
#4060=CARTESIAN_POINT('',(-0.0195127941037489,-0.00244469758080577,0.0295547340947273));
#4061=CARTESIAN_POINT('',(-0.0195000081630525,-0.00241106253588922,0.0293771695880941));
#4062=CARTESIAN_POINT('',(-0.0195000578092247,-0.00340764568210338,0.00855315670678765));
#4063=CARTESIAN_POINT('',(-0.0195000226081746,-0.00242832751578424,0.0119385161425374));
#4064=CARTESIAN_POINT('',(-0.0194999959380357,-0.00128208724789744,0.0188350618161372));
#4065=CARTESIAN_POINT('',(-0.0195000694768678,-0.00175942030521856,0.0259137774628403));
#4066=CARTESIAN_POINT('',(-0.0195001285467553,-0.0024109309439491,0.0293771943400768));
#4067=CARTESIAN_POINT('',(-0.0195000703518478,-0.00340771464268872,0.0085531766558645));
#4068=CARTESIAN_POINT('',(-0.0195000014233449,-0.00340765017048164,0.0085531411911319));
#4069=CARTESIAN_POINT('',(-0.0195393231674416,-0.00345428130695225,0.00839194440032612));
#4070=CARTESIAN_POINT('',(-0.0195111794172624,-0.00350531413951434,0.00821973719480008));
#4071=CARTESIAN_POINT('',(-0.0194081570510405,-0.00354118116691499,0.0081004515505633));
#4072=CARTESIAN_POINT('',(-0.0194081753675574,-0.0035411602697593,0.0081004294479056));
#4073=CARTESIAN_POINT('',(-0.0194081490255119,-0.00354118166864326,0.00810044988192837));
#4074=CARTESIAN_POINT('',(-0.0193796721992283,-0.0035510939956445,0.0080674837224251));
#4075=CARTESIAN_POINT('',(-0.0193074149160861,-0.00357471431870732,0.00798935430581039));
#4076=CARTESIAN_POINT('',(-0.0192257715232402,-0.00359956596339682,0.00790755641993731));
#4077=CARTESIAN_POINT('',(-0.0190811766180781,-0.00364241963729141,0.00776828199080553));
#4078=CARTESIAN_POINT('',(-0.0189915789695578,-0.00366932508600223,0.00768160014164309));
#4079=CARTESIAN_POINT('',(-0.018955919632668,-0.00368012027410116,0.00764704722241017));
#4080=CARTESIAN_POINT('',(-0.0189495343649886,-0.00368210009601423,0.00764070918908158));
#4081=CARTESIAN_POINT('',(-0.0189495343649886,-0.00368210009601424,0.00764070918908155));
#4082=CARTESIAN_POINT('',(-0.0189495343649886,-0.00368210009601423,0.00764070918908158));
#4083=CARTESIAN_POINT('',(-0.0184342242137854,-0.00384187763089656,0.00712921099090741));
#4084=CARTESIAN_POINT('',(-0.0175992783834989,-0.00411760921826905,0.0062934369129095));
#4085=CARTESIAN_POINT('',(-0.0163506981000699,-0.00457936843402462,0.005037847464788));
#4086=CARTESIAN_POINT('',(-0.0155328823817967,-0.00490300803745205,0.00421512347501223));
#4087=CARTESIAN_POINT('',(-0.0148107261048319,-0.00520501424400569,0.00349003205518028));
#4088=CARTESIAN_POINT('',(-0.0141985262750025,-0.00546972495162021,0.00287607657427189));
#4089=CARTESIAN_POINT('',(-0.0131285933214201,-0.00595341735769096,0.0018023450868957));
#4090=CARTESIAN_POINT('',(-0.0122416148589398,-0.00639132553514128,0.000912182404622628));
#4091=CARTESIAN_POINT('',(-0.0116606013829342,-0.00669386747638418,0.000329228732504711));
#4092=CARTESIAN_POINT('',(-0.02,-0.00815215581894,0.0302238087456));
#4093=CARTESIAN_POINT('',(-0.00399999999994395,-0.00298479175291148,0.0833062238476218));
#4094=CARTESIAN_POINT('',(-0.00399999999994385,-0.0044777346776546,0.0834515559619802));
#4095=CARTESIAN_POINT('',(-0.0199578262852181,-0.0016263915467555,0.0297297948530407));
#4096=CARTESIAN_POINT('',(-0.0199578376852377,-0.0020152763339298,0.0297675281652925));
#4097=CARTESIAN_POINT('',(-0.0199578313761158,-0.00201496388215022,0.0297676037898201));
#4098=CARTESIAN_POINT('',(-0.0198857998599107,-0.00206577685551485,0.0300137902526712));
#4099=CARTESIAN_POINT('',(-0.0198137683437056,-0.00211658982887948,0.0302599767155222));
#4100=CARTESIAN_POINT('',(-0.0197417368275005,-0.00216740280224412,0.0305061631783733));
#4101=CARTESIAN_POINT('',(-0.0197417368275005,-0.00216740280224412,0.0305061631783733));
#4102=CARTESIAN_POINT('',(-0.0197417368275005,-0.00216740280224409,0.0305061631783734));
#4103=CARTESIAN_POINT('',(-0.0194513192108558,-0.00237654681728846,0.0314991572175717));
#4104=CARTESIAN_POINT('',(-0.0188720955224438,-0.00287213680424778,0.0334872731284508));
#4105=CARTESIAN_POINT('',(-0.0176907642957119,-0.0042088259373832,0.0375737789757255));
#4106=CARTESIAN_POINT('',(-0.0168780103937982,-0.00547752359675009,0.0404192675422831));
#4107=CARTESIAN_POINT('',(-0.01635193637258,-0.00646371612551431,0.042277138667486));
#4108=CARTESIAN_POINT('',(-0.0163519199914769,-0.006463650876032,0.0422771686646577));
#4109=CARTESIAN_POINT('',(-0.0163519126338627,-0.00646357838165077,0.0422772047617605));
#4110=CARTESIAN_POINT('',(-0.0162840698660145,-0.00658924162299961,0.0425166491088137));
#4111=CARTESIAN_POINT('',(-0.016214960940429,-0.00664725814527995,0.0427537487901956));
#4112=CARTESIAN_POINT('',(-0.0161345008059373,-0.00664863144185711,0.0430233506951864));
#4113=CARTESIAN_POINT('',(-0.0161344617538743,-0.00664876934548838,0.0430233383380154));
#4114=CARTESIAN_POINT('',(-0.0161345091558233,-0.00664881674199932,0.043023340768907));
#4115=CARTESIAN_POINT('',(-0.015885030355978,-0.00664878125099834,0.0438587050262773));
#4116=CARTESIAN_POINT('',(-0.0158850707014836,-0.00664864973762487,0.043858716308004));
#4117=CARTESIAN_POINT('',(-0.0158573715393357,-0.00664810559101449,0.0439514303203539));
#4118=CARTESIAN_POINT('',(-0.0158046960845988,-0.00662949866702608,0.0441260338405281));
#4119=CARTESIAN_POINT('',(-0.0156970929481179,-0.00650802670511295,0.0444745815959178));
#4120=CARTESIAN_POINT('',(-0.0156308141079849,-0.00639116633662439,0.0446851794901954));
#4121=CARTESIAN_POINT('',(-0.0155745674638137,-0.00628045805251471,0.0448627775399634));
#4122=CARTESIAN_POINT('',(-0.0155745950382159,-0.00628039788160596,0.0448627487645885));
#4123=CARTESIAN_POINT('',(-0.0155745778710398,-0.0062803855706093,0.0448627356294001));
#4124=CARTESIAN_POINT('',(-0.0145670878932176,-0.00429176566576712,0.0480433257745331));
#4125=CARTESIAN_POINT('',(-0.012879207024668,-0.00267497668260391,0.0535388024236225));
#4126=CARTESIAN_POINT('',(-0.0109521090426473,-0.00345090278914573,0.0600683600712599));
#4127=CARTESIAN_POINT('',(-0.00994227824098029,-0.00460885638713876,0.0635630963847403));
#4128=CARTESIAN_POINT('',(-0.00946150825602177,-0.00543549332055276,0.0652537081129568));
#4129=CARTESIAN_POINT('',(-0.00923322982493738,-0.00590378880070448,0.0660638198108994));
#4130=CARTESIAN_POINT('',(-0.009233171977665,-0.00590374551078566,0.0660638285346207));
#4131=CARTESIAN_POINT('',(-0.00923320038933438,-0.00590362976647855,0.0660639029120231));
#4132=CARTESIAN_POINT('',(-0.00914617030584825,-0.00608063923456923,0.0663726056561472));
#4133=CARTESIAN_POINT('',(-0.00904935779939789,-0.00610842936438719,0.066699544698817));
#4134=CARTESIAN_POINT('',(-0.00894502105839133,-0.00607495860012991,0.0670457195723023));
#4135=CARTESIAN_POINT('',(-0.008945062245959,-0.00607482285397488,0.0670457188612426));
#4136=CARTESIAN_POINT('',(-0.02,-0.00964509874365209,0.0303691408599539));
#4137=CARTESIAN_POINT('',(-0.019,-0.0016542321306,0.0294437988579));
#4138=CARTESIAN_POINT('',(-0.02,-0.00191945230915,0.02946961699785));
#4139=CARTESIAN_POINT('',(-0.0199999826909595,-0.00191945221604485,0.0294696348768584));
#4140=CARTESIAN_POINT('',(-0.0199999998335378,-0.0019181288423879,0.0294700678870276));
#4141=CARTESIAN_POINT('',(-0.019999943727682,-0.00195118928930814,0.0295709836642651));
#4142=CARTESIAN_POINT('',(-0.0199860037137181,-0.00198367939702154,0.0296701217921935));
#4143=CARTESIAN_POINT('',(-0.0199578974266069,-0.00201558800982374,0.0297674432298708));
#4144=CARTESIAN_POINT('',(0.01,-0.0049753823192,0.0835));
#4145=CARTESIAN_POINT('',(-0.00347798467460375,-0.0049753823192038,0.0835000000000014));
#4146=CARTESIAN_POINT('',(-0.02,-0.0021352683924,-0.0215));
#4147=CARTESIAN_POINT('',(-0.02,-0.0021352683924,0.0084142135624));
#4148=CARTESIAN_POINT('',(-0.0199999756809373,-0.00292730405565298,0.00841420394125905));
#4149=CARTESIAN_POINT('',(-0.02,-0.0466429059605951,0.0210580764092748));
#4150=CARTESIAN_POINT('',(-0.019,8.54162014999986E-5,0.0084142135624));
#4151=CARTESIAN_POINT('',(-0.0197071067811866,8.54162014999986E-5,0.00770710678121345));
#4152=CARTESIAN_POINT('',(-0.0197070070594648,-0.00322733514804066,0.007707240596393));
#4153=CARTESIAN_POINT('',(-0.0197071103683074,-0.00322724742795,0.00770711036835249));
#4154=CARTESIAN_POINT('',(-0.0198975709116567,-0.00315735910635004,0.00789757284411198));
#4155=CARTESIAN_POINT('',(-0.02,-0.00302331146609641,0.00814768252500002));
#4156=CARTESIAN_POINT('',(-0.02,-0.00292733312520052,0.0084142135624));
#4157=CARTESIAN_POINT('',(-0.012,8.54162014999986E-5,0.));
#4158=CARTESIAN_POINT('',(-0.0120525042737323,-0.00641720360506932,5.25042737323182E-5));
#4159=CARTESIAN_POINT('',(-0.014410491561402,-0.00517284733883375,0.00241049156140198));
#4160=CARTESIAN_POINT('',(-0.0168092543600192,-0.00415832431160501,0.00480925436001919));
#4161=CARTESIAN_POINT('',(-0.019248792669584,-0.00337363452338309,0.00724879266958396));
#4162=CARTESIAN_POINT('',(-0.0192487896560595,-0.00337362389815172,0.00724879226544865));
#4163=CARTESIAN_POINT('',(-0.0192487888875,-0.0033736109271,0.00724878888750001));
#4164=CARTESIAN_POINT('',(-0.0194014233108771,-0.00332397319122083,0.00740142331087708));
#4165=CARTESIAN_POINT('',(-0.0195555724068862,-0.0032826956289035,0.00755557240688624));
#4166=CARTESIAN_POINT('',(-0.019707107941826,-0.00322724831573232,0.00770710794182604));
#4167=CARTESIAN_POINT('',(-0.0194044020108679,-0.00354369676820128,0.00810036814344845));
#4168=CARTESIAN_POINT('',(-0.0194545555723178,-0.00349084675133412,0.00803381104250894));
#4169=CARTESIAN_POINT('',(-0.0195046631637533,-0.00343804448280753,0.0079673107759178));
#4170=CARTESIAN_POINT('',(-0.0196049388298406,-0.00333237982540674,0.00783423385765391));
#4171=CARTESIAN_POINT('',(-0.0196550625796234,-0.00327956198918912,0.00776771361526732));
#4172=CARTESIAN_POINT('',(-0.019705208717269,-0.0032267218129983,0.00770116313164701));
#4173=CARTESIAN_POINT('',(-0.0194171402236191,-0.00353954347966528,0.00811632843904253));
#4174=CARTESIAN_POINT('',(-0.0194689777065086,-0.00348607285070589,0.00805122032005018));
#4175=CARTESIAN_POINT('',(-0.0195211127714504,-0.00343229954109931,0.00798574690189815));
#4176=CARTESIAN_POINT('',(-0.0196251637764457,-0.00332496510926851,0.00785507399262786));
#4177=CARTESIAN_POINT('',(-0.019677241165082,-0.0032712450490811,0.00778967810903134));
#4178=CARTESIAN_POINT('',(-0.0197291529143573,-0.00321767572621805,0.00772447627722893));
#4179=CARTESIAN_POINT('',(-0.0194298000163814,-0.00353439092776638,0.0081319897840651));
#4180=CARTESIAN_POINT('',(-0.0194824126951348,-0.00348112114163206,0.00806940662836981));
#4181=CARTESIAN_POINT('',(-0.0195366807240918,-0.00342616870176786,0.00800477505623114));
#4182=CARTESIAN_POINT('',(-0.0196443912994293,-0.00331709542736375,0.00787662317782679));
#4183=CARTESIAN_POINT('',(-0.0196986250699396,-0.00326217924526718,0.00781212826134521));
#4184=CARTESIAN_POINT('',(-0.0197515276402713,-0.00320848727436412,0.00774918158119289));
#4185=CARTESIAN_POINT('',(-0.0194521465218335,-0.00352394517202654,0.00816632050895898));
#4186=CARTESIAN_POINT('',(-0.0195079997512298,-0.00346904864769633,0.00810656255509472));
#4187=CARTESIAN_POINT('',(-0.0195654259106785,-0.00341263064158743,0.00804504625461393));
#4188=CARTESIAN_POINT('',(-0.0196801993562062,-0.00329981045004598,0.00792238411913052));
#4189=CARTESIAN_POINT('',(-0.0197377133975072,-0.0032432048508425,0.00786098871740661));
#4190=CARTESIAN_POINT('',(-0.0197941685617517,-0.00318742805194544,0.00780084918201998));
#4191=CARTESIAN_POINT('',(-0.0194620048282542,-0.00351858230109359,0.00818477618658662));
#4192=CARTESIAN_POINT('',(-0.0195196968909211,-0.00346253961479844,0.00812616070637929));
#4193=CARTESIAN_POINT('',(-0.0195786916160307,-0.00340528156519256,0.00806622563075164));
#4194=CARTESIAN_POINT('',(-0.0196968962277509,-0.00329044829661173,0.0079465031265549));
#4195=CARTESIAN_POINT('',(-0.0197560885315762,-0.00323282019761952,0.00788666221059993));
#4196=CARTESIAN_POINT('',(-0.0198144239105441,-0.00317577170831229,0.00782785223836388));
#4197=CARTESIAN_POINT('',(-0.0194877663548274,-0.00350182004688025,0.00824147216140745));
#4198=CARTESIAN_POINT('',(-0.0195506483673205,-0.00344244297226701,0.00818687016487108));
#4199=CARTESIAN_POINT('',(-0.0196144523795067,-0.00338226121758565,0.00813160012459419));
#4200=CARTESIAN_POINT('',(-0.0197427011326326,-0.00326095588449039,0.00802099046073048));
#4201=CARTESIAN_POINT('',(-0.0198068748817249,-0.00319995577027543,0.00796583073030037));
#4202=CARTESIAN_POINT('',(-0.0198704701089835,-0.00313909546574448,0.00791133675446125));
#4203=CARTESIAN_POINT('',(-0.0194995921084488,-0.00349000212550827,0.00828125955673261));
#4204=CARTESIAN_POINT('',(-0.0195658473187841,-0.00342819156460275,0.00822971984685764));
#4205=CARTESIAN_POINT('',(-0.0196329107512898,-0.00336563156415206,0.00817760757582726));
#4206=CARTESIAN_POINT('',(-0.019767524154879,-0.00323944709486762,0.00807348293777187));
#4207=CARTESIAN_POINT('',(-0.0198348838021902,-0.00317584030524638,0.00802152038891279));
#4208=CARTESIAN_POINT('',(-0.0199017258502741,-0.00311219261978088,0.00797006110028832));
#4209=CARTESIAN_POINT('',(-0.0195133699175175,-0.00346642419611448,0.00836164983527145));
#4210=CARTESIAN_POINT('',(-0.0195861471370263,-0.00339926690537905,0.00831690216051058));
#4211=CARTESIAN_POINT('',(-0.0196593636895976,-0.0033316337738472,0.0082719052576993));
#4212=CARTESIAN_POINT('',(-0.0198059778036727,-0.00319507571016794,0.00818191403522816));
#4213=CARTESIAN_POINT('',(-0.019879259629298,-0.00312608221583514,0.0081368798659477));
#4214=CARTESIAN_POINT('',(-0.0199521857412302,-0.00305673997318068,0.0080920144691322));
#4215=CARTESIAN_POINT('',(-0.0195154497317561,-0.00345457536385273,0.00840217218659484));
#4216=CARTESIAN_POINT('',(-0.0195912699354368,-0.00338459636854138,0.00836126545109988));
#4217=CARTESIAN_POINT('',(-0.0196673841973624,-0.00331424123468276,0.00832017551974635));
#4218=CARTESIAN_POINT('',(-0.0198195998507623,-0.00317220636797092,0.00823787613387722));
#4219=CARTESIAN_POINT('',(-0.0198956219643558,-0.00310043507443529,0.00819660001958197));
#4220=CARTESIAN_POINT('',(-0.019971356062993,-0.00302822139650138,0.00815534537197363));
#4221=CARTESIAN_POINT('',(-0.0195124340956861,-0.00343723433688745,0.0084618550643506));
#4222=CARTESIAN_POINT('',(-0.0195921426465919,-0.00336295684969483,0.00842731690691032));
#4223=CARTESIAN_POINT('',(-0.0196719721669348,-0.00328846806104087,0.00839266681788428));
#4224=CARTESIAN_POINT('',(-0.0198314858572164,-0.0031384246535686,0.00832314984513977));
#4225=CARTESIAN_POINT('',(-0.0199111422812301,-0.00306276190970359,0.00828821791853296));
#4226=CARTESIAN_POINT('',(-0.019990626473333,-0.00298661974185605,0.00825319165788605));
#4227=CARTESIAN_POINT('',(-0.0195104131327924,-0.00343151766716837,0.00848157582677531));
#4228=CARTESIAN_POINT('',(-0.0195912927661299,-0.00335580582840342,0.00844925848994818));
#4229=CARTESIAN_POINT('',(-0.0196722607921452,-0.00327992691289118,0.00841684946091441));
#4230=CARTESIAN_POINT('',(-0.0198340202597816,-0.00312725152620388,0.00835179854420726));
#4231=CARTESIAN_POINT('',(-0.0199148061756169,-0.00305033437681225,0.00831909605998388));
#4232=CARTESIAN_POINT('',(-0.019995457278705,-0.0029729710964031,0.00828628867019017));
#4233=CARTESIAN_POINT('',(-0.0195045923642953,-0.00342044160642467,0.00851985956930679));
#4234=CARTESIAN_POINT('',(-0.0195874752552646,-0.00334193314134047,0.00849208213753148));
#4235=CARTESIAN_POINT('',(-0.0196704218948002,-0.00326333094567091,0.00846425470531139));
#4236=CARTESIAN_POINT('',(-0.0198361526898696,-0.00310564071144244,0.00840842346842797));
#4237=CARTESIAN_POINT('',(-0.0199189572271716,-0.0030264456916394,0.00838037741238784));
#4238=CARTESIAN_POINT('',(-0.0200016915364314,-0.00294693956054155,0.00835224568831514));
#4239=CARTESIAN_POINT('',(-0.0195007336674656,-0.00341509309260108,0.00853839208790378));
#4240=CARTESIAN_POINT('',(-0.0195844409903124,-0.00333522081341314,0.00851293805301303));
#4241=CARTESIAN_POINT('',(-0.0196682112808902,-0.0032552902087404,0.0084874548930497));
#4242=CARTESIAN_POINT('',(-0.0198356483359036,-0.00309522618599773,0.00843639229936225));
#4243=CARTESIAN_POINT('',(-0.0199193317109794,-0.00301502623359189,0.00841078643975213));
#4244=CARTESIAN_POINT('',(-0.0200029719796159,-0.00293460214621617,0.00838511764636421));
#4245=CARTESIAN_POINT('',(-0.0194962615199776,-0.003409836855588,0.00855667292897931));
#4246=CARTESIAN_POINT('',(-0.0195807167664834,-0.00332858750507312,0.00853359350362029));
#4247=CARTESIAN_POINT('',(-0.0196651764986961,-0.00324735935018369,0.00851050217918995));
#4248=CARTESIAN_POINT('',(-0.0198341491646495,-0.0030849921834801,0.00846435617972173));
#4249=CARTESIAN_POINT('',(-0.0199186258660012,-0.00300392073490039,0.0084413056039764));
#4250=CARTESIAN_POINT('',(-0.0200030877403709,-0.00292261655316295,0.00841817219617455));
#4251=CARTESIAN_POINT('',(-0.0194096624931494,-0.00354354128773052,0.00809965870244104));
#4252=CARTESIAN_POINT('',(-0.0195092600816544,-0.00343891456902221,0.00796861153809865));
#4253=CARTESIAN_POINT('',(-0.0196091372793835,-0.00333473764966975,0.00783741776528205));
#4254=CARTESIAN_POINT('',(-0.0197092948505595,-0.00323101147630011,0.00770608181787968));
#4255=CARTESIAN_POINT('',(-0.020000022225807,-0.00292794586840697,0.00841243646871712));
#4256=CARTESIAN_POINT('',(-0.0199884136047551,-0.00293896054534084,0.00841613046578213));
#4257=CARTESIAN_POINT('',(-0.0199523164669265,-0.00297348052184044,0.00842668471150758));
#4258=CARTESIAN_POINT('',(-0.0198605736243361,-0.00306150368933799,0.00845251066291471));
#4259=CARTESIAN_POINT('',(-0.0197954703201431,-0.00312401518491094,0.00847067232077696));
#4260=CARTESIAN_POINT('',(-0.0197137496061515,-0.00320252538868659,0.00849332156746486));
#4261=CARTESIAN_POINT('',(-0.0196976173351729,-0.00321802579574342,0.00849778607917523));
#4262=CARTESIAN_POINT('',(-0.0196394203447269,-0.0032739170817946,0.00851398253734562));
#4263=CARTESIAN_POINT('',(-0.0195642641609519,-0.00334607635364053,0.00853496553267245));
#4264=CARTESIAN_POINT('',(-0.0195000279719129,-0.00340774574764726,0.00855291816737342));
#4265=CARTESIAN_POINT('',(-0.0192113863326532,-0.0463404749371531,0.0210494406860242));
#4266=CARTESIAN_POINT('',(-0.0195000013475583,-0.00241105916732582,0.0293771880770434));
#4267=CARTESIAN_POINT('',(-0.0196667208553352,-0.0022472501006249,0.0294080028547168));
#4268=CARTESIAN_POINT('',(-0.0198334403702819,-0.00208344006933471,0.0294388125051591));
#4269=CARTESIAN_POINT('',(-0.0200001598923968,-0.00191962907369445,0.029469617028325));
#4270=CARTESIAN_POINT('',(-0.0189879110848133,-0.0024797629371045,0.0294899121491465));
#4271=CARTESIAN_POINT('',(-0.019963067362482,-0.00202102220935717,0.0297679203206954));
#4272=CARTESIAN_POINT('',(-0.019813195691539,-0.00216227793069321,0.0296968839129355));
#4273=CARTESIAN_POINT('',(-0.0196633481466701,-0.00230356024610333,0.0296258494865553));
#4274=CARTESIAN_POINT('',(-0.0195135247169055,-0.00244486916031039,0.0295548171105001));
#4275=CARTESIAN_POINT('',(-0.0162301766686526,-0.00649678540024936,0.0420440062245207));
#4276=CARTESIAN_POINT('',(-0.0162666058876037,-0.0064897515828125,0.0421028553044602));
#4277=CARTESIAN_POINT('',(-0.0163004262175163,-0.00648009035028096,0.0421615846913275));
#4278=CARTESIAN_POINT('',(-0.0163626266162895,-0.00645528899216642,0.0422787938716007));
#4279=CARTESIAN_POINT('',(-0.0163910167020184,-0.00644015895458244,0.0423372741245701));
#4280=CARTESIAN_POINT('',(-0.01644299860965,-0.0064050665424811,0.0424540144911905));
#4281=CARTESIAN_POINT('',(-0.0164666004484209,-0.00638511425596278,0.042512275064405));
#4282=CARTESIAN_POINT('',(-0.01651019179978,-0.0063415717051224,0.0426286304810906));
#4283=CARTESIAN_POINT('',(-0.0165301091772755,-0.00631790879346618,0.0426867220150795));
#4284=CARTESIAN_POINT('',(-0.0165491045937124,-0.00629331737377544,0.042744771250466));
#4285=CARTESIAN_POINT('',(-0.0161792272710547,-0.0065638382912668,0.0420885895481489));
#4286=CARTESIAN_POINT('',(-0.0162149587269655,-0.00655610175588866,0.0421474066154507));
#4287=CARTESIAN_POINT('',(-0.0162480211714477,-0.00654567725608362,0.0422061012313262));
#4288=CARTESIAN_POINT('',(-0.0163083882178978,-0.00651902952676758,0.0423232262993144));
#4289=CARTESIAN_POINT('',(-0.0163357211277472,-0.00650283480615552,0.0423816580501619));
#4290=CARTESIAN_POINT('',(-0.0163856112028009,-0.00646563570709478,0.0424983024457017));
#4291=CARTESIAN_POINT('',(-0.0164081966758866,-0.00644465983754524,0.04255651638913));
#4292=CARTESIAN_POINT('',(-0.016450070040616,-0.00639938710043432,0.042672792986402));
#4293=CARTESIAN_POINT('',(-0.0164693021897778,-0.00637503409455386,0.0427308530828421));
#4294=CARTESIAN_POINT('',(-0.0164876214636505,-0.00634976173093038,0.0427888712975123));
#4295=CARTESIAN_POINT('',(-0.0161273863727795,-0.0066299933509468,0.0421331319706577));
#4296=CARTESIAN_POINT('',(-0.0161625423670806,-0.00662167726752702,0.0421919226363885));
#4297=CARTESIAN_POINT('',(-0.0161948995712245,-0.00661054251937826,0.0422505848965781));
#4298=CARTESIAN_POINT('',(-0.0162534974574363,-0.00658211306678136,0.0423676287973492));
#4299=CARTESIAN_POINT('',(-0.0162797865343457,-0.00656486710083294,0.0424260126582356));
#4300=CARTESIAN_POINT('',(-0.0163276459574211,-0.00652562292986444,0.0425425638895925));
#4301=CARTESIAN_POINT('',(-0.0163492646984283,-0.00650367346334408,0.042600733480368));
#4302=CARTESIAN_POINT('',(-0.0163895493392,-0.00645680072053758,0.0427169371886565));
#4303=CARTESIAN_POINT('',(-0.0164081732908073,-0.00643183519821444,0.0427749693816323));
#4304=CARTESIAN_POINT('',(-0.0164258482780282,-0.006405913972773,0.0428329580371099));
#4305=CARTESIAN_POINT('',(-0.0160233499783973,-0.0067619463544111,0.0422222005470946));
#4306=CARTESIAN_POINT('',(-0.0160572720194913,-0.00675238755532056,0.0422809346003548));
#4307=CARTESIAN_POINT('',(-0.0160877848698525,-0.00673939535639074,0.0423395122435308));
#4308=CARTESIAN_POINT('',(-0.0161422542064398,-0.0067068080367932,0.042456366730778));
#4309=CARTESIAN_POINT('',(-0.0161662699608286,-0.0066872726051596,0.0425146462940106));
#4310=CARTESIAN_POINT('',(-0.0162098192058623,-0.00664368764900372,0.0426309997789196));
#4311=CARTESIAN_POINT('',(-0.0162294119646699,-0.00661969781351556,0.0426890764197576));
#4312=CARTESIAN_POINT('',(-0.0162661048207864,-0.00656920778031696,0.0428051153407399));
#4313=CARTESIAN_POINT('',(-0.0162831680526118,-0.00654267045533556,0.0428630759295348));
#4314=CARTESIAN_POINT('',(-0.0162992467978622,-0.00651514165279858,0.042920991351112));
#4315=CARTESIAN_POINT('',(-0.0159711843442806,-0.00682777437224068,0.0422667280710602));
#4316=CARTESIAN_POINT('',(-0.016004404947997,-0.00681750915477718,0.042325429943113));
#4317=CARTESIAN_POINT('',(-0.0160337827136777,-0.00680337381078262,0.0423839555097967));
#4318=CARTESIAN_POINT('',(-0.0160858998643275,-0.00676841760206624,0.0425007020812226));
#4319=CARTESIAN_POINT('',(-0.0161086911746208,-0.00674764903139762,0.0425589254682448));
#4320=CARTESIAN_POINT('',(-0.0161499647876296,-0.00670177228365228,0.0426751745495434));
#4321=CARTESIAN_POINT('',(-0.0161684990156692,-0.00667671640062878,0.0427332026260998));
#4322=CARTESIAN_POINT('',(-0.0162032083047017,-0.0066242287147738,0.0428491505431067));
#4323=CARTESIAN_POINT('',(-0.0162193400875334,-0.00659675332645658,0.0429070683980009));
#4324=CARTESIAN_POINT('',(-0.0162344949553994,-0.00656829408596018,0.0429649414330577));
#4325=CARTESIAN_POINT('',(-0.0158655436234004,-0.0069581116566552,0.0423557230426813));
#4326=CARTESIAN_POINT('',(-0.0158965802049674,-0.0069456469080249,0.0424143247140904));
#4327=CARTESIAN_POINT('',(-0.0159232802716501,-0.00692881485034296,0.0424727274307542));
#4328=CARTESIAN_POINT('',(-0.0159702053095681,-0.00688862965902008,0.0425892357934973));
#4329=CARTESIAN_POINT('',(-0.0159904667584993,-0.00686531326210834,0.0426473431131354));
#4330=CARTESIAN_POINT('',(-0.016027120673448,-0.00681478401121356,0.0427633802475359));
#4331=CARTESIAN_POINT('',(-0.0160435496171614,-0.00678760789395968,0.0428213117358572));
#4332=CARTESIAN_POINT('',(-0.0160743855261518,-0.006731219322678,0.042937081946255));
#4333=CARTESIAN_POINT('',(-0.0160887465917896,-0.00670196064307114,0.0429949185625044));
#4334=CARTESIAN_POINT('',(-0.016102263386455,-0.0066718516972029,0.0430527164444874));
#4335=CARTESIAN_POINT('',(-0.0158120084219384,-0.00702256038166108,0.042400187732338));
#4336=CARTESIAN_POINT('',(-0.0158415271210054,-0.00700856697185356,0.0424587197648879));
#4337=CARTESIAN_POINT('',(-0.0158666953026413,-0.00699019215100948,0.0425170522002717));
#4338=CARTESIAN_POINT('',(-0.0159107963176695,-0.00694716288303886,0.0426334309998075));
#4339=CARTESIAN_POINT('',(-0.0159297598527081,-0.0069225393555755,0.0426914787725191));
#4340=CARTESIAN_POINT('',(-0.0159640812047791,-0.00686966097796332,0.0428074088913847));
#4341=CARTESIAN_POINT('',(-0.0159794697234579,-0.00684143704747768,0.0428652926460984));
#4342=CARTESIAN_POINT('',(-0.0160084521639805,-0.0067831818460026,0.0429809778213093));
#4343=CARTESIAN_POINT('',(-0.0160220063152537,-0.00675311052202602,0.0430387774171749));
#4344=CARTESIAN_POINT('',(-0.0160348443261283,-0.0067223179722359,0.0430965441572705));
#4345=CARTESIAN_POINT('',(-0.0157013031237151,-0.00714779712451189,0.0424889503464693));
#4346=CARTESIAN_POINT('',(-0.0157271432852786,-0.0071300990554283,0.04254731361157));
#4347=CARTESIAN_POINT('',(-0.0157491565000365,-0.0071085468638719,0.0426055013003794));
#4348=CARTESIAN_POINT('',(-0.0157876244526206,-0.00705984453233704,0.0427216216609189));
#4349=CARTESIAN_POINT('',(-0.0158041176624814,-0.00703273313758844,0.0427795560977057));
#4350=CARTESIAN_POINT('',(-0.0158341464946035,-0.0069755317582716,0.0428952892802659));
#4351=CARTESIAN_POINT('',(-0.0158477205888994,-0.0069454805189332,0.042953089791096));
#4352=CARTESIAN_POINT('',(-0.0158737864467711,-0.00688428802376226,0.0430686411565575));
#4353=CARTESIAN_POINT('',(-0.0158862692108861,-0.0068531377045619,0.0431263915983037));
#4354=CARTESIAN_POINT('',(-0.0158983064599807,-0.00682153870667106,0.0431841216002855));
#4355=CARTESIAN_POINT('',(-0.0156440729122555,-0.00720852460077776,0.042533245512945));
#4356=CARTESIAN_POINT('',(-0.015667717121087,-0.00718861498521196,0.042591508030033));
#4357=CARTESIAN_POINT('',(-0.0156881179832845,-0.0071654389915659,0.0426496217457956));
#4358=CARTESIAN_POINT('',(-0.0157237928002188,-0.0071139236899544,0.0427656139602004));
#4359=CARTESIAN_POINT('',(-0.0157391211021683,-0.0070856391151287,0.0428234949522358));
#4360=CARTESIAN_POINT('',(-0.0157672014803765,-0.00702647544566716,0.0429391387417782));
#4361=CARTESIAN_POINT('',(-0.015780007903848,-0.00699565108417104,0.0429969040326784));
#4362=CARTESIAN_POINT('',(-0.0158050469920269,-0.00693342452807452,0.0431124082910242));
#4363=CARTESIAN_POINT('',(-0.015817297637184,-0.00690204044160438,0.0431701480833937));
#4364=CARTESIAN_POINT('',(-0.0158292483203145,-0.0068703542630251,0.0432278741138165));
#4365=CARTESIAN_POINT('',(-0.0155841689350652,-0.00726655932453182,0.0425774180098419));
#4366=CARTESIAN_POINT('',(-0.0156063050563813,-0.00724513091232818,0.0426356113374571));
#4367=CARTESIAN_POINT('',(-0.0156251834891749,-0.00722042167830511,0.0426936552057567));
#4368=CARTESIAN_POINT('',(-0.0156582768831522,-0.00716630662271093,0.0428095289871864));
#4369=CARTESIAN_POINT('',(-0.0156725421540383,-0.00713695146809819,0.0428673612084729));
#4370=CARTESIAN_POINT('',(-0.0156990310445366,-0.00707618500956568,0.0429829319822301));
#4371=CARTESIAN_POINT('',(-0.0157113049738512,-0.00704482437260426,0.0430406728428572));
#4372=CARTESIAN_POINT('',(-0.0157355930059721,-0.00698184142709766,0.0431561426435379));
#4373=CARTESIAN_POINT('',(-0.015747618172863,-0.00695023026120224,0.0432138720911998));
#4374=CARTESIAN_POINT('',(-0.0157593106275799,-0.00691828402047264,0.0432715862743712));
#4375=CARTESIAN_POINT('',(-0.016134505652137,-0.00664881693049422,0.0430233518442865));
#4376=CARTESIAN_POINT('',(-0.0159805692120085,-0.00681096739354014,0.0429721509839717));
#4377=CARTESIAN_POINT('',(-0.0158266327718801,-0.00697311785658606,0.0429209501236569));
#4378=CARTESIAN_POINT('',(-0.0156726963317517,-0.00713526831963199,0.0428697492633422));
#4379=CARTESIAN_POINT('',(-0.015815404881966,-0.00701374263247281,0.0423960448576548));
#4380=CARTESIAN_POINT('',(-0.0159932570428946,-0.00682937373928466,0.0423566588487359));
#4381=CARTESIAN_POINT('',(-0.016171229460562,-0.00664512751673109,0.0423172416427434));
#4382=CARTESIAN_POINT('',(-0.0163493221386454,-0.00646100414376457,0.0422777939664937));
#4383=CARTESIAN_POINT('',(-0.0149521283918401,-0.00723830312245498,0.0447393571593654));
#4384=CARTESIAN_POINT('',(-0.0149705960175608,-0.00720278427176507,0.0447593573133835));
#4385=CARTESIAN_POINT('',(-0.0149882864444513,-0.0071666342790999,0.0447789026531149));
#4386=CARTESIAN_POINT('',(-0.0150212978090405,-0.00709241009614806,0.044816606715092));
#4387=CARTESIAN_POINT('',(-0.0150367291038106,-0.00705442552382698,0.0448348300179396));
#4388=CARTESIAN_POINT('',(-0.0150659832311818,-0.00697715019087354,0.0448703353567319));
#4389=CARTESIAN_POINT('',(-0.015079853961174,-0.00693789832642146,0.0448876454220921));
#4390=CARTESIAN_POINT('',(-0.0151076837865258,-0.0068594663566349,0.0449223172639629));
#4391=CARTESIAN_POINT('',(-0.015121614043042,-0.00682026283205632,0.0449396621640664));
#4392=CARTESIAN_POINT('',(-0.0151636236610244,-0.00670282997919082,0.0449918249337867));
#4393=CARTESIAN_POINT('',(-0.0151919416633353,-0.00662479444463864,0.0450267824552707));
#4394=CARTESIAN_POINT('',(-0.0152491308274742,-0.00646917258126174,0.0450970212053474));
#4395=CARTESIAN_POINT('',(-0.0152779613712354,-0.0063915532676385,0.0451322786643829));
#4396=CARTESIAN_POINT('',(-0.0153068475280845,-0.00631397911589294,0.0451675686680492));
#4397=CARTESIAN_POINT('',(-0.01498529499608,-0.00723042138452507,0.0446947566530244));
#4398=CARTESIAN_POINT('',(-0.0150042873036331,-0.00719532861365505,0.0447150638491627));
#4399=CARTESIAN_POINT('',(-0.0150224978671266,-0.00715960100975311,0.0447349135711659));
#4400=CARTESIAN_POINT('',(-0.0150565457295731,-0.00708621853846004,0.0447732241883556));
#4401=CARTESIAN_POINT('',(-0.0150725102558252,-0.0070486669888904,0.0447917595365494));
#4402=CARTESIAN_POINT('',(-0.0151027599048745,-0.00697220009196676,0.0448278474514316));
#4403=CARTESIAN_POINT('',(-0.0151170487913257,-0.0069332878009826,0.0448454022206167));
#4404=CARTESIAN_POINT('',(-0.015145337683665,-0.00685522862699386,0.0448803427070137));
#4405=CARTESIAN_POINT('',(-0.0151593484588519,-0.00681609048943788,0.0448977347263785));
#4406=CARTESIAN_POINT('',(-0.0152015400506055,-0.0066988054125082,0.044950003986558));
#4407=CARTESIAN_POINT('',(-0.0152298281970083,-0.00662074563277938,0.0449849440364534));
#4408=CARTESIAN_POINT('',(-0.0152868839399935,-0.0064650154217163,0.0450551047088989));
#4409=CARTESIAN_POINT('',(-0.015315621397079,-0.00638732051493574,0.0450903076939164));
#4410=CARTESIAN_POINT('',(-0.0153444471516164,-0.00630969731211198,0.0451255623503479));
#4411=CARTESIAN_POINT('',(-0.0150178732512426,-0.0072220618643458,0.0446498118466989));
#4412=CARTESIAN_POINT('',(-0.0150374597015064,-0.0071874515805806,0.0446704667332384));
#4413=CARTESIAN_POINT('',(-0.0150562315186568,-0.00715217975547821,0.044690644899077));
#4414=CARTESIAN_POINT('',(-0.0150913016084723,-0.00707962740716944,0.0447295537204345));
#4415=CARTESIAN_POINT('',(-0.0151077446112582,-0.00704246441535144,0.044748369071556));
#4416=CARTESIAN_POINT('',(-0.0151388876609538,-0.00696672302475094,0.0447849798016298));
#4417=CARTESIAN_POINT('',(-0.0151535785976389,-0.0069281372278087,0.0448027698493252));
#4418=CARTESIAN_POINT('',(-0.0151824102975605,-0.00685051885306922,0.0448380279849754));
#4419=CARTESIAN_POINT('',(-0.0151965755940212,-0.0068115061980314,0.0448555104296897));
#4420=CARTESIAN_POINT('',(-0.01523909963283,-0.00669449109229414,0.0449079742368144));
#4421=CARTESIAN_POINT('',(-0.0152674302581807,-0.0066164658085558,0.0449429391452455));
#4422=CARTESIAN_POINT('',(-0.0153244755760102,-0.0064607271315048,0.0450130937169226));
#4423=CARTESIAN_POINT('',(-0.0153531582492709,-0.00638298773627098,0.0450482646426265));
#4424=CARTESIAN_POINT('',(-0.0153819281326518,-0.00630531916199868,0.0450834866034408));
#4425=CARTESIAN_POINT('',(-0.0150806983865636,-0.00720344957788185,0.0445585579208943));
#4426=CARTESIAN_POINT('',(-0.0151015999894752,-0.00716990729374297,0.0445799824305266));
#4427=CARTESIAN_POINT('',(-0.0151216088876101,-0.0071356400683922,0.0446008845321781));
#4428=CARTESIAN_POINT('',(-0.0151588784227227,-0.00706487382966232,0.0446410804618462));
#4429=CARTESIAN_POINT('',(-0.0151763102860555,-0.00702851386454486,0.0446604744909787));
#4430=CARTESIAN_POINT('',(-0.0152092590576324,-0.00695423885148504,0.0446981419237009));
#4431=CARTESIAN_POINT('',(-0.0152247720202415,-0.0069163205993999,0.0447164130183332));
#4432=CARTESIAN_POINT('',(-0.0152548651372368,-0.00683972658709462,0.0447524093312022));
#4433=CARTESIAN_POINT('',(-0.0152694698802603,-0.00680107079463604,0.0447701489386283));
#4434=CARTESIAN_POINT('',(-0.0153129661599579,-0.00668484521922974,0.0448231816979901));
#4435=CARTESIAN_POINT('',(-0.0153415472415012,-0.00660702332413384,0.0448582931725723));
#4436=CARTESIAN_POINT('',(-0.0153989172666273,-0.00645154833302598,0.044928637761915));
#4437=CARTESIAN_POINT('',(-0.0154276485390154,-0.00637384840381944,0.0449638371276788));
#4438=CARTESIAN_POINT('',(-0.0154564162121027,-0.00629617803462174,0.0449990577950414));
#4439=CARTESIAN_POINT('',(-0.015111066078011,-0.00719329491915222,0.0445123194997926));
#4440=CARTESIAN_POINT('',(-0.01513267479447,-0.00716032686265549,0.0445341578099943));
#4441=CARTESIAN_POINT('',(-0.0151533508950001,-0.00712660145418478,0.0445554503563403));
#4442=CARTESIAN_POINT('',(-0.0151917986914801,-0.0070567920493984,0.0445963358007692));
#4443=CARTESIAN_POINT('',(-0.0152097505577694,-0.00702085436451128,0.0446160341339598));
#4444=CARTESIAN_POINT('',(-0.0152436303041302,-0.00694733537070742,0.0446542463701364));
#4445=CARTESIAN_POINT('',(-0.0152595664392433,-0.00690976076548328,0.0446727651039604));
#4446=CARTESIAN_POINT('',(-0.0152903624331286,-0.00683373754034626,0.0447091727381266));
#4447=CARTESIAN_POINT('',(-0.0153052380132277,-0.00679530168729516,0.044727070838538));
#4448=CARTESIAN_POINT('',(-0.0153493450875373,-0.0066795721215495,0.0447804610329415));
#4449=CARTESIAN_POINT('',(-0.0153781199876768,-0.0066019076212524,0.0448156859295413));
#4450=CARTESIAN_POINT('',(-0.0154358005996489,-0.00644668484925744,0.0448862122733081));
#4451=CARTESIAN_POINT('',(-0.0154646272721224,-0.00636906239186256,0.0449214674668981));
#4452=CARTESIAN_POINT('',(-0.015493447095567,-0.006291434372547,0.0449567186524829));
#4453=CARTESIAN_POINT('',(-0.0151991746912824,-0.00716039922272828,0.0443718518874922));
#4454=CARTESIAN_POINT('',(-0.0152228985010009,-0.0071291487758299,0.0443949279434559));
#4455=CARTESIAN_POINT('',(-0.0152456225024335,-0.00709708641186648,0.0444174189148189));
#4456=CARTESIAN_POINT('',(-0.0152878339679192,-0.00703033338010662,0.0444605068462419));
#4457=CARTESIAN_POINT('',(-0.015307512347813,-0.0069957977498694,0.0444812155296441));
#4458=CARTESIAN_POINT('',(-0.0153444733187545,-0.00692478093459064,0.0445212308885497));
#4459=CARTESIAN_POINT('',(-0.0153617833066981,-0.00688832199781714,0.0445405535966388));
#4460=CARTESIAN_POINT('',(-0.0153948677200839,-0.00681415713579304,0.044578300406541));
#4461=CARTESIAN_POINT('',(-0.0154106419266463,-0.00677645103280016,0.044596724380268));
#4462=CARTESIAN_POINT('',(-0.0154568402444231,-0.00666241970888674,0.0446513383636223));
#4463=CARTESIAN_POINT('',(-0.0154863472470915,-0.00658534972910222,0.0446869916842657));
#4464=CARTESIAN_POINT('',(-0.0155453136438072,-0.0064311711078581,0.0447582704651337));
#4465=CARTESIAN_POINT('',(-0.0155746254614311,-0.00635394262362642,0.0447938095641146));
#4466=CARTESIAN_POINT('',(-0.0156037991927038,-0.00627660200321004,0.0448292678554194));
#4467=CARTESIAN_POINT('',(-0.015253864327765,-0.007135180319357,0.0442758370939171));
#4468=CARTESIAN_POINT('',(-0.015278975246445,-0.00710505630584808,0.0442997248815792));
#4469=CARTESIAN_POINT('',(-0.015303120437946,-0.00707414805160728,0.044323047528796));
#4470=CARTESIAN_POINT('',(-0.0153481632997836,-0.0070096943196651,0.0443677923842595));
#4471=CARTESIAN_POINT('',(-0.0153692367006477,-0.00697629154794354,0.0443893174294511));
#4472=CARTESIAN_POINT('',(-0.0154086802850552,-0.00690729079540982,0.0444307856057811));
#4473=CARTESIAN_POINT('',(-0.0154270611136631,-0.00687170145916038,0.0444507349663845));
#4474=CARTESIAN_POINT('',(-0.015461912410878,-0.00679897143534178,0.044489515751021));
#4475=CARTESIAN_POINT('',(-0.0154783913419617,-0.00676183761992406,0.0445083521272715));
#4476=CARTESIAN_POINT('',(-0.0155263104943656,-0.00664920373891466,0.0445639731375176));
#4477=CARTESIAN_POINT('',(-0.0155564966887556,-0.0065726853122222,0.044600023918974));
#4478=CARTESIAN_POINT('',(-0.0156167839602334,-0.00641957933738032,0.0446720756715109));
#4479=CARTESIAN_POINT('',(-0.015646687396013,-0.0063428312901368,0.0447079609835403));
#4480=CARTESIAN_POINT('',(-0.0156763695245844,-0.00626590352531224,0.0447437167873));
#4481=CARTESIAN_POINT('',(-0.0153593000734334,-0.00708154008156048,0.0440814997672522));
#4482=CARTESIAN_POINT('',(-0.0153864835526964,-0.00705309913802488,0.0441066004106946));
#4483=CARTESIAN_POINT('',(-0.0154128850018543,-0.0070240231291423,0.0441312434126351));
#4484=CARTESIAN_POINT('',(-0.0154629195179034,-0.0069636229835615,0.0441789093681014));
#4485=CARTESIAN_POINT('',(-0.0154866913595633,-0.00693241154207752,0.0442020135321797));
#4486=CARTESIAN_POINT('',(-0.0155313587660177,-0.0068676529130739,0.0442465386723874));
#4487=CARTESIAN_POINT('',(-0.0155522097582832,-0.0068340695294166,0.0442679335648203));
#4488=CARTESIAN_POINT('',(-0.0155912180526377,-0.00676471528968768,0.0443091470108113));
#4489=CARTESIAN_POINT('',(-0.0156094111735669,-0.00672897352112424,0.0443289865254454));
#4490=CARTESIAN_POINT('',(-0.0156615887853909,-0.0066197978189542,0.0443870995724536));
#4491=CARTESIAN_POINT('',(-0.0156935187538864,-0.00654469546369856,0.0444241708049124));
#4492=CARTESIAN_POINT('',(-0.0157569680381137,-0.00639415727324644,0.0444980729571516));
#4493=CARTESIAN_POINT('',(-0.0157882532557399,-0.0063185313333873,0.0445347668834816));
#4494=CARTESIAN_POINT('',(-0.0158192202326914,-0.00624264695892788,0.044571274576368));
#4495=CARTESIAN_POINT('',(-0.0154102480599438,-0.0070532826862109,0.0439832953721248));
#4496=CARTESIAN_POINT('',(-0.0154380991343532,-0.00702538387850206,0.0440087866900978));
#4497=CARTESIAN_POINT('',(-0.0154653054753783,-0.00699696150037256,0.0440339007121711));
#4498=CARTESIAN_POINT('',(-0.0155174143910758,-0.00693824591822158,0.0440827805996501));
#4499=CARTESIAN_POINT('',(-0.0155424372719995,-0.0069080504116334,0.0441066168678899));
#4500=CARTESIAN_POINT('',(-0.0155897838041166,-0.00684546742756934,0.0441527098238273));
#4501=CARTESIAN_POINT('',(-0.0156120377245985,-0.00681302332368308,0.0441749257053399));
#4502=CARTESIAN_POINT('',(-0.0156534730473284,-0.00674564000755586,0.0442175594405282));
#4503=CARTESIAN_POINT('',(-0.0156726985152944,-0.00671073657988678,0.0442380030813276));
#4504=CARTESIAN_POINT('',(-0.0157274467667175,-0.00660364842407748,0.0442976204583647));
#4505=CARTESIAN_POINT('',(-0.0157604475800946,-0.00652941567276954,0.0443353183458063));
#4506=CARTESIAN_POINT('',(-0.0158257257711243,-0.00638036268769264,0.0444102907684287));
#4507=CARTESIAN_POINT('',(-0.0158577822897308,-0.00630536310033636,0.0444474360576125));
#4508=CARTESIAN_POINT('',(-0.0158895002871834,-0.00623008860917008,0.0444843832452782));
#4509=CARTESIAN_POINT('',(-0.0155121554598415,-0.00699677717496654,0.0437868932688319));
#4510=CARTESIAN_POINT('',(-0.0155406308288181,-0.00696938533985716,0.0438127499219764));
#4511=CARTESIAN_POINT('',(-0.0155686502892144,-0.00694162327381408,0.043838339778892));
#4512=CARTESIAN_POINT('',(-0.015623232420036,-0.00688491612227784,0.0438886669839244));
#4513=CARTESIAN_POINT('',(-0.0156499057802315,-0.00685606092493268,0.0439134691073389));
#4514=CARTESIAN_POINT('',(-0.0157014816255073,-0.00679691245082778,0.0439620370437474));
#4515=CARTESIAN_POINT('',(-0.0157263460366816,-0.00676658825528916,0.0439857805760135));
#4516=CARTESIAN_POINT('',(-0.0157729805063887,-0.0067034270247346,0.044031456835301));
#4517=CARTESIAN_POINT('',(-0.0157947338157829,-0.00667057638820202,0.0440533797607855));
#4518=CARTESIAN_POINT('',(-0.0158558645975197,-0.0065686713113304,0.0441167321740408));
#4519=CARTESIAN_POINT('',(-0.0158916446567479,-0.00649669550983996,0.0441560564672133));
#4520=CARTESIAN_POINT('',(-0.015961083244714,-0.00635102106973066,0.0442334635407438));
#4521=CARTESIAN_POINT('',(-0.0159946380050574,-0.00627723816364178,0.044271485596165));
#4522=CARTESIAN_POINT('',(-0.0160278096810887,-0.00620314416526868,0.0443092834718802));
#4523=CARTESIAN_POINT('',(-0.0155631916124593,-0.00696859137690908,0.0436887404682188));
#4524=CARTESIAN_POINT('',(-0.0155916274996593,-0.0069411674797173,0.0437145740167502));
#4525=CARTESIAN_POINT('',(-0.0156196459643974,-0.0069134046051288,0.0437401632910139));
#4526=CARTESIAN_POINT('',(-0.0156745659403021,-0.00685697180838264,0.0437906882019077));
#4527=CARTESIAN_POINT('',(-0.0157015880994149,-0.00682839986113484,0.0438156944413331));
#4528=CARTESIAN_POINT('',(-0.0157546096782725,-0.00677042542787254,0.0438651084163869));
#4529=CARTESIAN_POINT('',(-0.0157806333095184,-0.00674104260336214,0.0438895303205088));
#4530=CARTESIAN_POINT('',(-0.0158300154660975,-0.0066801126944363,0.0439368145173281));
#4531=CARTESIAN_POINT('',(-0.0158532829328301,-0.00664849166381652,0.0439596235228314));
#4532=CARTESIAN_POINT('',(-0.0159182872839334,-0.00654973220707614,0.0440252427364221));
#4533=CARTESIAN_POINT('',(-0.015955816263366,-0.0064791766560216,0.044065590492068));
#4534=CARTESIAN_POINT('',(-0.0160276229859597,-0.00633542531349884,0.0441443833903665));
#4535=CARTESIAN_POINT('',(-0.0160619034690392,-0.0062622317470533,0.0441828301363878));
#4536=CARTESIAN_POINT('',(-0.0160957704624921,-0.0061887023970343,0.0442210349096466));
#4537=CARTESIAN_POINT('',(-0.0156131386835118,-0.00693952116536904,0.0435899503405665));
#4538=CARTESIAN_POINT('',(-0.0156417393087615,-0.00691223104744704,0.0436158802932914));
#4539=CARTESIAN_POINT('',(-0.0156699365216846,-0.00688461332939866,0.0436415741704173));
#4540=CARTESIAN_POINT('',(-0.0157253324310664,-0.00682856702526548,0.0436923775960503));
#4541=CARTESIAN_POINT('',(-0.0157526419384584,-0.00680022842572128,0.0437175519907592));
#4542=CARTESIAN_POINT('',(-0.0158065371493308,-0.00674296344521024,0.0437674772124539));
#4543=CARTESIAN_POINT('',(-0.0158331386007259,-0.00671404985269952,0.0437922372550639));
#4544=CARTESIAN_POINT('',(-0.0158846283430131,-0.00665483145669948,0.043840754804294));
#4545=CARTESIAN_POINT('',(-0.015909395793245,-0.0066244285218067,0.0438644415953414));
#4546=CARTESIAN_POINT('',(-0.0159786497031971,-0.00652912001601238,0.0439325476371107));
#4547=CARTESIAN_POINT('',(-0.0160183261240841,-0.00646030834364802,0.04397415206857));
#4548=CARTESIAN_POINT('',(-0.0160930330601509,-0.00631891218543994,0.0440546421624591));
#4549=CARTESIAN_POINT('',(-0.0161282085229669,-0.00624644540763864,0.0440936126477407));
#4550=CARTESIAN_POINT('',(-0.0161629382653488,-0.00617361667253424,0.0441323222989247));
#4551=CARTESIAN_POINT('',(-0.0152424707126829,-0.00713528354985397,0.0443105602859342));
#4552=CARTESIAN_POINT('',(-0.0154566698864637,-0.00697313072347656,0.0441599440967836));
#4553=CARTESIAN_POINT('',(-0.0156708690602445,-0.00681097789709916,0.0440093279076331));
#4554=CARTESIAN_POINT('',(-0.0158850682340253,-0.00664882507072175,0.0438587117184825));
#4555=CARTESIAN_POINT('',(-0.0150771229411195,-0.00696858130663014,0.0448633413918451));
#4556=CARTESIAN_POINT('',(-0.0152423570234999,-0.00673870727453091,0.0448627994948616));
#4557=CARTESIAN_POINT('',(-0.0154080095968197,-0.00650917308766943,0.0448625024975135));
#4558=CARTESIAN_POINT('',(-0.0155746123181106,-0.00628041048997041,0.0448627615237025));
#4559=CARTESIAN_POINT('',(-0.00842433880931495,-0.00673869902699054,0.0666561602336533));
#4560=CARTESIAN_POINT('',(-0.0084589376808658,-0.00669106689987306,0.0667029438288941));
#4561=CARTESIAN_POINT('',(-0.0084912824321113,-0.00664125683085486,0.0667494757313282));
#4562=CARTESIAN_POINT('',(-0.0085553651274686,-0.0065410503928266,0.066842471780722));
#4563=CARTESIAN_POINT('',(-0.0085870434661144,-0.0064905964327286,0.0668889292721949));
#4564=CARTESIAN_POINT('',(-0.00865053751943245,-0.00638982124590114,0.0669818595944071));
#4565=CARTESIAN_POINT('',(-0.0086822936286388,-0.00633944242808376,0.0670283257696596));
#4566=CARTESIAN_POINT('',(-0.008745437530833,-0.00623832892354198,0.0671212169943528));
#4567=CARTESIAN_POINT('',(-0.0087767657183549,-0.00618753664572964,0.0671676353883067));
#4568=CARTESIAN_POINT('',(-0.00880792604593185,-0.0061365821808267,0.067214035039208));
#4569=CARTESIAN_POINT('',(-0.0084799724455207,-0.00670463953825274,0.066579375384685));
#4570=CARTESIAN_POINT('',(-0.00851647757601775,-0.00665884924770278,0.0666263718308292));
#4571=CARTESIAN_POINT('',(-0.0085505300928988,-0.00661068923005792,0.06667309442064));
#4572=CARTESIAN_POINT('',(-0.00861675552064485,-0.00651255311037882,0.0667663297253583));
#4573=CARTESIAN_POINT('',(-0.00864891970285955,-0.00646256857468012,0.066812841465635));
#4574=CARTESIAN_POINT('',(-0.0087129003143645,-0.00636226350272656,0.0669058261164526));
#4575=CARTESIAN_POINT('',(-0.0087447080150044,-0.00631193453280724,0.0669522980523626));
#4576=CARTESIAN_POINT('',(-0.0088082930651356,-0.0062112472675412,0.0670452385352098));
#4577=CARTESIAN_POINT('',(-0.0088400616859766,-0.00616088053853004,0.067091706107516));
#4578=CARTESIAN_POINT('',(-0.00887149753622755,-0.00611019228498434,0.0671381365229792));
#4579=CARTESIAN_POINT('',(-0.00853098427512495,-0.00666611443766534,0.0665020744694192));
#4580=CARTESIAN_POINT('',(-0.00856929473957535,-0.0066220684695054,0.0665492724973558));
#4581=CARTESIAN_POINT('',(-0.00860503733934405,-0.00657554141810126,0.0665961838001198));
#4582=CARTESIAN_POINT('',(-0.00867388290909685,-0.0064799368922612,0.0666897116672548));
#4583=CARTESIAN_POINT('',(-0.00870699642073625,-0.0064308696032231,0.0667363294086961));
#4584=CARTESIAN_POINT('',(-0.0087723855650233,-0.0063319254624206,0.0668294713348544));
#4585=CARTESIAN_POINT('',(-0.00880467173932625,-0.00628205879605402,0.0668759966966417));
#4586=CARTESIAN_POINT('',(-0.008869176277977,-0.0061822599450178,0.0669690398486215));
#4587=CARTESIAN_POINT('',(-0.00890140518398015,-0.006132337945746,0.0670155588158845));
#4588=CARTESIAN_POINT('',(-0.0089333112538157,-0.00608210402062574,0.0670620417355872));
#4589=CARTESIAN_POINT('',(-0.00859998088331565,-0.00660105982869888,0.0663852832940616));
#4590=CARTESIAN_POINT('',(-0.00864164110894451,-0.0065602504159405,0.0664328553529628));
#4591=CARTESIAN_POINT('',(-0.00868034002916825,-0.00651657977561194,0.0664800967554871));
#4592=CARTESIAN_POINT('',(-0.0087538219966884,-0.00642545495964624,0.0665741423181145));
#4593=CARTESIAN_POINT('',(-0.00878863800214405,-0.00637803262834102,0.0666209501582926));
#4594=CARTESIAN_POINT('',(-0.00885658515530775,-0.00628156004804826,0.0667143777091341));
#4595=CARTESIAN_POINT('',(-0.00888974926117505,-0.00623254164339268,0.0667610010998724));
#4596=CARTESIAN_POINT('',(-0.008955793246543,-0.00613423021319726,0.0668542161449186));
#4597=CARTESIAN_POINT('',(-0.00898870608420295,-0.00608496903198938,0.0669008114793014));
#4598=CARTESIAN_POINT('',(-0.00902126756008165,-0.00603536836334496,0.066947367580977));
#4599=CARTESIAN_POINT('',(-0.00862171093225875,-0.00657814901859048,0.0663462112270713));
#4600=CARTESIAN_POINT('',(-0.008664597392896,-0.00653852440001696,0.0663939202061335));
#4601=CARTESIAN_POINT('',(-0.0087043471441905,-0.00649586907773694,0.0664412789433919));
#4602=CARTESIAN_POINT('',(-0.00877949156906785,-0.00640635053608442,0.0665355101343253));
#4603=CARTESIAN_POINT('',(-0.00881492451014155,-0.00635952429094576,0.0665823868609097));
#4604=CARTESIAN_POINT('',(-0.00888380195734625,-0.00626395056523866,0.0666759182874427));
#4605=CARTESIAN_POINT('',(-0.0089172847309681,-0.00621524005890402,0.0667225772603009));
#4606=CARTESIAN_POINT('',(-0.0089838522281252,-0.0061174344483274,0.0668158507601479));
#4607=CARTESIAN_POINT('',(-0.0090169752191513,-0.00606837631831924,0.0668624695600463));
#4608=CARTESIAN_POINT('',(-0.00904973223624205,-0.00601896458254128,0.0669090474956591));
#4609=CARTESIAN_POINT('',(-0.0086617883619575,-0.00652905904808136,0.0662676893877911));
#4610=CARTESIAN_POINT('',(-0.0087073745002738,-0.00649204287111064,0.0663156998101196));
#4611=CARTESIAN_POINT('',(-0.00874951686370475,-0.00645169930221132,0.0663633257040268));
#4612=CARTESIAN_POINT('',(-0.00882851533849705,-0.0063659045621656,0.0664579872342737));
#4613=CARTESIAN_POINT('',(-0.0088654188937861,-0.0063204992315699,0.0665050281681548));
#4614=CARTESIAN_POINT('',(-0.0089364894372282,-0.00622704448601854,0.0665988044735966));
#4615=CARTESIAN_POINT('',(-0.00897070386930895,-0.00617904091161358,0.0666455451426985));
#4616=CARTESIAN_POINT('',(-0.00903837603281555,-0.0060823026349858,0.0667389419884793));
#4617=CARTESIAN_POINT('',(-0.009071881208169,-0.0060336137733137,0.0667856034626995));
#4618=CARTESIAN_POINT('',(-0.0091050013982941,-0.0059845529370709,0.0668322219498622));
#4619=CARTESIAN_POINT('',(-0.0086799067839935,-0.0065026586666655,0.0662282140501997));
#4620=CARTESIAN_POINT('',(-0.00872706842100965,-0.00646716474412636,0.0662764003911153));
#4621=CARTESIAN_POINT('',(-0.0087706089284058,-0.00642817206866766,0.0663241824003606));
#4622=CARTESIAN_POINT('',(-0.00885186036883055,-0.0063445541548804,0.0664190954944695));
#4623=CARTESIAN_POINT('',(-0.0088896233438102,-0.00629997919973504,0.0664662323902848));
#4624=CARTESIAN_POINT('',(-0.0089619594029381,-0.00620774720154096,0.0665601500019299));
#4625=CARTESIAN_POINT('',(-0.0089965845290374,-0.00616014044167546,0.0666069365287114));
#4626=CARTESIAN_POINT('',(-0.00906484623017255,-0.00606397177914224,0.0667003992016673));
#4627=CARTESIAN_POINT('',(-0.00909853484715935,-0.00601546015965772,0.0667470811587936));
#4628=CARTESIAN_POINT('',(-0.00913183005734885,-0.00596656842864176,0.0667937191885208));
#4629=CARTESIAN_POINT('',(-0.00871277259539195,-0.0064466007958061,0.0661488869689057));
#4630=CARTESIAN_POINT('',(-0.0087628724818686,-0.00641394582403312,0.0661974013917863));
#4631=CARTESIAN_POINT('',(-0.00880949438679425,-0.00637793040972734,0.0662455274667597));
#4632=CARTESIAN_POINT('',(-0.0088958873771523,-0.00629928028628182,0.0663410146611333));
#4633=CARTESIAN_POINT('',(-0.0089357313792732,-0.00625671602959868,0.0663883839223368));
#4634=CARTESIAN_POINT('',(-0.00901114048530095,-0.0061674532241402,0.0664826446672966));
#4635=CARTESIAN_POINT('',(-0.00904677850589625,-0.00612082512782142,0.0665295442928562));
#4636=CARTESIAN_POINT('',(-0.0091164810137907,-0.00602604857973296,0.0666231678448345));
#4637=CARTESIAN_POINT('',(-0.00915061841777835,-0.00597797058041984,0.0666698999130565));
#4638=CARTESIAN_POINT('',(-0.0091842947090689,-0.00592944705180312,0.0667165804939014));
#4639=CARTESIAN_POINT('',(-0.00872764330556705,-0.00641706245952158,0.0661090489950799));
#4640=CARTESIAN_POINT('',(-0.0087789975073407,-0.0063856194132245,0.0661577034735393));
#4641=CARTESIAN_POINT('',(-0.0088272856726634,-0.0063512139477484,0.066206015601464));
#4642=CARTESIAN_POINT('',(-0.0089165574937204,-0.00627534536440568,0.0663018242431645));
#4643=CARTESIAN_POINT('',(-0.00895763280161415,-0.00623397080129864,0.0663493309907271));
#4644=CARTESIAN_POINT('',(-0.00903485833191625,-0.0061464630337367,0.066443794555788));
#4645=CARTESIAN_POINT('',(-0.0090711002064841,-0.00610041838404138,0.0664907616070731));
#4646=CARTESIAN_POINT('',(-0.00914165728592616,-0.00600646752711462,0.0665844805796456));
#4647=CARTESIAN_POINT('',(-0.00917606414295985,-0.00595864987464276,0.06663124273472));
#4648=CARTESIAN_POINT('',(-0.00920994158649565,-0.00591032070029994,0.0666779457760149));
#4649=CARTESIAN_POINT('',(-0.00875631324661075,-0.00635695051845688,0.0660292534071256));
#4650=CARTESIAN_POINT('',(-0.008809197886384,-0.00632698618874896,0.0660780787727411));
#4651=CARTESIAN_POINT('',(-0.00886031307341625,-0.00629531220527876,0.0661267065630577));
#4652=CARTESIAN_POINT('',(-0.0089551356979621,-0.00622480683502884,0.0662231350018738));
#4653=CARTESIAN_POINT('',(-0.00899894880383445,-0.0061860775455279,0.0662709474491951));
#4654=CARTESIAN_POINT('',(-0.0090804920061886,-0.00610274153352694,0.0663658931211566));
#4655=CARTESIAN_POINT('',(-0.00911832777102925,-0.0060582369083057,0.0664130381446187));
#4656=CARTESIAN_POINT('',(-0.009191053228132,-0.00596638114834816,0.066506999236052));
#4657=CARTESIAN_POINT('',(-0.00922604858875295,-0.00591913211089066,0.0665538271028451));
#4658=CARTESIAN_POINT('',(-0.00926046045445056,-0.00587131929782236,0.0666005898171854));
#4659=CARTESIAN_POINT('',(-0.00877013902167615,-0.00632640256081524,0.0659892987568977));
#4660=CARTESIAN_POINT('',(-0.00882341340744195,-0.00629681480558104,0.066038167641158));
#4661=CARTESIAN_POINT('',(-0.00887561969318145,-0.00626619504694612,0.0660869172624575));
#4662=CARTESIAN_POINT('',(-0.00897304146014005,-0.0061982009806301,0.0661836359188938));
#4663=CARTESIAN_POINT('',(-0.0090183465140898,-0.006160913218554,0.0662316149556312));
#4664=CARTESIAN_POINT('',(-0.00910241273163535,-0.00608001495599554,0.0663268423449198));
#4665=CARTESIAN_POINT('',(-0.00914126346796175,-0.00603649100111818,0.0663741006990716));
#4666=CARTESIAN_POINT('',(-0.0092153031556828,-0.00594590505712186,0.0664682085361679));
#4667=CARTESIAN_POINT('',(-0.009250581679808,-0.00589892961360788,0.066515068020713));
#4668=CARTESIAN_POINT('',(-0.00928534436884735,-0.00585145576774294,0.0665618699076379));
#4669=CARTESIAN_POINT('',(-0.00879763906178065,-0.00626516025583606,0.0659093725389997));
#4670=CARTESIAN_POINT('',(-0.0088514515013366,-0.00623609237077084,0.0659583015018055));
#4671=CARTESIAN_POINT('',(-0.00890496421072635,-0.00620673488496998,0.0660071969970515));
#4672=CARTESIAN_POINT('',(-0.009006592607475,-0.0061428052846456,0.0661043853615185));
#4673=CARTESIAN_POINT('',(-0.0090547175442535,-0.00610824210695666,0.0661526792635206));
#4674=CARTESIAN_POINT('',(-0.0091441213506773,-0.00603250104850764,0.0662485026425857));
#4675=CARTESIAN_POINT('',(-0.0091854094697421,-0.0059913321045821,0.0662960331524299));
#4676=CARTESIAN_POINT('',(-0.00926274313080675,-0.00590392881350784,0.0663905087912637));
#4677=CARTESIAN_POINT('',(-0.00929879792222615,-0.00585770340319366,0.0664374549530345));
#4678=CARTESIAN_POINT('',(-0.0093344206964395,-0.00581106057577166,0.0664843528762037));
#4679=CARTESIAN_POINT('',(-0.00881128918071375,-0.0062344425784133,0.0658693982752));
#4680=CARTESIAN_POINT('',(-0.0088652424301364,-0.0062055107445099,0.0659183429606945));
#4681=CARTESIAN_POINT('',(-0.0089189993938761,-0.00617638925844014,0.0659672657291327));
#4682=CARTESIAN_POINT('',(-0.00902225533025215,-0.00611403219475402,0.0660646358230246));
#4683=CARTESIAN_POINT('',(-0.00907170305636035,-0.006080747102496,0.0661130774263431));
#4684=CARTESIAN_POINT('',(-0.00916389783505175,-0.0060077026949092,0.0662092124425471));
#4685=CARTESIAN_POINT('',(-0.0092065936411068,-0.0059678938649387,0.0662569001332975));
#4686=CARTESIAN_POINT('',(-0.0092859045234868,-0.0058824009746263,0.0663515965466674));
#4687=CARTESIAN_POINT('',(-0.0093224683532836,-0.0058366673996427,0.0663985995471517));
#4688=CARTESIAN_POINT('',(-0.00935860180114305,-0.00579051798756018,0.0664455544916246));
#4689=CARTESIAN_POINT('',(-0.00883830612728195,-0.00617273350614896,0.0657894181155744));
#4690=CARTESIAN_POINT('',(-0.00889247693372695,-0.00614401187687706,0.0658383870932727));
#4691=CARTESIAN_POINT('',(-0.00894630291663985,-0.0061149570774653,0.0658873175683201));
#4692=CARTESIAN_POINT('',(-0.00905193696414,-0.0060548977562175,0.0659849531996898));
#4693=CARTESIAN_POINT('',(-0.0091035885887002,-0.00602374208127402,0.0660336408880769));
#4694=CARTESIAN_POINT('',(-0.00920099344901615,-0.0059557316796743,0.0661303576567218));
#4695=CARTESIAN_POINT('',(-0.00924659024474485,-0.0059187257999106,0.0661783692690443));
#4696=CARTESIAN_POINT('',(-0.0093304588585645,-0.00583763661167696,0.0662735745941005));
#4697=CARTESIAN_POINT('',(-0.0093685742366285,-0.00579340215009954,0.066320750838899));
#4698=CARTESIAN_POINT('',(-0.0094058873726842,-0.00574839255843182,0.0663678375061723));
#4699=CARTESIAN_POINT('',(-0.0088516065417624,-0.00614167794259322,0.0657494048041181));
#4700=CARTESIAN_POINT('',(-0.00890584591882705,-0.0061130225665867,0.0657983814383492));
#4701=CARTESIAN_POINT('',(-0.00895950910580415,-0.0060838104729573,0.0658472937357686));
#4702=CARTESIAN_POINT('',(-0.0090658674578454,-0.00602445097825048,0.065945010242252));
#4703=CARTESIAN_POINT('',(-0.0091183668458739,-0.005994114416458,0.0659937925910499));
#4704=CARTESIAN_POINT('',(-0.0092181353860181,-0.00592838781370438,0.0660907732857921));
#4705=CARTESIAN_POINT('',(-0.00926520876109775,-0.00589280861202814,0.0661389497714703));
#4706=CARTESIAN_POINT('',(-0.00935168135422755,-0.005814235401153,0.0662344458542215));
#4707=CARTESIAN_POINT('',(-0.0093908847952417,-0.00577105223123898,0.0662817435910284));
#4708=CARTESIAN_POINT('',(-0.00942887499916235,-0.0057266968257972,0.0663289058590236));
#4709=CARTESIAN_POINT('',(-0.00886468738341165,-0.00611041022669392,0.0657093669753581));
#4710=CARTESIAN_POINT('',(-0.00891897909257245,-0.00608180541421876,0.0657583494529515));
#4711=CARTESIAN_POINT('',(-0.0089724327714451,-0.00605239089285224,0.0658072383569174));
#4712=CARTESIAN_POINT('',(-0.0090792978116196,-0.00599352096266156,0.0659050114396968));
#4713=CARTESIAN_POINT('',(-0.00913248844126155,-0.0059638522818448,0.0659538709718363));
#4714=CARTESIAN_POINT('',(-0.0092344220141197,-0.00590021754413374,0.0660510934119416));
#4715=CARTESIAN_POINT('',(-0.00928294422567605,-0.00586603821524684,0.0660994316732333));
#4716=CARTESIAN_POINT('',(-0.00937215989476425,-0.0057901153775933,0.0661952340450694));
#4717=CARTESIAN_POINT('',(-0.00941263262063625,-0.00574815859683408,0.0662426735089397));
#4718=CARTESIAN_POINT('',(-0.009451323561223,-0.0057044802465317,0.0662899140204841));
#4719=CARTESIAN_POINT('',(-0.00894502070242993,-0.00607478054079207,0.0670457015407199));
#4720=CARTESIAN_POINT('',(-0.00880203201420664,-0.00625067983053811,0.0669589487273082));
#4721=CARTESIAN_POINT('',(-0.00865904332598335,-0.00642657912028416,0.0668721959138966));
#4722=CARTESIAN_POINT('',(-0.00851605463776006,-0.0066024784100302,0.0667854431004849));
#4723=CARTESIAN_POINT('',(-0.00923307887322002,-0.00590365117986024,0.0660638548872389));
#4724=CARTESIAN_POINT('',(-0.00905487907191036,-0.00608991992063082,0.0661010318045344));
#4725=CARTESIAN_POINT('',(-0.00887875141778673,-0.00627819077994715,0.0661384400957155));
#4726=CARTESIAN_POINT('',(-0.00870162465911971,-0.00646549629961371,0.0661757368278857));
#4727=CARTESIAN_POINT('',(-0.0444171139896865,-0.0414373192616921,-0.00450519146348275));
#4728=CARTESIAN_POINT('',(-0.0115,-0.00756617442736,0.0568857532838));
#4729=CARTESIAN_POINT('',(-0.0150771507396,-0.0069686017257,0.0448633608625));
#4730=CARTESIAN_POINT('',(-0.0152636497439666,-0.00678051785433334,0.0447978824012));
#4731=CARTESIAN_POINT('',(-0.0154501487483334,-0.00659243398296668,0.0447324039399));
#4732=CARTESIAN_POINT('',(-0.0156366477527,-0.0064043501116,0.0446669254786));
#4733=CARTESIAN_POINT('',(-0.0148280280606401,-0.00645049910589338,0.0456444299501452));
#4734=CARTESIAN_POINT('',(-0.0150115837175023,-0.00626137197265592,0.0455896507662572));
#4735=CARTESIAN_POINT('',(-0.0151951393743645,-0.00607224483941846,0.0455348715823693));
#4736=CARTESIAN_POINT('',(-0.0153786950312267,-0.005883117706181,0.0454800923984813));
#4737=CARTESIAN_POINT('',(-0.0143122655011042,-0.00552611942469698,0.047276685986549));
#4738=CARTESIAN_POINT('',(-0.0144901012201604,-0.00533684485539458,0.0472427471681378));
#4739=CARTESIAN_POINT('',(-0.0146679369392167,-0.00514757028609218,0.0472088083497267));
#4740=CARTESIAN_POINT('',(-0.014845772658273,-0.00495829571678976,0.0471748695313156));
#4741=CARTESIAN_POINT('',(-0.0135009142952837,-0.00449757509537498,0.0498884481226294));
#4742=CARTESIAN_POINT('',(-0.0136708296493112,-0.0043129109732982,0.0498832845320508));
#4743=CARTESIAN_POINT('',(-0.0138407450033387,-0.00412824685122146,0.0498781209414722));
#4744=CARTESIAN_POINT('',(-0.0140106603573662,-0.00394358272914468,0.0498729573508936));
#4745=CARTESIAN_POINT('',(-0.0126670223202011,-0.0038439059536447,0.0526148108659677));
#4746=CARTESIAN_POINT('',(-0.0128297601259437,-0.00366770624546944,0.0526354376042207));
#4747=CARTESIAN_POINT('',(-0.0129924979316863,-0.00349150653729416,0.0526560643424737));
#4748=CARTESIAN_POINT('',(-0.0131552357374288,-0.0033153068291189,0.0526766910807268));
#4749=CARTESIAN_POINT('',(-0.0121062242532063,-0.0036655847513781,0.0544756351612291));
#4750=CARTESIAN_POINT('',(-0.0122646906469363,-0.00349698171894582,0.0545113000664396));
#4751=CARTESIAN_POINT('',(-0.0124231570406663,-0.00332837868651354,0.0545469649716501));
#4752=CARTESIAN_POINT('',(-0.0125816234343962,-0.00315977565408126,0.0545826298768606));
#4753=CARTESIAN_POINT('',(-0.0115480093529422,-0.00361797059375468,0.0563414724705448));
#4754=CARTESIAN_POINT('',(-0.0117024585162261,-0.00345766666185884,0.0563910791589364));
#4755=CARTESIAN_POINT('',(-0.01185690767951,-0.003297362729963,0.056440685847328));
#4756=CARTESIAN_POINT('',(-0.0120113568427939,-0.00313705879806716,0.0564902925357196));
#4757=CARTESIAN_POINT('',(-0.0112701867336474,-0.00365951731546524,0.0572769202859527));
#4758=CARTESIAN_POINT('',(-0.0114227542577536,-0.003503714500744,0.0573329500888844));
#4759=CARTESIAN_POINT('',(-0.0115753217818599,-0.00334791168602278,0.0573889798918162));
#4760=CARTESIAN_POINT('',(-0.0117278893059661,-0.00319210887130156,0.057445009694748));
#4761=CARTESIAN_POINT('',(-0.0107221709380732,-0.0038735563281033,0.0591358901130146));
#4762=CARTESIAN_POINT('',(-0.0108712201435413,-0.00372721814360744,0.0592036978150216));
#4763=CARTESIAN_POINT('',(-0.0110202693490095,-0.00358087995911156,0.0592715055170286));
#4764=CARTESIAN_POINT('',(-0.0111693185544776,-0.0034345417746157,0.0593393132190355));
#4765=CARTESIAN_POINT('',(-0.010451979809253,-0.0040460563803825,0.0600594058655317));
#4766=CARTESIAN_POINT('',(-0.0105993922781609,-0.00390468166764754,0.0601325685918031));
#4767=CARTESIAN_POINT('',(-0.0107468047470689,-0.00376330695491258,0.0602057313180744));
#4768=CARTESIAN_POINT('',(-0.0108942172159769,-0.0036219322421776,0.0602788940443458));
#4769=CARTESIAN_POINT('',(-0.0099243239898256,-0.00452035618738744,0.0618771564835823));
#4770=CARTESIAN_POINT('',(-0.010068695342938,-0.00438916419913466,0.0619600245450057));
#4771=CARTESIAN_POINT('',(-0.0102130666960505,-0.00425797221088188,0.0620428926064291));
#4772=CARTESIAN_POINT('',(-0.010357438049163,-0.00412678022262908,0.0621257606678525));
#4773=CARTESIAN_POINT('',(-0.00966686134667755,-0.00482216370346486,0.0627713850899789));
#4774=CARTESIAN_POINT('',(-0.009809828263455,-0.00469619092664352,0.0628586037020192));
#4775=CARTESIAN_POINT('',(-0.00995279518023245,-0.00457021814982218,0.0629458223140596));
#4776=CARTESIAN_POINT('',(-0.0100957620970099,-0.00444424537300082,0.0630330409261));
#4777=CARTESIAN_POINT('',(-0.00916973118895805,-0.0055513003730994,0.0645130356669625));
#4778=CARTESIAN_POINT('',(-0.00931010720516825,-0.005435850629481,0.0646080430046835));
#4779=CARTESIAN_POINT('',(-0.0094504832213784,-0.00532040088586258,0.0647030503424045));
#4780=CARTESIAN_POINT('',(-0.00959085923758855,-0.00520495114224418,0.0647980576801254));
#4781=CARTESIAN_POINT('',(-0.0089300657218457,-0.0059786372880082,0.0653604513784126));
#4782=CARTESIAN_POINT('',(-0.00906925521672395,-0.00586849132487146,0.0654588971309266));
#4783=CARTESIAN_POINT('',(-0.00920844471160215,-0.00575834536173472,0.0655573428834405));
#4784=CARTESIAN_POINT('',(-0.0093476342064804,-0.00564819939859798,0.0656557886359545));
#4785=CARTESIAN_POINT('',(-0.0087017872999,-0.0064656634698,0.0661757094518));
#4786=CARTESIAN_POINT('',(-0.00883989203196665,-0.0063607963485,0.0662771943649));
#4787=CARTESIAN_POINT('',(-0.00897799676403335,-0.0062559292272,0.066378679278));
#4788=CARTESIAN_POINT('',(-0.0091161014961,-0.0061510621059,0.0664801641911));
#4789=CARTESIAN_POINT('',(-0.0115127962872,-0.0071352683924,0.0568016280367));
#4790=CARTESIAN_POINT('',(-0.0579946477030028,-0.0443555900115715,0.0328627474369163));
#4791=CARTESIAN_POINT('',(0.005848,0.00349820985671279,0.0462834782491128));
#4792=CARTESIAN_POINT('',(0.0095,0.00349820985671279,0.0462834782491128));
#4793=CARTESIAN_POINT('',(0.01,-0.0335638217829933,0.00992855339059327));
#4794=CARTESIAN_POINT('',(0.00534544116559438,0.00686631273045972,0.0421560600419105));
#4795=CARTESIAN_POINT('',(0.00551379608235281,0.00669372592509365,0.0421693732082902));
#4796=CARTESIAN_POINT('',(0.00568148558744042,0.0065205038528229,0.0421858611754419));
#4797=CARTESIAN_POINT('',(0.00584307779811371,0.00635312189181864,0.0422157724112999));
#4798=CARTESIAN_POINT('',(0.0056093118447224,0.00711746189281209,0.0425216946817987));
#4799=CARTESIAN_POINT('',(0.00577766676148083,0.00694148065282201,0.0425251528957388));
#4800=CARTESIAN_POINT('',(0.00594535626656844,0.00676467461192235,0.0425294357925509));
#4801=CARTESIAN_POINT('',(0.00610694847724173,0.00658540243413785,0.0425372055033664));
#4802=CARTESIAN_POINT('',(-0.00584578467258754,0.00296951619760926,0.0457547845900093));
#4803=CARTESIAN_POINT('',(0.0102445823151489,-0.0126982031015505,0.0300870652908495));
#4804=CARTESIAN_POINT('',(-0.0209922653247346,-0.00794576808869449,0.0348395003037055));
#4805=CARTESIAN_POINT('',(-0.0102,0.0140651795072695,-0.0194864464156414));
#4806=CARTESIAN_POINT('',(-0.00585,0.0118765121713358,-0.00187708582005718));
#4807=CARTESIAN_POINT('',(-1.7347234759768E-18,0.0063647316076,0.0055));
#4808=CARTESIAN_POINT('',(-1.7347234759768E-18,0.0063647316076,0.0375));
#4809=MECHANICAL_DESIGN_GEOMETRIC_PRESENTATION_REPRESENTATION('',(#1641),
#4810);
#4810=(
GEOMETRIC_REPRESENTATION_CONTEXT(3)
GLOBAL_UNCERTAINTY_ASSIGNED_CONTEXT((#4811))
GLOBAL_UNIT_ASSIGNED_CONTEXT((#4814,#4813,#4812))
REPRESENTATION_CONTEXT('FINGER PAD_t30_R','TOP_LEVEL_ASSEMBLY_PART')
);
#4811=UNCERTAINTY_MEASURE_WITH_UNIT(LENGTH_MEASURE(2.E-5),#4814,
'DISTANCE_ACCURACY_VALUE','Maximum Tolerance applied to model');
#4812=(
NAMED_UNIT(*)
SI_UNIT($,.STERADIAN.)
SOLID_ANGLE_UNIT()
);
#4813=(
NAMED_UNIT(*)
PLANE_ANGLE_UNIT()
SI_UNIT($,.RADIAN.)
);
#4814=(
LENGTH_UNIT()
NAMED_UNIT(*)
SI_UNIT($,.METRE.)
);
#4815=PRODUCT_DEFINITION_SHAPE('','',#4816);
#4816=PRODUCT_DEFINITION('','',#4818,#4817);
#4817=PRODUCT_DEFINITION_CONTEXT('',#4824,'design');
#4818=PRODUCT_DEFINITION_FORMATION_WITH_SPECIFIED_SOURCE('','',#4820,
 .NOT_KNOWN.);
#4819=PRODUCT_RELATED_PRODUCT_CATEGORY('','',(#4820));
#4820=PRODUCT('FINGER PAD_t30_R','FINGER PAD_t30_R','FINGER PAD_t30_R',
(#4822));
#4821=PRODUCT_CATEGORY('','');
#4822=PRODUCT_CONTEXT('',#4824,'mechanical');
#4823=APPLICATION_PROTOCOL_DEFINITION('international standard',
'ap242_managed_model_based_3d_engineering',2020,#4824);
#4824=APPLICATION_CONTEXT('managed model based 3d engineering');
ENDSEC;
END-ISO-10303-21;
